iso3,year,inflation
AFG,2024,-6.60118564073726
AFG,2023,-4.64470870797775
AFG,2022,13.7121023720065
AFG,2021,5.13320340824963
AFG,2020,5.60188791482224
AFG,2019,2.30237251516834
AFG,2018,0.626149149168847
AFG,2017,4.97595150553833
AFG,2016,4.38389195513915
AFG,2015,-0.661709164713742
AFG,2014,4.67399603536345
AFG,2013,7.38577178397855
AFG,2012,6.44121280934117
AFG,2011,11.8041858089129
AFG,2010,2.17853752389419
AFG,2009,-6.81116108898996
AFG,2008,26.4186641547444
AFG,2007,8.68057078513406
AFG,2006,6.78459655001655
AFG,2005,12.6862687216715
ALB,2025,2.14618551167388
ALB,2024,2.21587375089992
ALB,2023,4.75834555150038
ALB,2022,6.72520271530059
ALB,2021,2.04147163139545
ALB,2020,1.62088661717021
ALB,2019,1.41109078954242
ALB,2018,2.02805963071135
ALB,2017,1.98666133171194
ALB,2016,1.27543168367423
ALB,2015,1.89617402592356
ALB,2014,1.62586504402614
ALB,2013,1.93762080205223
ALB,2012,2.03159268395296
ALB,2011,3.42807130141501
ALB,2010,3.6271009151748
ALB,2009,2.26692209450826
ALB,2008,3.32087090389275
ALB,2007,2.93268248162317
ALB,2006,2.37072831904284
ALB,2005,2.36658195679795
ALB,2004,2.28001916938099
ALB,2003,0.484002611818503
ALB,2002,7.77052583431551
ALB,2001,3.10758827031435
ALB,2000,0.0500181363468103
ALB,1999,0.389437653561628
ALB,1998,20.6428588670596
ALB,1997,33.1802743753956
ALB,1996,12.7254778087102
ALB,1995,7.79321853789215
ALB,1994,22.5650526933696
ALB,1993,85.0047512387157
ALB,1992,226.005421253526
DZA,2025,1.41835151429016
DZA,2024,4.04611455313434
DZA,2023,9.32217375928322
DZA,2022,9.26551551551553
DZA,2021,7.22606307415477
DZA,2020,2.41513094083414
DZA,2019,1.95176821052892
DZA,2018,4.26999020467084
DZA,2017,5.59111590961664
DZA,2016,6.39769480268757
DZA,2015,4.78444700693889
DZA,2014,2.91692692067458
DZA,2013,3.25423910998847
DZA,2012,8.89145091062317
DZA,2011,4.5242115050527
DZA,2010,3.91106195534028
DZA,2009,5.73706036145628
DZA,2008,4.85859062814939
DZA,2007,3.67899574741699
DZA,2006,2.31149918514424
DZA,2005,1.38244656662118
DZA,2004,3.96180030257187
DZA,2003,4.268953958395
DZA,2002,1.41830192345051
DZA,2001,4.22598834854673
DZA,2000,0.339163189071768
DZA,1999,2.64551113392799
DZA,1998,4.95016163793114
DZA,1997,5.73352275357187
DZA,1996,18.6790758601749
DZA,1995,29.7796264864999
DZA,1994,29.0476561173071
DZA,1993,20.5403261235827
DZA,1992,31.6696619117149
DZA,1991,25.8863869348514
DZA,1990,16.6525343885432
DZA,1989,9.30436125843166
DZA,1988,5.91154496373489
DZA,1987,7.44126091287247
DZA,1986,12.3716091651299
DZA,1985,10.4822870444467
DZA,1984,8.116397955171
DZA,1983,5.9671639303272
DZA,1982,6.54250963007673
DZA,1981,14.6548426360634
DZA,1980,9.51782449754963
DZA,1979,11.3486005086091
DZA,1978,17.5239234455033
DZA,1977,11.989283322105
DZA,1976,9.43073540174557
DZA,1975,8.23031665265143
DZA,1974,4.69961240341694
DZA,1973,6.17283950622715
DZA,1972,3.65630712983236
DZA,1971,2.62664165105635
DZA,1970,6.59999999900017
AGO,2025,20.1620197572331
AGO,2024,28.2404948915772
AGO,2023,13.6441017767715
AGO,2022,21.3552901320822
AGO,2021,25.7542948841891
AGO,2020,22.271539247051
AGO,2019,17.080954143438
AGO,2018,19.6289379701521
AGO,2017,29.8444799015679
AGO,2016,30.6944150806719
AGO,2015,9.35597215533784
AGO,2014,7.28038730361121
AGO,2013,8.77781429332624
AGO,2012,10.2779049218839
AGO,2011,13.4824679218511
AGO,2010,14.4696564932577
AGO,2009,13.7302839288408
AGO,2008,12.4758291326398
AGO,2007,12.2514974459487
AGO,2006,13.3052101780032
AGO,2005,22.953513851394
AGO,2004,43.5421067519687
AGO,2003,98.2241436573304
AGO,2002,108.897436089429
AGO,2001,152.561022469299
AGO,2000,324.996871601321
AGO,1999,248.195902412868
AGO,1998,107.284821528298
AGO,1997,219.176721172974
AGO,1996,4145.10598220638
AGO,1995,2666.45059288538
AGO,1994,949.792531120332
AGO,1993,1378.52760736196
AGO,1992,299.509803921569
AGO,1991,83.7837837837838
ATG,2025,1.36873527521954
ATG,2024,6.19886698842116
ATG,2023,5.06713865364213
ATG,2022,7.53107834634288
ATG,2021,2.06299638545334
ATG,2020,0.625989707046719
ATG,2019,1.43135598182984
ATG,2018,1.20715793367008
ATG,2017,2.43248789041363
ATG,2016,-0.489437796230499
ATG,2015,0.968993458825638
ATG,2014,1.08944157435355
ATG,2013,1.05949782356169
ATG,2012,3.37688044338874
ATG,2011,3.4567496723461
ATG,2010,3.37002540220148
ATG,2009,-0.550159995508914
ATG,2008,5.33380639820233
ATG,2007,1.41605259409741
ATG,2006,1.78778537419121
ATG,2005,2.09875196709308
ATG,2004,2.03007757853236
ATG,2003,1.99353055152454
ATG,2002,2.40765801293491
ATG,2001,1.40279663573988
ATG,2000,0.77177979690018
ATG,1999,1.12128789571146
ARG,2024,219.883929014578
ARG,2023,133.488935594175
ARG,2022,72.430757531824
ARG,2021,48.4093786255199
ARG,2020,42.0150947376509
ARG,2019,53.5483043492339
ARG,2018,34.2772237131003
ARM,2025,3.30693341072904
ARM,2024,0.269511978259125
ARM,2023,1.98041877615554
ARM,2022,8.64091108973855
ARM,2021,7.18483629443371
ARM,2020,1.21143577838465
ARM,2019,1.44344660770698
ARM,2018,2.52023382001638
ARM,2017,0.969553268816138
ARM,2016,-1.403607559009
ARM,2015,3.73169119261693
ARM,2014,2.98130868933672
ARM,2013,5.78966778544651
ARM,2012,2.55802007757907
ARM,2011,7.65000807859294
ARM,2010,8.17636138473952
ARM,2009,3.40676682683801
ARM,2008,8.94995335353387
ARM,2007,4.40736089644516
ARM,2006,2.89235662459004
ARM,2005,0.638928002410097
ARM,2004,6.96126135875795
ARM,2003,4.7215533660534
ARM,2002,1.06004929341667
ARM,2001,3.1459046468502
ARM,2000,-0.790883768934757
ARM,1999,0.648245760470385
ARM,1998,8.67248632385158
ARM,1997,13.960764121791
ARM,1996,18.681185640036
ARM,1995,175.951325534583
ARM,1994,3373.75944336293
ABW,2019,4.25746204335427
ABW,2018,3.6260414135296
ABW,2017,-1.02828178762012
ABW,2016,-0.93119598707956
ABW,2015,0.474763597342641
ABW,2014,0.421440918881214
ABW,2013,-2.37206524252261
ABW,2012,0.627471992893372
ABW,2011,4.31629742195203
ABW,2010,2.07814071860786
ABW,2009,-2.13542872046937
ABW,2008,8.95598705177784
ABW,2007,5.39256784475516
ABW,2006,3.60802438784541
ABW,2005,3.39778677828805
ABW,2004,2.52912946932762
ABW,2003,3.65636507938418
ABW,2002,3.31524678585423
ABW,2001,2.88360430316263
ABW,2000,4.04402131190512
ABW,1999,2.28037198258753
ABW,1998,1.8694885361554
ABW,1997,2.99994809778412
ABW,1996,3.22528797213979
ABW,1995,3.36139107320898
ABW,1994,6.31107971270439
ABW,1993,5.2155599603571
ABW,1992,3.87337536996479
ABW,1991,5.55555555555579
ABW,1990,5.83668775158165
ABW,1989,3.99162804604575
ABW,1988,3.12186849610722
ABW,1987,3.64304545817705
ABW,1986,1.07396640826828
ABW,1985,4.03225805628628
AUS,2025,2.87403791660173
AUS,2024,3.16656665428797
AUS,2023,5.59701792296707
AUS,2022,6.59409658717841
AUS,2021,2.86391284709318
AUS,2020,0.846900734607273
AUS,2019,1.610770929127
AUS,2018,1.91140002818579
AUS,2017,1.94864309065653
AUS,2016,1.27699365720306
AUS,2015,1.50836803138463
AUS,2014,2.48792932080492
AUS,2013,2.44988248109259
AUS,2012,1.76278299052228
AUS,2011,3.30384784681081
AUS,2010,2.9183370211222
AUS,2009,1.77112025681656
AUS,2008,4.35029726664093
AUS,2007,2.32761442623159
AUS,2006,3.55528696972984
AUS,2005,2.69182949622197
AUS,2004,2.34325687131265
AUS,2003,2.73259754838937
AUS,2002,2.98157117047457
AUS,2001,4.40712998561533
AUS,2000,4.45743705920869
AUS,1999,1.48313946657267
AUS,1998,0.860129922016289
AUS,1997,0.224895027032537
AUS,1996,2.61537902431631
AUS,1995,4.62776445368168
AUS,1994,1.96963507094102
AUS,1993,1.75365751770527
AUS,1992,1.01222824105977
AUS,1991,3.17666872277308
AUS,1990,7.33302368375269
AUS,1989,7.53389852824955
AUS,1988,7.2159571679871
AUS,1987,8.53300355802082
AUS,1986,9.05035323321654
AUS,1985,6.73468599874501
AUS,1984,3.96040844503847
AUS,1983,10.0389003957519
AUS,1982,11.3518321308515
AUS,1981,9.48766136649872
AUS,1980,10.1358489396034
AUS,1979,9.12202056872265
AUS,1978,8.00490439376775
AUS,1977,12.3098267517375
AUS,1976,13.3229029796495
AUS,1975,15.1624202011615
AUS,1974,15.4166772694776
AUS,1973,9.09090432931634
AUS,1972,6.02410407984535
AUS,1971,6.13810838730341
AUS,1970,3.43915186655203
AUS,1969,3.27868697620866
AUS,1968,2.52100718278494
AUS,1967,3.47825912694824
AUS,1966,3.2934114693033
AUS,1965,3.40558476676981
AUS,1964,2.86622669884314
AUS,1963,0.641025285901932
AUS,1962,-0.319488641462281
AUS,1961,2.28758040719309
AUS,1960,3.7288215039735
AUT,2025,3.52719439956928
AUT,2024,2.93791574279376
AUT,2023,7.81413417002831
AUT,2022,8.54686993188458
AUT,2021,2.7666666666667
AUT,2020,1.38191063351854
AUT,2019,1.53089564152644
AUT,2018,1.99837981429549
AUT,2017,2.08126911385587
AUT,2016,0.891591752655362
AUT,2015,0.89656333526032
AUT,2014,1.60581182954474
AUT,2013,2.00015616900597
AUT,2012,2.48567562177015
AUT,2011,3.2865791487538
AUT,2010,1.81353438995062
AUT,2009,0.506308827696504
AUT,2008,3.2159503323988
AUT,2007,2.16855528800757
AUT,2006,1.44154851119017
AUT,2005,2.29913785639286
AUT,2004,2.0612061803287
AUT,2003,1.35555370896445
AUT,2002,1.81035787764129
AUT,2001,2.65000077279529
AUT,2000,2.34486285357281
AUT,1999,0.568993765885531
AUT,1998,0.922467196680849
AUT,1997,1.30597857227691
AUT,1996,1.86097115760437
AUT,1995,2.24336631500898
AUT,1994,2.95340936761081
AUT,1993,3.6317852494318
AUT,1992,4.02084780038554
AUT,1991,3.33742703474792
AUT,1990,3.26187231878573
AUT,1989,2.56834829029372
AUT,1988,1.91571684671249
AUT,1987,1.40195271783983
AUT,1986,1.70544456731966
AUT,1985,3.18951681805195
AUT,1984,5.66318573909345
AUT,1983,3.33916453409536
AUT,1982,5.43603082512851
AUT,1981,6.80304177599254
AUT,1980,6.32832536226104
AUT,1979,3.70740096353414
AUT,1978,3.57431857551213
AUT,1977,5.49461568127671
AUT,1976,7.31868545106923
AUT,1975,8.44525863917964
AUT,1974,9.52178819742244
AUT,1973,7.5310780382712
AUT,1972,6.35514612686787
AUT,1971,4.70425813828696
AUT,1970,4.37282441582134
AUT,1969,3.08040419539536
AUT,1968,2.76486447339763
AUT,1967,3.97467292898837
AUT,1966,2.05482059257982
AUT,1965,4.93091637676274
AUT,1964,3.86856354936629
AUT,1963,2.70876699499822
AUT,1962,4.38179863851183
AUT,1961,3.54223986727563
AUT,1960,1.94574935198645
AZE,2025,5.62208788068338
AZE,2024,2.21217188919901
AZE,2023,8.78543049849081
AZE,2022,13.8522590144267
AZE,2021,6.65029912708779
AZE,2020,2.75980947008127
AZE,2019,2.61057182799215
AZE,2018,2.26854690373999
AZE,2017,12.9359184187335
AZE,2016,12.4433748584372
AZE,2015,4.02768573742726
AZE,2014,1.37344181533176
AZE,2013,2.41571745279419
AZE,2012,1.06621339720303
AZE,2011,7.8583333333334
AZE,2010,5.72687224669605
AZE,2009,1.45704835970321
AZE,2008,20.8490871772712
AZE,2007,16.6997549618244
AZE,2006,8.32892482863209
AZE,2005,9.6795073191705
AZE,2004,6.70893042797786
AZE,2003,2.23386492967049
AZE,2002,2.7711647199827
AZE,2001,1.5471959015228
AZE,2000,1.80500303704356
AZE,1999,-8.52517000536063
AZE,1998,-0.772697886033166
AZE,1997,3.67434809684727
AZE,1996,19.7948028061899
AZE,1995,411.759641777268
AZE,1994,1662.21594875899
AZE,1993,1128.00002429404
AZE,1992,-10.6300971576201
BHS,2024,0.409162489083286
BHS,2023,3.05291578969743
BHS,2022,5.60540633583044
BHS,2021,2.90491262928478
BHS,2020,0.0385210980054558
BHS,2019,2.49123527368046
BHS,2018,2.26586346678736
BHS,2017,1.51820700736147
BHS,2016,-0.346376929989397
BHS,2015,1.86148302863371
BHS,2014,1.51375643050831
BHS,2013,0.722414784530551
BHS,2012,1.97336755976254
BHS,2011,3.1987814166032
BHS,2010,1.34402738392836
BHS,2009,2.06273473452682
BHS,2008,4.4895599537506
BHS,2007,2.49257794939396
BHS,2006,2.38982627439254
BHS,2005,1.59160618079802
BHS,2004,0.981914036757662
BHS,2003,3.02504526252236
BHS,2002,2.17357792508093
BHS,2001,2.04498977505121
BHS,2000,1.60632941740579
BHS,1999,1.2542482602363
BHS,1998,1.33661336613371
BHS,1997,0.544150383378688
BHS,1996,1.37913741223666
BHS,1995,2.06699495410042
BHS,1994,1.39933423745548
BHS,1993,2.72289766970591
BHS,1992,5.73819886173447
BHS,1991,7.11468120203628
BHS,1990,4.66931912018676
BHS,1989,5.38765822784807
BHS,1988,4.40241182786764
BHS,1987,5.75646401118136
BHS,1986,5.43378154356233
BHS,1985,4.60500963391135
BHS,1984,3.96634615384615
BHS,1983,3.99999999999994
BHS,1982,6.01262101667498
BHS,1981,11.1144984973891
BHS,1980,12.0978372310682
BHS,1979,9.09139326792413
BHS,1978,6.10907035899874
BHS,1977,3.1898763705574
BHS,1976,4.25583657583811
BHS,1975,10.3596349973051
BHS,1974,13.0718458387012
BHS,1973,5.48175416169897
BHS,1972,6.83081131902369
BHS,1971,4.61497182668251
BHS,1970,6.15209342130048
BHS,1969,8.93577412289434
BHS,1968,4.54103146287562
BHS,1967,5.43775649904798
BHR,2025,-0.137708855447902
BHR,2024,0.919635459817651
BHR,2023,0.0746206782192256
BHR,2022,3.62574104304482
BHR,2021,-0.60631938514085
BHR,2020,-2.31770629331379
BHR,2019,1.00582004702137
BHR,2018,2.08766938046978
BHR,2017,1.38671830576406
BHR,2016,2.78679347602044
BHR,2015,1.84862742374977
BHR,2014,2.64755321246189
BHR,2013,3.30001156888442
BHR,2012,2.75739669962979
BHR,2011,-0.40004069748808
BHR,2010,1.96188468334623
BHR,2009,2.79551283550412
BHR,2008,3.52600316363721
BHR,2007,3.25666666666703
BHR,2006,2.00746965452849
BHR,2005,2.58620689655173
BHR,2004,2.35294117647062
BHR,2003,1.59362549800787
BHR,2002,-0.495540138751154
BHR,2001,-1.20757180156659
BHR,2000,-0.70485295309079
BHR,1999,-1.2875879718491
BHR,1998,-0.366533864541774
BHR,1997,2.43155133955926
BHR,1996,-0.452227382530348
BHR,1995,2.70403475064704
BHR,1994,0.816910897759778
BHR,1993,2.53886010362695
BHR,1992,-0.172413793103312
BHR,1991,0.764419735927609
BHR,1990,0.929335437489093
BHR,1989,1.48589732182571
BHR,1988,0.303435966086578
BHR,1987,-1.7450017537706
BHR,1986,-2.2960932141956
BHR,1985,-2.6359693029697
BHR,1984,0.322399250235326
BHR,1983,2.97239915075073
BHR,1982,8.88571308471459
BHR,1981,11.3445968083975
BHR,1980,3.86952505941503
BHR,1979,2.20599195116767
BHR,1978,15.7855375941987
BHR,1977,17.7311208942373
BHR,1976,22.495766575964
BHR,1975,16.1597821153707
BHR,1974,24.3929983061798
BHR,1973,14.3318269849978
BHR,1972,5.08819538648815
BHR,1971,5.78947368498404
BHR,1970,1.62898127839351
BHR,1969,-0.19412763892392
BHR,1968,3.25732899024462
BHR,1967,4.2580982230929
BHR,1966,2.13447171852241
BGD,2025,8.7687628116114
BGD,2024,10.4657482763412
BGD,2023,9.8835030377921
BGD,2022,7.69695437176898
BGD,2021,5.54565430773473
BGD,2020,5.69107474746211
BGD,2019,5.59199639930629
BGD,2018,5.54362139486476
BGD,2017,5.70207015717239
BGD,2016,5.51352572692995
BGD,2015,6.19428022984984
BGD,2014,6.99163889220849
BGD,2013,7.53040640913172
BGD,2012,6.21750422069284
BGD,2011,11.3951651552399
BGD,2010,8.12667639169917
BGD,2009,5.42347236174679
BGD,2008,8.90194489465154
BGD,2007,9.10698496905383
BGD,2006,6.76526117054757
BGD,2005,7.04661816222039
BGD,2004,7.5875363850469
BGD,2003,5.66870773441476
BGD,2002,3.33256493271913
BGD,2001,2.0071737421384
BGD,2000,2.20825620937535
BGD,1999,6.10669589841958
BGD,1998,8.40223795613228
BGD,1997,5.30560105668802
BGD,1996,2.37712902953223
BGD,1995,10.2978117947206
BGD,1994,5.31374007936498
BGD,1993,3.01481859989799
BGD,1992,3.63407691798491
BGD,1991,6.35736412278234
BGD,1990,6.12671846981458
BGD,1989,6.04547975596244
BGD,1988,7.41276595744666
BGD,1987,9.87469609126633
BRB,2025,0.846576563196289
BRB,2024,1.4464366430616
BRB,2023,3.18718905472632
BRB,2019,1.67662473276988
BRB,2018,3.1060057242059
BRB,2017,4.66018463955995
BRB,2016,1.28192813061895
BRB,2015,-1.11278992510958
BRB,2014,1.76950322089729
BRB,2013,1.81410436049096
BRB,2012,4.53334753888775
BRB,2011,9.4322024017722
BRB,2010,5.82421853311866
BRB,2009,3.64386189258337
BRB,2008,8.1081081081078
BRB,2007,4.0342298288507
BRB,2006,7.3076626282894
BRB,2005,6.08218729535043
BRB,2004,1.39442231075691
BRB,2003,1.61943319838054
BRB,2002,0.12524945805602
BRB,2001,2.57783490431288
BRB,2000,2.43581303489138
BRB,1999,1.56006240249605
BRB,1998,-1.26888660701213
BRB,1997,7.71053878969883
BRB,1996,2.38615222842325
BRB,1995,1.87886279357232
BRB,1994,0.0772043884602322
BRB,1993,1.11343933604483
BRB,1992,6.09389302994638
BRB,1991,6.25752663270023
BRB,1990,3.07457271078019
BRB,1989,6.19011406844119
BRB,1988,4.85885917814048
BRB,1987,3.31173110743255
BRB,1986,1.33006845161916
BRB,1985,3.91510525082796
BRB,1984,4.68579731185597
BRB,1983,5.23029878288842
BRB,1982,10.3324664370561
BRB,1981,14.5675632146887
BRB,1980,14.4305197203942
BRB,1979,13.1698355431799
BRB,1978,9.48238259101763
BRB,1977,8.35236969934998
BRB,1976,4.98676811113181
BRB,1975,20.2944687625289
BRB,1974,38.9229280878111
BRB,1973,16.8550818260213
BRB,1972,11.8766562275328
BRB,1971,7.46925566353863
BRB,1970,7.28421637368521
BRB,1969,5.83523186605493
BRB,1968,7.4887431868762
BRB,1967,3.63487515335756
BLR,2025,6.59877945951182
BLR,2024,5.78531910428005
BLR,2023,5.0005990309131
BLR,2022,15.209675274081
BLR,2021,9.46028389623099
BLR,2020,5.54814357456519
BLR,2019,5.59815595039848
BLR,2018,4.87230220550686
BLR,2017,6.03183725177795
BLR,2016,11.8365807653497
BLR,2015,13.5344897649734
BLR,2014,18.1195543526734
BLR,2013,18.3122610377873
BLR,2012,59.2197360232519
BLR,2011,53.2286983118172
BLR,2010,7.73574804312515
BLR,2009,12.9456563410402
BLR,2008,14.8378764828254
BLR,2007,8.42675273505306
BLR,2006,6.99712903535591
BLR,2005,10.3388794457932
BLR,2004,18.1082424937646
BLR,2003,28.3978399133474
BLR,2002,42.5375481348794
BLR,2001,61.1349331618477
BLR,2000,168.620235850933
BLR,1999,293.678750889773
BLR,1998,72.8697170535353
BLR,1997,63.937366335748
BLR,1996,52.7120767531954
BLR,1995,709.346032118606
BLR,1994,2221.01656992039
BLR,1993,1190.22923349187
BEL,2025,2.46705543774613
BEL,2024,3.14349136500041
BEL,2023,4.04901077613941
BEL,2022,9.597511728725
BEL,2021,2.44024851144084
BEL,2020,0.740791812220344
BEL,2019,1.43681956996438
BEL,2018,2.05316499865178
BEL,2017,2.12597086002616
BEL,2016,1.97385264653163
BEL,2015,0.561429152790158
BEL,2014,0.340002833356922
BEL,2013,1.1130959402754
BEL,2012,2.83966343445899
BEL,2011,3.5320821072274
BEL,2010,2.18929920422458
BEL,2009,-0.0531456741254177
BEL,2008,4.48944420508404
BEL,2007,1.8230563002681
BEL,2006,1.79120770070454
BEL,2005,2.78143263670029
BEL,2004,2.09728311239316
BEL,2003,1.58896399970372
BEL,2002,1.64521436175361
BEL,2001,2.46925823086083
BEL,2000,2.544517761909
BEL,1999,1.12084823417847
BEL,1998,0.94925028835061
BEL,1997,1.62816049512954
BEL,1996,2.07702107350675
BEL,1995,1.46796699090272
BEL,1994,2.377540844764
BEL,1993,2.75442643473462
BEL,1992,2.42795567164615
BEL,1991,3.2153106926081
BEL,1990,3.44831217961808
BEL,1989,3.10705065111094
BEL,1988,1.16093493415331
BEL,1987,1.55338261314945
BEL,1986,1.2943681910248
BEL,1985,4.8687339949694
BEL,1984,6.34177491009128
BEL,1983,7.66160983743883
BEL,1982,8.72654906555471
BEL,1981,7.62748656814271
BEL,1980,6.64868829655353
BEL,1979,4.46908394900487
BEL,1978,4.47059331592944
BEL,1977,7.09600059132598
BEL,1976,9.06860981054961
BEL,1975,12.7681985920516
BEL,1974,12.6778877513451
BEL,1973,6.95528008719914
BEL,1972,5.44843128438075
BEL,1971,4.34362854612101
BEL,1970,3.90847238471905
BEL,1969,3.75399229053284
BEL,1968,2.70144982931355
BEL,1967,2.73030268590902
BEL,1966,4.17434761853001
BEL,1965,4.06520137474655
BEL,1964,4.16876058564365
BEL,1963,2.14800341332196
BEL,1962,1.40460703543514
BEL,1961,0.992676260767275
BEL,1960,0.299467254769695
BLZ,2025,1.06281547952896
BLZ,2024,3.28955985952768
BLZ,2023,4.38984017487675
BLZ,2022,6.27689319447544
BLZ,2021,3.23563659237071
BLZ,2020,0.121434644614894
BLZ,2019,0.187069385181424
BLZ,2018,0.269982622646335
BLZ,2017,1.14765339305816
BLZ,2016,0.663427167917601
BLZ,2015,-0.861584009427748
BLZ,2014,1.20139964481058
BLZ,2013,0.50974776898322
BLZ,2012,1.30058074547858
BLZ,2011,1.602056156402
BLZ,2010,0.917977378808888
BLZ,2009,-1.10431044864355
BLZ,2008,6.39443100250034
BLZ,2007,2.31808274642021
BLZ,2006,-7.11376771265014
BLZ,2005,-1.1043104441191
BLZ,2004,6.39443099742399
BLZ,2003,2.31808274663101
BLZ,2002,4.24026660688645
BLZ,2001,3.65141786561502
BLZ,2000,3.06743966930585
BLZ,1999,2.62139524582746
BLZ,1998,2.1952625003759
BLZ,1997,1.1490375676054
BLZ,1996,5.96502097537242
BLZ,1995,2.88961584372151
BLZ,1994,2.56934304644295
BLZ,1993,1.4725969469368
BLZ,1992,2.39670073025188
BLZ,1991,0.76195150080688
BLZ,1990,3.05907172995786
BLZ,1989,2.12765957446807
BLZ,1988,3.13888888888894
BLZ,1987,2.01190138849529
BLZ,1986,0.799771493858953
BLZ,1985,6.2371661180555
BLZ,1984,3.38289962863707
BLZ,1983,4.99609679980487
BLZ,1982,6.83903252716288
BLZ,1981,11.2244897960225
BEN,2025,1.10155247902978
BEN,2024,1.16093089640415
BEN,2023,2.73870078406075
BEN,2022,1.35077863583527
BEN,2021,1.73353962694036
BEN,2020,3.02272119663759
BEN,2019,0.732849371241066
BEN,2018,0.919170717886054
BEN,2017,0.0432648555103608
BEN,2016,-0.793310145785624
BEN,2015,0.218785923536245
BEN,2014,-0.548757550948181
BEN,2013,0.428888888888884
BEN,2012,6.74468253340712
BEN,2011,2.7042390774728
BEN,2010,2.20783532536524
BEN,2009,0.896072355749069
BEN,2008,7.94729876067854
BEN,2007,1.29806813334152
BEN,2006,3.78217696540375
BEN,2005,5.36452085832342
BEN,2004,0.8738908308685
BEN,2003,1.48724246145442
BEN,2002,2.48916235491541
BEN,2001,3.98429547767893
BEN,2000,4.16540442290283
BEN,1999,0.326722893396866
BEN,1998,5.75331458417064
BEN,1997,3.46629590564776
BEN,1996,4.91423972637201
BEN,1995,14.4625482180894
BEN,1994,38.5308661668538
BEN,1993,0.440599214931794
BTN,2025,3.55513663074987
BTN,2024,2.76131569624098
BTN,2023,4.22934419929251
BTN,2022,5.6391667139637
BTN,2021,7.3468144053353
BTN,2020,5.62936522632508
BTN,2019,2.72643037388832
BTN,2018,2.72396386183713
BTN,2017,4.95508366985129
BTN,2016,3.21988689395718
BTN,2015,4.54814395082205
BTN,2014,8.27106093949328
BTN,2013,8.77638345268213
BTN,2012,10.919656944683
BTN,2011,8.848985699468
BTN,2010,7.03638316073019
BTN,2009,4.36112219119805
BTN,2008,8.32716049382713
BTN,2007,5.15611138758463
BTN,2006,5.00045438022541
BTN,2005,5.3126310463775
BTN,2004,4.10593698272958
BTN,2003,2.57230861693339
BTN,2002,2.45535714285714
BTN,2001,3.41478946111594
BTN,2000,4.01212081070342
BTN,1999,6.77699393553632
BTN,1998,10.5855899892463
BTN,1997,6.50548718269086
BTN,1996,8.79001381935162
BTN,1995,9.48754836789369
BTN,1994,7.00995355009951
BTN,1993,11.1980165874679
BTN,1992,15.975217361539
BTN,1991,12.2751729438893
BTN,1990,10.0118383223406
BTN,1989,8.77983718898041
BTN,1988,10.0967137576586
BTN,1987,6.33177192699079
BTN,1986,9.96447602131439
BTN,1985,1.88201230546507
BTN,1984,7.03770661157025
BTN,1983,18.0577787941154
BTN,1982,9.84677216779704
BTN,1981,9.97237569060774
BOL,2025,19.517120804733
BOL,2024,5.09976568317427
BOL,2023,2.57688800489192
BOL,2022,1.74632872945969
BOL,2021,0.737383721452275
BOL,2020,0.940742153381849
BOL,2019,1.83954504969026
BOL,2018,2.27205987230155
BOL,2017,2.8227580554717
BOL,2016,3.62321431764138
BOL,2015,4.05961041135645
BOL,2014,5.76660074579144
BOL,2013,5.73640023719607
BOL,2012,4.51560291399376
BOL,2011,9.88446419823883
BOL,2010,2.50327605844241
BOL,2009,3.34645420142014
BOL,2008,14.0068107702519
BOL,2007,8.70560923578869
BOL,2006,4.28239604802561
BOL,2005,5.39323106890663
BOL,2004,4.43738080101725
BOL,2003,3.33727499671534
BOL,2002,0.92825885161107
BOL,2001,1.58965377879568
BOL,2000,4.60822998872598
BOL,1999,2.15951626835598
BOL,1998,7.67322895675083
BOL,1997,4.70844436028193
BOL,1996,12.4254866180049
BOL,1995,10.1932067630745
BOL,1994,7.87404421467434
BOL,1993,8.52787695688003
BOL,1992,12.060323601829
BOL,1991,21.4470698171141
BOL,1990,17.1187746048239
BOL,1989,15.1734681125732
BOL,1988,16.0020910549391
BOL,1987,14.5786984489191
BOL,1986,276.335967563202
BOL,1985,11749.6396321438
BOL,1984,1281.34994174486
BOL,1983,275.586283560362
BOL,1982,123.535718565329
BOL,1981,32.1336011133424
BOL,1980,47.2416501018426
BOL,1979,19.7197167787999
BOL,1978,10.3556722757191
BOL,1977,8.10725552050415
BOL,1976,4.49401164707216
BOL,1975,7.97674602546866
BOL,1974,62.8360756029239
BOL,1973,31.4860287891618
BOL,1972,6.5115440115437
BOL,1971,3.67461430575032
BOL,1970,3.95550921099769
BOL,1969,2.20974847251324
BOL,1968,5.47062350162299
BOL,1967,11.1999999990001
BOL,1966,6.95187165775404
BOL,1965,2.86028602860271
BOL,1964,10.1818181818181
BOL,1963,-0.706357214552389
BOL,1962,5.87933142225296
BOL,1961,7.56149307183899
BOL,1960,11.5331525756195
BIH,2023,6.1059011284828
BIH,2022,14.0208440826771
BIH,2021,1.98163900587622
BIH,2020,-1.0512960076349
BIH,2019,0.56278215406123
BIH,2018,1.41710814018034
BIH,2017,0.810039425333895
BIH,2016,-1.58400833333336
BIH,2015,-1.03602303425474
BIH,2014,-0.897194054194333
BIH,2013,-0.0930456838317588
BIH,2012,2.05267452001717
BIH,2011,3.67125
BIH,2010,1.99621236745887
BIH,2009,-0.381464282453057
BIH,2008,7.42704310332953
BIH,2007,1.50077710611542
BIH,2006,6.12556615620285
BWA,2025,2.6597506179431
BWA,2024,2.81835131676251
BWA,2023,5.0676154934383
BWA,2022,11.665567478802
BWA,2021,7.24097765588442
BWA,2020,1.8903591682421
BWA,2019,2.77286442863321
BWA,2018,3.23801558947715
BWA,2017,3.30828076768219
BWA,2016,2.81495791361944
BWA,2015,3.06203169580558
BWA,2014,4.40225309243427
BWA,2013,5.88460707056817
BWA,2012,7.53690261091916
BWA,2011,8.45987233408583
BWA,2010,6.94887658743103
BWA,2009,8.02729703109582
BWA,2008,12.7021883920076
BWA,2007,7.08099847172693
BWA,2006,11.5552187914379
BWA,2005,8.6102252854644
BWA,2004,6.94570363654675
BWA,2003,9.18990265632739
BWA,2002,8.03279662527486
BWA,2001,6.55903767014862
BWA,2000,8.60148514851491
BWA,1999,7.74929619202848
BWA,1998,6.66139865665752
BWA,1997,8.71993127147747
BWA,1996,10.0828580652108
BWA,1995,10.512546081579
BWA,1994,10.5429209938218
BWA,1993,14.3308033365888
BWA,1992,16.1676123963339
BWA,1991,11.7650160839535
BWA,1990,11.3963461199556
BWA,1989,11.5750147473285
BWA,1988,8.35167956821219
BWA,1987,9.80193387398675
BWA,1986,10.0017155606022
BWA,1985,8.09457579975941
BWA,1984,8.57746904251906
BWA,1983,10.4771438105237
BWA,1982,11.1372064274689
BWA,1981,16.4280267725712
BWA,1980,13.6324251470895
BWA,1979,11.7362306367885
BWA,1978,9.04398827010362
BWA,1977,13.1687242801079
BWA,1976,11.732423613642
BWA,1975,11.9747550240953
BRA,2025,5.01675279604836
BRA,2024,4.36746407652337
BRA,2023,4.59356282283204
BRA,2022,9.28010608956873
BRA,2021,8.30165975585673
BRA,2020,3.21176803803376
BRA,2019,3.73297621216894
BRA,2018,3.66485028376729
BRA,2017,3.44637335032669
BRA,2016,8.73914352329393
BRA,2015,9.02990102416136
BRA,2014,6.32904015516139
BRA,2013,6.20431066640101
BRA,2012,5.40349914036997
BRA,2011,6.6364496221309
BRA,2010,5.03872690108075
BRA,2009,4.88803479876799
BRA,2008,5.67859390284168
BRA,2007,3.64127299102652
BRA,2006,4.18356812896909
BRA,2005,6.86953720898964
BRA,2004,6.59718509985963
BRA,2003,14.7149197228147
BRA,2002,8.45016437708331
BRA,2001,6.84035902487523
BRA,2000,7.04414105947266
BRA,1999,4.85844749902667
BRA,1998,3.19507629280052
BRA,1997,6.92671251629154
BRA,1996,15.7576656002606
BRA,1995,66.0070335542481
BRA,1994,2075.88839757325
BRA,1993,1927.38079016026
BRA,1992,951.962053052818
BRA,1991,432.786661926461
BRA,1990,2947.732772483
BRA,1989,1430.7237251472
BRA,1988,629.114509120897
BRA,1987,228.336162575513
BRA,1986,147.142826237604
BRA,1985,225.989665211895
BRA,1984,192.121733132051
BRA,1983,135.027682230473
BRA,1982,100.54335919485
BRA,1981,101.725072957927
BRN,2025,-0.302994414446762
BRN,2024,-0.388674165036461
BRN,2023,0.35706431153689
BRN,2022,3.68225030604216
BRN,2021,1.73341388450593
BRN,2020,1.94031996607184
BRN,2019,-0.390522069165529
BRN,2018,1.02505179290212
BRN,2017,-1.2605056462896
BRN,2016,-0.278693265753083
BRN,2015,-0.488347420743522
BRN,2014,-0.207108731719822
BRN,2013,0.389205053123632
BRN,2012,0.111766261400307
BRN,2011,0.13791156316954
BRN,2010,0.356869132017561
BRN,2009,1.03571774271613
BRN,2008,2.08498023715415
BRN,2007,0.967774119525101
BRN,2006,0.159888078345121
BRN,2005,1.24443711883965
BRN,2004,0.814223994682613
BRN,2003,0.299999999999967
BRN,2002,-2.31497242459321
BRN,2001,0.59589041095899
BRN,2000,1.55815247634946
BRN,1999,-0.415627597672454
BRN,1998,-0.4413793103449
BRN,1997,1.71156004489335
BRN,1996,1.99613650998078
BRN,1995,5.96664139499613
BRN,1994,2.4625184494679
BRN,1993,4.25170068027212
BRN,1992,1.27952755905515
BRN,1991,1.6
BRN,1990,2.13866293163795
BRN,1989,1.30430037109823
BRN,1988,1.19284294234596
BRN,1987,1.24685490634579
BRN,1986,1.78124288641065
BRN,1985,2.35321528424928
BRN,1984,3.07396733909727
BRN,1983,1.16618075801749
BRN,1982,6.35658914728688
BRN,1981,9.13705583756339
BGR,2025,4.58084355235697
BGR,2024,2.44651943006079
BGR,2023,9.44284140088564
BGR,2022,15.3252589264367
BGR,2021,3.29774435299506
BGR,2020,1.67244096855756
BGR,2019,3.10372944796771
BGR,2018,2.81454473824838
BGR,2017,2.06159619443141
BGR,2016,-0.798649886453617
BGR,2015,-0.104633261008479
BGR,2014,-1.4181838026484
BGR,2013,0.890093540913096
BGR,2012,2.95456829831012
BGR,2011,4.21990346601872
BGR,2010,2.43899060504117
BGR,2009,2.75320223914819
BGR,2008,12.3487195994021
BGR,2007,8.40253419005893
BGR,2006,7.26159462769947
BGR,2005,5.0388380711191
BGR,2004,6.14713074246267
BGR,2003,2.34864169582758
BGR,2002,5.81014365721826
BGR,2001,7.36093927231841
BGR,2000,10.3162621289989
BGR,1999,2.57304281890212
BGR,1998,18.6722044420641
BGR,1997,1058.37355921973
BGR,1996,121.60754244925
BGR,1995,62.0548336837992
BGR,1994,96.0573382686505
BGR,1993,72.8787913866333
BGR,1992,91.2979327269304
BGR,1991,338.449111470112
BGR,1990,23.8000000000003
BGR,1989,6.38888888888882
BGR,1988,2.36966824644544
BGR,1987,2.72638753651417
BGR,1986,2.69999999999986
BFA,2025,-0.586235316330579
BFA,2024,4.19081721344523
BFA,2023,0.742910428668918
BFA,2022,14.2902354303358
BFA,2021,3.65326761825509
BFA,2020,1.88470066518847
BFA,2019,-3.23338933983322
BFA,2018,1.95594302672532
BFA,2017,1.48299897161326
BFA,2016,0.441041448058809
BFA,2015,0.724838981070517
BFA,2014,-0.258089517535291
BFA,2013,0.533738507090536
BFA,2012,3.8181524025238
BFA,2011,2.75976724854534
BFA,2010,-0.764230734676768
BFA,2009,2.60817666368314
BFA,2008,10.6597978997424
BFA,2007,-0.230627306273049
BFA,2006,2.3331085637222
BFA,2005,6.41504018369684
BFA,2004,-0.400228702115452
BFA,2003,2.03456574053815
BFA,2002,2.17569480664608
BFA,2001,5.00743290822373
BFA,2000,-0.304212168486803
BFA,1999,-1.07261362759534
BFA,1998,5.08433344145324
BFA,1997,2.31869062176683
BFA,1996,6.09780439121741
BFA,1995,7.45884497828324
BFA,1994,25.1778762249963
BFA,1993,0.553455723541917
BFA,1992,-1.99113580736894
BFA,1991,2.16260052713423
BFA,1990,-0.504303388918912
BFA,1989,-0.481798715203334
BFA,1988,4.25561601785942
BFA,1987,-2.68178423511596
BFA,1986,-2.61174292476783
BFA,1985,6.90605782140467
BFA,1984,4.84695768186085
BFA,1983,8.15376277420427
BFA,1982,12.0597652081337
BFA,1981,7.55570560440939
BFA,1980,12.2026364968299
BFA,1979,14.9934659503595
BFA,1978,8.26914007214047
BFA,1977,29.9861042997141
BFA,1976,-8.40071877820545
BFA,1975,18.7569466058634
BFA,1974,8.71960945428422
BFA,1973,7.60389036254298
BFA,1972,-2.92335655867952
BFA,1971,2.06121817995229
BFA,1970,1.77260331451337
BFA,1969,9.65552935762118
BFA,1968,-0.28671368777001
BFA,1967,-4.33375390856906
BFA,1966,2.36410601983339
BFA,1965,-0.730252522661333
BFA,1964,1.84512319774997
BFA,1963,5.57420282915088
BFA,1962,1.67590956140175
BFA,1961,18.5621387281079
BFA,1960,7.78816199376883
BDI,2025,34.1339985744832
BDI,2024,20.2124925027847
BDI,2023,26.9414835762453
BDI,2022,18.8008786664945
BDI,2021,8.40453845076341
BDI,2020,7.32110643415521
BDI,2019,-0.686772170797359
BDI,2018,-2.81469807668465
BDI,2017,16.0525353030392
BDI,2016,5.55768961400965
BDI,2015,5.54468891259779
BDI,2014,4.40535234185293
BDI,2013,7.93795807492418
BDI,2012,18.1610453065451
BDI,2011,9.5921660597967
BDI,2010,6.49326591473993
BDI,2009,10.5554355299529
BDI,2008,24.4069510353914
BDI,2007,8.41206285772544
BDI,2006,2.74542000214241
BDI,2005,13.2520699188224
BDI,2004,8.17642937482053
BDI,2003,10.6474645658306
BDI,2002,-1.3656800532806
BDI,2001,9.29618771341889
BDI,2000,24.4320242102151
BDI,1999,3.38542427340455
BDI,1998,12.5004107653378
BDI,1997,31.1115898319695
BDI,1996,26.4367816091951
BDI,1995,19.2632536382538
BDI,1994,14.8528149833969
BDI,1993,9.67934658067928
BDI,1992,1.82333333333308
BDI,1991,8.99693873494331
BDI,1990,7.00216956651122
BDI,1989,11.6615998479958
BDI,1988,4.48679769704177
BDI,1987,7.11323763955337
BDI,1986,1.67567567567547
BDI,1985,3.80428683649425
BDI,1984,14.3168697883258
BDI,1983,8.15123135622631
BDI,1982,5.86809635722661
BDI,1981,12.1673943487938
BDI,1980,2.49851950030166
BDI,1979,36.5407569980925
BDI,1978,23.8956206469303
BDI,1977,6.83451404136489
BDI,1976,6.85655157364539
BDI,1975,15.7098745988233
BDI,1974,15.7223072990938
BDI,1973,6.00649350675306
BDI,1972,3.82855766917334
BDI,1971,3.85096274044454
BDI,1970,-0.199650611430225
BDI,1969,4.02388369733122
BDI,1968,6.05726872222518
BDI,1967,-1.08932461874253
BDI,1966,4.43686006769088
CPV,2025,2.34333897365163
CPV,2024,1.04817001091965
CPV,2023,3.72437517668748
CPV,2022,7.93092925430087
CPV,2021,1.86215297494647
CPV,2020,0.605795808395385
CPV,2019,1.10666674296063
CPV,2018,1.25699566690509
CPV,2017,0.784415251101334
CPV,2016,-1.40781637091706
CPV,2015,0.131187999024545
CPV,2014,-0.238778144990624
CPV,2013,1.50654285701407
CPV,2012,2.54039644167109
CPV,2011,4.47388342165023
CPV,2010,2.07866470906424
CPV,2009,0.991103480568085
CPV,2008,6.77443546371143
CPV,2007,4.41099704193489
CPV,2006,5.36907687065549
CPV,2005,0.41889161285517
CPV,2004,-1.8908217230618
CPV,2003,1.18817038620528
CPV,2002,1.88453410076765
CPV,2001,3.34996472317894
CPV,2000,-2.47745668519835
CPV,1999,4.35643374510453
CPV,1998,4.39423509983477
CPV,1997,8.55606258148634
CPV,1996,5.96361961777576
CPV,1995,8.35152497972927
CPV,1994,3.45205833010708
CPV,1993,5.78839590443697
CPV,1992,3.11666432682861
CPV,1991,9.55090741310361
CPV,1990,10.6535057862491
CPV,1989,4.55516014234884
CPV,1988,4.07407407407384
CPV,1987,3.84615384615409
CPV,1986,10.8742004264391
CPV,1985,5.39325842696639
CPV,1984,11.2499999999997
KHM,2025,2.35127105896507
KHM,2024,0.808042016536654
KHM,2023,2.12746796594194
KHM,2022,5.34370264895437
KHM,2021,2.92073477592949
KHM,2020,2.9402951426397
KHM,2019,1.94257500833107
KHM,2018,2.45908515380146
KHM,2017,2.91263557371478
KHM,2016,3.01913975139128
KHM,2015,1.22393195511119
KHM,2014,3.85568861424207
KHM,2013,2.94162509547349
KHM,2012,2.93431609293951
KHM,2011,5.4784474961745
KHM,2010,3.99639528107218
KHM,2009,-1.24171754189637
KHM,2008,24.096851930605
KHM,2007,8.70882770568049
KHM,2006,5.81068550464306
KHM,2005,6.61525912001587
KHM,2004,4.31933677434786
KHM,2003,0.94174611779921
KHM,2002,0.211466568022607
KHM,2001,-0.600648300123686
KHM,2000,-0.791992529473567
KHM,1999,4.00820702088782
KHM,1998,14.8065035437763
KHM,1997,7.96021397777456
KHM,1996,7.15086140872796
KHM,1995,-0.798944337811878
CMR,2025,3.40373458279055
CMR,2024,4.53331349711606
CMR,2023,7.38281384280984
CMR,2022,6.24767713343861
CMR,2021,2.27185762503637
CMR,2020,2.43760882182236
CMR,2019,2.45280214062732
CMR,2018,1.0688581131292
CMR,2017,0.64040914988195
CMR,2016,0.874190383288856
CMR,2015,2.676235314199
CMR,2014,1.85489850366777
CMR,2013,2.05034718001741
CMR,2012,2.73529677529539
CMR,2011,2.93969946305091
CMR,2010,1.27538046242338
CMR,2009,3.04361847939999
CMR,2008,5.33780627627498
CMR,2007,0.921402245650095
CMR,2006,5.11757816019469
CMR,2005,2.01353950175986
CMR,2004,0.233647380067584
CMR,2003,0.623163557374316
CMR,2002,2.83442260128067
CMR,2001,4.41977245881146
CMR,2000,1.22719012976132
CMR,1999,1.87174500672008
CMR,1998,3.17075185386907
CMR,1997,4.78623881860376
CMR,1996,3.92406372749798
CMR,1995,9.06969071921509
CMR,1994,35.0944618459464
CMR,1993,-3.20655456915868
CMR,1992,-0.0160550458717418
CMR,1991,0.0600513305003455
CMR,1990,1.09938128383608
CMR,1989,-1.66552589550544
CMR,1988,1.6823326077121
CMR,1987,13.140499844701
CMR,1986,7.77002498703532
CMR,1985,8.50837434391595
CMR,1984,11.3733220902937
CMR,1983,16.6312264100787
CMR,1982,13.2570198610704
CMR,1981,10.7275000000004
CMR,1980,9.55175427642866
CMR,1979,6.58061081902716
CMR,1978,12.4630523441787
CMR,1977,14.6983091581554
CMR,1976,9.93065056369725
CMR,1975,13.5533294051262
CMR,1974,17.2329334923306
CMR,1973,10.3847487003839
CMR,1972,8.09291869579621
CMR,1971,4.01402961809857
CMR,1970,5.8580858085174
CMR,1969,-1.1015911872741
CAN,2025,2.07232411149103
CAN,2024,2.38158383281173
CAN,2023,3.87900159788426
CAN,2022,6.80280115341613
CAN,2021,3.39519318527528
CAN,2020,0.716999632307827
CAN,2019,1.94926902411593
CAN,2018,2.26822567248103
CAN,2017,1.59688412852977
CAN,2016,1.42875954701085
CAN,2015,1.12524136094277
CAN,2014,1.90663590717861
CAN,2013,0.938291897815317
CAN,2012,1.51567823124517
CAN,2011,2.91213508872351
CAN,2010,1.77687154092627
CAN,2009,0.299466803009299
CAN,2008,2.37027067444299
CAN,2007,2.13838399266837
CAN,2006,2.00202539534161
CAN,2005,2.21355203439767
CAN,2004,1.85725871857256
CAN,2003,2.75856321360112
CAN,2002,2.25839440940855
CAN,2001,2.52512013979906
CAN,2000,2.71943995691976
CAN,1999,1.73484295105918
CAN,1998,0.99594245665802
CAN,1997,1.62121638084531
CAN,1996,1.57053112507138
CAN,1995,2.14876033057849
CAN,1994,0.165562913907291
CAN,1993,1.86507936507939
CAN,1992,1.49013290374545
CAN,1991,5.62586408593005
CAN,1990,4.78047693336304
CAN,1989,4.98362189985958
CAN,1988,4.02823414871611
CAN,1987,4.3561087122174
CAN,1986,4.19478629085621
CAN,1985,3.96203054065205
CAN,1984,4.30477830391737
CAN,1983,5.86358802977368
CAN,1982,10.7689718997139
CAN,1981,12.4716124148372
CAN,1980,10.1292205085453
CAN,1979,9.14467697907181
CAN,1978,8.97372335151214
CAN,1977,7.9764453961457
CAN,1976,7.54173862982148
CAN,1975,10.672188595094
CAN,1974,10.997171145686
CAN,1973,7.48764728240211
CAN,1972,4.98802873104551
CAN,1971,2.70491803278685
CAN,1970,3.34603981363832
CAN,1969,4.56155890168292
CAN,1968,4.05529953917047
CAN,1967,3.57995226730312
CAN,1966,3.81565906838453
CAN,1965,2.33265720081135
CAN,1964,1.91214470284237
CAN,1963,1.62815126050428
CAN,1962,1.06157112526535
CAN,1961,1.01876675603211
CAN,1960,1.35869565217392
CYM,2016,-0.62525835861814
CYM,2015,-2.34752770165615
CYM,2014,1.27397911533388
CYM,2013,2.16061146813391
CYM,2012,1.18894845245608
CYM,2011,1.32543575779664
CYM,2010,0.276140861750108
CAF,2025,1.00198012768088
CAF,2024,1.47733600718744
CAF,2023,2.97913852618937
CAF,2022,5.58316735183247
CAF,2021,4.25936417542868
CAF,2020,1.71015659523153
CAF,2019,2.68537355266787
CAF,2018,1.61215686991555
CAF,2017,4.18072331871267
CAF,2016,4.94543276106518
CAF,2015,1.40297017136816
CAF,2014,14.898684179755
CAF,2013,6.98879341970198
CAF,2012,5.47829594346117
CAF,2011,1.1944757244985
CAF,2010,1.49102370047802
CAF,2009,3.52126227238643
CAF,2008,9.25895099417076
CAF,2007,0.95991761945711
CAF,2006,6.69526465773354
CAF,2005,2.88352073359022
CAF,2004,-2.06640601136303
CAF,2003,4.13470905150996
CAF,2002,2.33181703516235
CAF,2001,3.83486060237362
CAF,2000,3.20340091563112
CAF,1999,-1.41420220082551
CAF,1998,-1.8852009615791
CAF,1997,1.61131347760911
CAF,1996,3.72494110325802
CAF,1995,19.1894039735098
CAF,1994,24.5710137275605
CAF,1993,-2.91535849298335
CAF,1992,-1.03360811667777
CAF,1991,-2.76236280675762
CAF,1990,-0.0123304562272102
CAF,1989,0.689055807312738
CAF,1988,-3.96446882079366
CAF,1987,-6.98680270599974
CAF,1986,2.24515251162269
CAF,1985,10.4238402303886
CAF,1984,2.54220966810047
CAF,1983,14.6126112868811
CAF,1982,13.2960986995663
CAF,1981,-0.0333333333334091
TCD,2025,-3.9119812440659
TCD,2024,8.89950732263754
TCD,2023,10.8363568399843
TCD,2022,5.78802687843616
TCD,2021,-0.77284437035914
TCD,2020,4.46414437232861
TCD,2019,-0.971939175419401
TCD,2018,4.27462198610545
TCD,2017,-1.5370996298084
TCD,2016,-0.792440525236102
TCD,2015,4.37712665065654
TCD,2014,1.6819731392567
TCD,2013,0.222671564624551
TCD,2012,7.51662364663833
TCD,2011,2.0292405367826
TCD,2010,-2.07786574641866
TCD,2009,9.95242290748864
TCD,2008,10.2969758221254
TCD,2007,-8.9747396200927
TCD,2006,8.03628897951331
TCD,2005,7.89036567462993
TCD,2004,-5.35540028884816
TCD,2003,-1.75256941248655
TCD,2002,5.19181895195446
TCD,2001,12.4312865279941
TCD,2000,3.82260088086306
TCD,1999,-8.02505962727454
TCD,1998,4.2588511022514
TCD,1997,5.5722571112533
TCD,1996,11.3308789057282
TCD,1995,9.23032599768656
TCD,1994,41.7248972364414
TCD,1993,-8.427933486518
TCD,1992,-3.11303067214949
TCD,1991,3.19387473029496
TCD,1990,-0.738282265310918
TCD,1989,-3.68913460441471
TCD,1988,15.4775176514303
TCD,1987,-5.97484276729554
TCD,1986,-13.0565725758829
TCD,1985,5.15399900645816
TCD,1984,20.2508960573479
CHL,2025,4.21293601694293
CHL,2024,4.29763891572524
CHL,2023,7.58168251407962
CHL,2022,11.643866711056
CHL,2021,4.52456838259144
CHL,2020,3.04549084804326
CHL,2019,2.55754475703327
CHL,2018,2.43488981353057
CHL,2017,2.18271846868519
CHL,2016,3.78619355893118
CHL,2015,4.34877353217044
CHL,2014,4.71867527854672
CHL,2013,1.7895555398459
CHL,2012,3.00744840213047
CHL,2011,3.34121694259302
CHL,2010,1.41071107954321
CHL,2009,0.353045178360937
CHL,2008,8.71626873039607
CHL,2007,4.40779938398044
CHL,2006,3.39201733699405
CHL,2005,3.05257621387849
CHL,2004,1.05473871403517
CHL,2003,2.8101787574361
CHL,2002,2.48939816650705
CHL,2001,3.56910053001467
CHL,2000,3.84327295706565
CHL,1999,3.33687917526023
CHL,1998,5.11024954517559
CHL,1997,6.13386464357927
CHL,1996,7.35911781788767
CHL,1995,8.23263034116114
CHL,1994,11.4431196444973
CHL,1993,12.7277669490964
CHL,1992,15.4258064688928
CHL,1991,21.7844124277757
CHL,1990,26.0364811362364
CHL,1989,17.0279367308962
CHL,1988,14.684351250082
CHL,1987,19.8808457201905
CHL,1986,19.4768379232582
CHL,1985,30.7034989096151
CHL,1984,19.8602056602626
CHL,1983,27.2571946726204
CHL,1982,9.94102693041832
CHL,1981,19.6868327084319
CHL,1980,35.1383405330485
CHL,1979,33.3892190102252
CHL,1978,40.0872246313854
CHL,1977,91.9541325565104
CHL,1976,211.924302225904
CHL,1975,374.735274232635
CHL,1974,504.738541215978
CHL,1973,352.810986573029
CHL,1972,77.7957404755204
CHL,1971,20.0522312040536
CHN,2025,0.0595646916565403
CHN,2024,0.218128938439177
CHN,2023,0.234836828893051
CHN,2022,1.97357555739051
CHN,2021,0.981015135544882
CHN,2020,2.41942189457782
CHN,2019,2.89923416358227
CHN,2018,2.07479039965576
CHN,2017,1.59313600071436
CHN,2016,2.00000182191943
CHN,2015,1.43702380935655
CHN,2014,1.92164162788521
CHN,2013,2.62105001748115
CHN,2012,2.61952432645541
CHN,2011,5.55389892257493
CHN,2010,3.17532475269199
CHN,2009,-0.728165250932898
CHN,2008,5.92525137041092
CHN,2007,4.81676767378834
CHN,2006,1.6494309945586
CHN,2005,1.77641407667571
CHN,2004,3.82463743108159
CHN,2003,1.12760348729637
CHN,2002,-0.731970902350244
CHN,2001,0.719125609120114
CHN,2000,0.347811226864587
CHN,1999,-1.40147268276465
CHN,1998,-0.773186011549318
CHN,1997,2.78646505531882
CHN,1996,8.3131587270211
CHN,1995,16.7912268492666
CHN,1994,24.2569897243361
CHN,1993,14.6100786356602
CHN,1992,6.35398134024869
CHN,1991,3.55668565220452
CHN,1990,3.05229012075233
CHN,1989,18.2456383621648
CHN,1988,18.8118179448753
CHN,1987,7.23383553065609
COL,2025,5.14222911946201
COL,2024,6.60908593728228
COL,2023,11.7359044948689
COL,2022,10.1772313546166
COL,2021,3.49505757399448
COL,2020,2.52663500084706
COL,2019,3.52301932741447
COL,2018,3.24056932930569
COL,2017,4.31431325695011
COL,2016,7.51346024627675
COL,2015,4.9898311584953
COL,2014,2.89883787761738
COL,2013,2.01699224310383
COL,2012,3.16930188840055
COL,2011,3.4150334477625
COL,2010,2.27200227892008
COL,2009,4.20251661216482
COL,2008,6.99688495554511
COL,2007,5.54438485815156
COL,2006,4.29342363628927
COL,2005,5.05101962689696
COL,2004,5.90402005546502
COL,2003,7.1297886294186
COL,2002,6.35150728778872
COL,2001,7.96556090304834
COL,2000,9.22534818585366
COL,1999,10.8736870857471
COL,1998,18.6769799276672
COL,1997,18.4700217119089
COL,1996,20.7975755127402
COL,1995,20.8917930194849
COL,1994,22.8462417553045
COL,1993,22.4424828533275
COL,1992,27.0106266231361
COL,1991,30.3878204854436
COL,1990,29.1520245976215
COL,1989,25.8675480831988
COL,1988,28.1083969771704
COL,1987,23.302028364018
COL,1986,18.8424631612406
COL,1985,24.090174368125
COL,1984,16.1616171361426
COL,1983,19.5973170624765
COL,1982,24.7209882528585
COL,1981,27.4537624347993
COL,1980,26.5526531495356
COL,1979,24.1340757440455
COL,1978,17.7631590853462
COL,1977,33.802818357982
COL,1976,19.8312249167931
COL,1975,23.4375025650554
COL,1974,23.8709573656697
COL,1973,22.5296486781843
COL,1972,12.4444589907729
COL,1971,11.9402616979216
COL,1970,6.90862275848241
COL,1969,6.98166307955375
COL,1968,7.4475387831777
COL,1967,8.32819136425948
COL,1966,16.7281682748598
COL,1965,7.5906836693158
COL,1964,17.0724352164554
COL,1963,26.3554355250467
COL,1962,4.6970939506247
COL,1961,8.28319045648716
COL,1960,5.81407628204986
COM,2025,3.24909332306433
COM,2024,5.05192609588218
COM,2023,8.37373955490996
COM,2022,12.5320314570999
COM,2021,-0.00441793682346988
COM,2020,0.786641929499151
COM,2019,3.58213544469211
COM,2018,2.15155084413033
COM,2017,-0.237362224154613
COM,2016,0.797517430888487
COM,2015,-0.11717388419007
COM,2014,7.54755379096711
COM,2013,-4.29487331536756
COM,2012,6.31474450315177
COM,2011,1.8426630075619
COM,2010,3.35475770328919
COM,2009,4.36234829325719
COM,2008,1.7007817628453
COM,2007,4.46616710098132
COM,2006,3.37436360121204
COM,2005,3.0133239505812
COM,2004,4.47499289078107
COM,2003,3.799081366719
COM,2002,3.53304214308078
COM,2001,5.55459394816812
COD,2016,2.88585107289988
COD,2015,0.74419899478147
COD,2014,1.24303889760803
COD,2013,0.808223101487111
COD,2012,9.72182806273364
COD,2011,15.316515913949
COD,2010,7.10000000000037
COD,2009,2.79999999999982
COD,2008,17.3013845700157
COD,2007,16.945100654195
COD,2006,13.0526949745101
COD,2005,21.3168167229341
COD,2004,3.99438400815971
COD,2003,12.8739657187405
COD,2002,31.5225826025495
COD,2001,359.936614264586
COD,2000,513.906843747535
COD,1999,284.894975914087
COD,1998,29.1488069236652
COD,1997,198.516707416463
COD,1996,492.441850235414
COD,1995,541.908883239027
COD,1994,23773.1317741016
COD,1993,1986.90476190476
COD,1992,4129.16985661558
COD,1991,2154.43682711341
COD,1990,81.295404814004
COD,1989,104.06522942826
COD,1988,71.0917312661503
COD,1987,78.6703601108033
COD,1986,44.4
COD,1985,23.820784521335
COD,1984,52.2270113573208
COD,1983,76.5266976662658
COD,1982,36.6996975740914
COD,1981,35.4082648744294
COD,1980,46.6259068303308
COD,1979,101.051260411497
COD,1978,48.7690376115202
COD,1977,68.9477081989997
COD,1976,80.385959075414
COD,1975,28.6579701952268
COD,1974,29.4692810459945
COD,1973,15.6427621238194
COD,1972,15.8042153907951
COD,1971,5.77734982596516
COD,1970,8.02528404548487
COD,1969,6.17619573522314
COD,1968,53.3216727107739
COD,1967,36.9265248728318
COD,1966,15.7801012491141
COD,1965,-2.72698027762915
COD,1964,35.4210649777883
COG,2025,2.40069559361747
COG,2024,3.09143630919166
COG,2023,4.30174563591016
COG,2022,3.04344334698478
COG,2021,1.7156427545126
COG,2020,1.79537147083108
COG,2019,2.20607305781525
COG,2018,1.15277896375523
COG,2017,0.450063823285546
COG,2016,3.19056179723773
COG,2015,3.16909796750829
COG,2014,0.912139545450097
COG,2013,4.63161619729461
COG,2012,5.01018773134471
COG,2011,1.75958704273803
COG,2010,0.391525011227612
COG,2009,4.41500374795223
COG,2008,4.95875092023152
COG,2007,2.65464645060703
COG,2006,6.53784395299604
COG,2005,3.09449011456182
COG,2004,2.42976607961799
COG,2003,-0.631844987363156
COG,2002,4.37875971780873
COG,2001,0.0559899218140583
COG,2000,-0.881991517025431
COG,1999,4.14267137284048
COG,1996,10.0311203319503
COG,1995,9.41800743452228
COG,1994,42.4396750333452
COG,1993,4.92366412213743
COG,1992,-3.93546810070881
COG,1991,-1.67834968956537
COG,1990,2.88905374216947
COG,1989,-1.79698882952885
COG,1988,1.0304219823355
COG,1987,0.443568260226844
COG,1986,4.15811088295678
CRI,2025,-0.073671440596217
CRI,2024,-0.412853001047069
CRI,2023,0.525193508693455
CRI,2022,8.27477490232654
CRI,2021,1.72647755109241
CRI,2020,0.724911478131376
CRI,2019,2.09604635327807
CRI,2018,2.22111461526581
CRI,2017,1.62590692991732
CRI,2016,-0.0174788505908217
CRI,2015,0.801982005099623
CRI,2014,4.51920098516954
CRI,2013,5.23133614174428
CRI,2012,4.49545314354605
CRI,2011,4.87799830970702
CRI,2010,5.66275708420021
CRI,2009,7.84270167700654
CRI,2008,13.4244635507284
CRI,2007,9.35724456417157
CRI,2006,11.4705968149052
CRI,2005,13.7982949108987
CRI,2004,12.3148150178852
CRI,2003,9.44758091616984
CRI,2002,9.16752048509119
CRI,2001,11.2556157091172
CRI,2000,10.9615496593622
CRI,1999,10.0452817292494
CRI,1998,11.6592997742233
CRI,1997,13.2480440791191
CRI,1996,17.5114524814591
CRI,1995,23.1864981102567
CRI,1994,13.5344687273427
CRI,1993,9.77860078293777
CRI,1992,21.791168790061
CRI,1991,28.7092913706618
CRI,1990,19.0397526635649
CRI,1989,16.509808768739
CRI,1988,20.8325332309203
CRI,1987,16.8424201630394
CRI,1986,11.8350618936099
CRI,1985,15.0574196445756
CRI,1984,11.9474270118864
CRI,1983,32.6237081487831
CRI,1982,90.1213328504166
CRI,1981,37.0563415239514
CRI,1980,18.135170796071
CRI,1979,9.18841043700977
CRI,1978,6.00712709994902
CRI,1977,4.1902404526167
CRI,1976,3.48583333291706
CRI,1975,17.3692020226552
CRI,1974,30.0736292803636
CRI,1973,15.2140342204182
CRI,1972,4.60112569280858
CRI,1971,3.08304841408707
CRI,1970,4.65229749303154
CRI,1969,2.62934083658332
CRI,1968,4.09389143106836
CRI,1967,1.20834031134425
CRI,1966,0.182882837621527
CRI,1965,-0.665000000583401
CRI,1964,3.32403316018127
CRI,1963,2.93161847051352
CRI,1962,2.67785968742788
CRI,1961,2.43079391009159
CRI,1960,0.790205817960074
CIV,2025,0.125038772593104
CIV,2024,3.45053028131019
CIV,2023,4.36972254867474
CIV,2022,5.23352856100843
CIV,2021,4.15919657911798
CIV,2020,2.41252617189053
CIV,2019,0.790855512053661
CIV,2018,0.401297817263547
CIV,2017,0.685881065304603
CIV,2016,0.723178457513308
CIV,2015,1.25149954781468
CIV,2014,0.448682076766141
CIV,2013,2.58117037252936
CIV,2012,1.30451119915606
CIV,2011,4.9124339505245
CIV,2010,1.2264561213548
CIV,2009,1.01950457731138
CIV,2008,6.30852769152578
CIV,2007,1.89200629349598
CIV,2006,2.46719148596915
CIV,2005,3.88583039886482
CIV,2004,1.45798835600741
CIV,2003,3.29680746974208
CIV,2002,3.07726485157427
CIV,2001,4.36152914007256
CIV,2000,2.53077516737997
CIV,1999,0.702375805955961
CIV,1998,4.61144759515372
CIV,1997,4.02083333333306
CIV,1996,2.48080669187551
CIV,1995,14.2950690851945
CIV,1994,26.0815719947162
CIV,1993,2.16471453976754
CIV,1992,4.23138382869968
CIV,1991,1.6833484986348
CIV,1990,-0.80587969827806
CIV,1989,1.04951823790384
CIV,1988,6.93068617206515
CIV,1987,6.94330626536574
CIV,1986,9.68295473116514
CIV,1985,1.86380327150628
CIV,1984,4.28476110361871
CIV,1983,5.64042843342126
CIV,1982,7.5831258964215
CIV,1981,8.79921083308777
CIV,1980,14.7009812997866
CIV,1979,16.3423565736251
CIV,1978,13.2429868545927
CIV,1977,27.4218615091476
CIV,1976,12.0766402169566
CIV,1975,11.4442239670114
CIV,1974,17.3593884470648
CIV,1973,11.1029866698229
CIV,1972,0.310313698883911
CIV,1971,-0.443745436275745
CIV,1970,8.2051905431072
CIV,1969,4.45022854223325
CIV,1968,5.3504547886788
CIV,1967,2.29185195349457
CIV,1966,4.19131798405668
CIV,1965,2.61117612633012
CIV,1964,0.618192522743668
CIV,1963,0.943466310460198
CIV,1962,-1.34124890120529
CIV,1961,11.616492146899
HRV,2025,3.69153459605729
HRV,2024,2.97200477643626
HRV,2023,7.94128177586822
HRV,2022,10.7805806758686
HRV,2021,2.55450699642041
HRV,2020,0.154811374562106
HRV,2019,0.771820346498112
HRV,2018,1.50012501041747
HRV,2017,1.12937210282347
HRV,2016,-1.12500000000002
HRV,2015,-0.464499004645003
HRV,2014,-0.215196159576176
HRV,2013,2.21658206429779
HRV,2012,3.41207349081368
HRV,2011,2.27272727272722
HRV,2010,1.03055505333576
HRV,2009,2.37852845904671
HRV,2008,6.07696838798352
HRV,2007,2.89928275583389
HRV,2006,3.18982591472949
HRV,2005,3.31717824448043
HRV,2004,2.05539679050328
HRV,2003,1.76733780760629
HRV,2002,1.67178437393384
HRV,2001,3.77670246665889
HRV,2000,4.61131554737801
HRV,1999,4.01913875598084
HRV,1998,6.39668660837555
HRV,1997,4.17066155321186
HRV,1996,4.29999999999993
HRV,1995,3.95010395010406
HRV,1994,107.327586206896
HRV,1993,1500.0
HRV,1992,625.000000000001
HRV,1991,122.222222222222
HRV,1990,500.0
HRV,1989,1400.0
HRV,1988,185.714285714285
HRV,1987,133.333263744315
HRV,1986,50.0
CUW,2019,2.62220783425059
CUW,2018,2.58368756641814
CUW,2017,1.58558801700345
CUW,2016,-0.0472079848940293
CUW,2015,-0.476542049801405
CUW,2014,1.4987396961643
CUW,2013,1.33232086152117
CUW,2012,3.18398746349455
CUW,2011,2.3325315256217
CUW,2010,2.77944261312587
CUW,2009,1.75331605427595
CUW,2008,6.8763239367776
CUW,2007,2.99572039942908
CUW,2006,3.1149952409795
CUW,2005,4.11711711711708
CUW,2004,1.37912138094799
CUW,2003,1.63371391441571
CUW,2002,0.391389432485324
CUW,2001,1.79282868525896
CYP,2025,0.126528851920189
CYP,2024,1.80023018624824
CYP,2023,3.54134188751646
CYP,2022,8.39548297993334
CYP,2021,2.44608867175474
CYP,2020,-0.638422797978861
CYP,2019,0.250370996758493
CYP,2018,1.43549119531759
CYP,2017,0.531766496174467
CYP,2016,-1.42916666666665
CYP,2015,-2.0969976905312
CYP,2014,-1.35498885446315
CYP,2013,-0.399357676464425
CYP,2012,2.38905410042326
CYP,2011,3.2894493956421
CYP,2010,2.43004084102251
CYP,2009,0.326276652249793
CYP,2008,4.66900841902491
CYP,2007,2.37265183669718
CYP,2006,2.30468732978553
CYP,2005,2.56016132330235
CYP,2004,2.28621706801678
CYP,2003,4.13906538686852
CYP,2002,2.80115505180745
CYP,2001,1.97304191729917
CYP,2000,4.14165764702055
CYP,1999,1.62999999999997
CYP,1998,2.22770732654316
CYP,1997,3.6053444436463
CYP,1996,2.97892486481266
CYP,1995,2.61581787956336
CYP,1994,4.6985893105498
CYP,1993,4.85416666666694
CYP,1992,6.51021953065819
CYP,1991,5.03527438848104
CYP,1990,4.5020546289584
CYP,1989,3.76548048283394
CYP,1988,3.42926631536283
CYP,1987,2.79166666666697
CYP,1986,1.21836925967662
CYP,1985,5.034453663648
CYP,1984,5.99195111048441
CYP,1983,5.0497142410088
CYP,1982,6.43279726693692
CYP,1981,10.7446936083977
CYP,1980,13.5175605772583
CYP,1979,9.46370829519019
CYP,1978,7.43628329894658
CYP,1977,7.32646048101325
CYP,1976,3.85438972162729
CYP,1975,4.63948584046543
CYP,1974,16.1766666665001
CYP,1973,7.80888234052259
CYP,1972,4.83230361865654
CYP,1971,4.14400612825455
CYP,1970,2.40018825031684
CYP,1969,2.38515901013031
CYP,1968,3.76666666616697
CYP,1967,0.70493454280659
CYP,1966,0.506072874498885
CYP,1965,0.202839756594411
CYP,1964,-0.303336704752538
CYP,1963,1.95876288659843
CYP,1962,0.103199174406312
CYP,1961,-0.615384615384945
CYP,1960,0.827300930714018
CZE,2025,2.45996367838865
CZE,2024,2.43531202435314
CZE,2023,10.6612601372427
CZE,2022,15.1001651468371
CZE,2021,3.83984491500146
CZE,2020,3.1612952849781
CZE,2019,2.84787595918041
CZE,2018,2.14949494949493
CZE,2017,2.4505339846014
CZE,2016,0.683504209385703
CZE,2015,0.309364548494975
CZE,2014,0.343988589646794
CZE,2013,1.4382978723404
CZE,2012,3.28762306610411
CZE,2011,1.9172191363555
CZE,2010,1.47272727272728
CZE,2009,1.0193773532923
CZE,2008,6.3586638015237
CZE,2007,2.8531243721117
CZE,2006,2.53399258343633
CZE,2005,1.85709789109228
CZE,2004,2.76010781671153
CZE,2003,0.118739205526815
CZE,2002,1.90298097019027
CZE,2001,4.66267556988258
CZE,2000,3.77538829151729
CZE,1999,2.1354484441733
CZE,1998,10.6983655274888
CZE,1997,8.59615666715564
CZE,1996,8.75877472878111
CZE,1995,8.99052361478449
CZE,1994,10.039429835143
CZE,1993,20.8130295438428
CZE,1992,11.086500072223
DNK,2025,1.89367372703044
DNK,2024,1.37220049768926
DNK,2023,3.30517811237606
DNK,2022,7.6965669988926
DNK,2021,1.85304543989689
DNK,2020,0.420711974110025
DNK,2019,0.75813157251162
DNK,2018,0.813609467455631
DNK,2017,1.14713216957602
DNK,2016,0.250000000000031
DNK,2015,0.452034153691575
DNK,2014,0.56402054044954
DNK,2013,0.789071780078062
DNK,2012,2.3979148566464
DNK,2011,2.7586822605125
DNK,2010,2.31092436974786
DNK,2009,1.30470991024336
DNK,2008,3.41626794258374
DNK,2007,1.69326586220324
DNK,2006,1.92422138464584
DNK,2005,1.81781458291254
DNK,2004,1.15435693124934
DNK,2003,2.07507820646506
DNK,2002,2.42443661219695
DNK,2001,2.33787000255263
DNK,2000,2.90328203236461
DNK,1999,2.49779544404529
DNK,1998,1.84565122007883
DNK,1997,2.1821667790712
DNK,1996,2.12629802275577
DNK,1995,2.08360842382855
DNK,1994,1.99201463809517
DNK,1993,1.2578566795326
DNK,1992,2.09604442933214
DNK,1991,2.39515331724416
DNK,1990,2.64160306382001
DNK,1989,4.77272342435519
DNK,1988,4.53513301015727
DNK,1987,4.01999345683161
DNK,1986,3.67818411863452
DNK,1985,4.67875145183254
DNK,1984,6.29077936023769
DNK,1983,6.90822881158844
DNK,1982,10.1208256779823
DNK,1981,11.7673874344181
DNK,1980,12.3053240760183
DNK,1979,9.61105037907119
DNK,1978,10.2136545710405
DNK,1977,10.9222378100329
DNK,1976,9.01029083562224
DNK,1975,9.60561207538671
DNK,1974,15.2752062218395
DNK,1973,9.30338297973667
DNK,1972,6.56236090256543
DNK,1971,5.86986959071896
DNK,1970,6.51484141652988
DNK,1969,3.48791924395193
DNK,1968,8.00520710366459
DNK,1967,8.20785355844023
DNK,1966,7.06495969658815
DNK,1965,5.44999999925051
DNK,1964,3.09278350515448
DNK,1963,6.10503282302932
DNK,1962,7.37781954818461
DNK,1961,3.45162858557826
DNK,1960,1.25523012552925
DJI,2025,-0.313731799533481
DJI,2024,2.1120116728497
DJI,2023,1.44905087029086
DJI,2022,5.17222088647606
DJI,2021,1.18086783934059
DJI,2020,1.77900535643955
DJI,2019,3.31763203299603
DJI,2018,0.138836400011405
DJI,2017,0.577285724560661
DJI,2016,2.4025290543489
DJI,2015,-0.522166521445793
DJI,2014,1.34186494340162
DJI,2013,2.70603242872186
DJI,2012,3.73120950756887
DJI,2011,5.0687139477798
DJI,2010,3.95007875923886
DJI,2009,1.67549587285963
DJI,2008,11.9586206896552
DJI,2007,4.96597654553301
DJI,2006,3.48340699677866
DJI,2005,3.10496640148299
DJI,2004,3.12226204699352
DJI,2003,1.98196734627545
DJI,2002,0.63761955366632
DJI,2001,1.74665224985434
DJI,1987,4.08911644641214
DJI,1986,18.147633450986
DJI,1985,2.12890298848072
DJI,1984,1.88471502578427
DJI,1983,0.901842896356864
DJI,1982,-2.41071428572344
DJI,1981,5.71736785374117
DJI,1980,12.0580235721856
DMA,2025,2.53385126107135
DMA,2024,2.73620751873313
DMA,2023,5.08677483158112
DMA,2022,2.88490226829353
DMA,2021,2.22891330700344
DMA,2020,1.22026442242476
DMA,2019,1.50462353858141
DMA,2018,0.98919111918989
DMA,2017,0.296252889279487
DMA,2016,0.141816225732312
DMA,2015,-0.84382698463833
DMA,2014,0.799250372687492
DMA,2013,-0.0464116468805992
DMA,2012,1.3567714780886
DMA,2011,1.1312313652648
DMA,2010,2.99936630549
DMA,2009,0.00626357107066859
DMA,2008,6.35992183336295
DMA,2007,3.63222129317821
DMA,2006,2.2023913263167
DMA,2005,1.68190079877553
DMA,2004,2.39410982050298
DMA,2003,1.45336800437251
DMA,2002,0.170055330197681
DMA,2001,1.3038940346596
DMA,2000,0.856946805358483
DMA,1999,1.17947787394175
DMA,1998,0.999147457910748
DMA,1997,2.43629715479674
DMA,1996,1.67716450485913
DMA,1995,1.3175374577497
DMA,1994,0.0151367351744227
DMA,1993,1.56902604224498
DMA,1992,5.47182559344178
DMA,1991,5.55706153429132
DMA,1990,3.19092323226821
DMA,1989,6.21852149777859
DMA,1988,2.92459163123741
DMA,1987,4.02458043341635
DMA,1986,2.77423367675706
DMA,1985,3.7399799806424
DMA,1984,2.2179942499574
DMA,1983,4.14795244385732
DMA,1982,4.39459409763738
DMA,1981,13.2666874934914
DMA,1978,7.71257905832727
DMA,1977,9.50365525201994
DMA,1976,10.9024962662686
DMA,1975,19.9027884369402
DMA,1974,34.3760742523203
DMA,1973,12.0991167230851
DMA,1972,3.68799557454748
DMA,1971,3.63740603887184
DMA,1970,12.3934989618914
DMA,1969,4.21578868850823
DMA,1968,5.36991901857967
DMA,1967,0.952456544255429
DOM,2025,3.8731176804813
DOM,2024,3.30223338951227
DOM,2023,4.78561281021135
DOM,2022,8.81109209279587
DOM,2021,8.24300347981809
DOM,2020,3.78103179915517
DOM,2019,1.81060377042959
DOM,2018,3.56443426013508
DOM,2017,3.27955694678546
DOM,2016,1.61416607245223
DOM,2015,0.836746346724557
DOM,2014,2.99864226125219
DOM,2013,4.830950967408
DOM,2012,3.69449707884777
DOM,2011,5.79676809206533
DOM,2010,6.32993220146146
DOM,2009,1.44215131834353
DOM,2008,10.6446210953712
DOM,2007,6.14356655248047
DOM,2006,7.57280523853074
DOM,2005,4.19020260472056
DOM,2004,51.4608598338065
DOM,2003,27.4497127394395
DOM,2002,5.22336769759447
DOM,2001,8.88306848812961
DOM,2000,7.72413566181616
DOM,1999,6.47054186846928
DOM,1998,4.83166558591895
DOM,1997,8.29656754792046
DOM,1996,5.39929385038922
DOM,1995,12.5359594558963
DOM,1994,8.26076798575834
DOM,1993,5.25033880690971
DOM,1992,4.25902638893392
DOM,1991,47.079157410536
DOM,1990,50.4624792378524
DOM,1989,40.6579161175005
DOM,1988,43.8638323515053
DOM,1987,13.5507237827822
DOM,1986,7.6389726657993
DOM,1985,45.3361755532178
DOM,1984,20.1516781053536
DOM,1983,5.62862329448988
DOM,1982,7.64624306606148
DOM,1981,7.51463890696157
DOM,1980,16.7531356897102
DOM,1979,9.17380513351446
DOM,1978,3.47785034212178
DOM,1977,12.8535275054287
DOM,1976,7.76555023925677
DOM,1975,14.5017257437616
DOM,1974,13.1407673714854
DOM,1973,15.0795349169139
DOM,1972,8.64073155607574
DOM,1971,3.58002889678131
DOM,1970,3.81666666641709
DOM,1969,0.956628066179126
DOM,1968,0.0359763993382312
DOM,1967,1.23834498871987
DOM,1966,0.262927256794539
DOM,1965,-1.8916595013061
DOM,1964,2.10711150133545
DOM,1963,8.57959961876623
DOM,1962,9.15712799177066
DOM,1961,-3.90000000099988
DOM,1960,-3.56219179976055
ECU,2025,0.710469324989076
ECU,2024,1.54732515615369
ECU,2023,2.21568764237058
ECU,2022,3.46616972213077
ECU,2021,0.133251386096389
ECU,2020,-0.338872392562139
ECU,2019,0.266012515466155
ECU,2018,-0.224103246005552
ECU,2017,0.417335588666825
ECU,2016,1.72826463324533
ECU,2015,3.96664623255358
ECU,2014,3.58922016616663
ECU,2013,2.72177577710371
ECU,2012,5.10172180958666
ECU,2011,4.4745326579584
ECU,2010,3.55437734567843
ECU,2009,5.15996829181047
ECU,2008,8.40009593987462
ECU,2007,2.27618478002121
ECU,2006,3.29874846258215
ECU,2005,2.1682770118372
ECU,2004,2.74323198926704
ECU,2003,7.92936487461556
ECU,2002,12.4835980082095
ECU,2001,37.6767454518094
ECU,2000,96.0963756926096
ECU,1999,52.2420051858225
ECU,1998,36.0984331623886
ECU,1997,30.6575675722173
ECU,1996,24.4114592150674
ECU,1995,22.9341344145802
ECU,1994,27.3108817940495
ECU,1993,44.9550537592163
ECU,1992,54.6078215093597
ECU,1991,48.718080675219
ECU,1990,48.5191129963729
ECU,1989,75.6481901026386
ECU,1988,58.2162865413938
ECU,1987,29.5039972488395
ECU,1986,23.0302261142618
ECU,1985,27.9936107429224
ECU,1984,31.2195815120372
ECU,1983,48.4182220804492
ECU,1982,16.2844880461285
ECU,1981,14.0479686718868
ECU,1980,11.9092893836134
ECU,1979,10.1171908690016
ECU,1978,13.098138583854
ECU,1977,12.9444138723701
ECU,1976,10.1746301165654
ECU,1975,14.2896742946894
ECU,1974,22.7040816226158
ECU,1973,12.1281464590342
ECU,1972,7.52511790034726
ECU,1971,9.52167078004847
ECU,1970,5.17127612015708
ECU,1969,6.32668144851309
ECU,1968,4.31765612971037
ECU,1967,3.81813815731002
ECU,1966,5.45372692773346
ECU,1965,3.06907066175736
ECU,1964,4.03420453764312
ECU,1963,5.93950905922402
ECU,1962,2.87088531460987
ECU,1961,3.98562050634913
ECU,1960,1.67659912611285
EGY,2025,14.0735136645934
EGY,2024,28.2705899322083
EGY,2023,33.8847763115546
EGY,2022,13.8956609775178
EGY,2021,5.21404940513043
EGY,2020,5.04493288977539
EGY,2019,9.15279959324804
EGY,2018,14.4014657807422
EGY,2017,29.5066083940039
EGY,2016,13.813606214829
EGY,2015,10.370490343517
EGY,2014,10.0702154687481
EGY,2013,9.46971981064921
EGY,2012,7.11172943343083
EGY,2011,10.0649259874818
EGY,2010,11.2651882653185
EGY,2009,11.7634954386443
EGY,2008,18.3168316831684
EGY,2007,9.3189690579923
EGY,2006,7.64452644526434
EGY,2005,4.86939696871988
EGY,2004,11.270619332052
EGY,2003,4.50777636319304
EGY,2002,2.73723855000334
EGY,2001,2.26975720475956
EGY,2000,2.68380535348546
EGY,1999,3.07949912638332
EGY,1998,3.8725754642749
EGY,1997,4.62560578826438
EGY,1996,7.18710369719992
EGY,1995,15.7422305021596
EGY,1994,8.15423128587096
EGY,1993,12.0897922868977
EGY,1992,13.6374241717218
EGY,1991,19.7485448195578
EGY,1990,16.7563747077691
EGY,1989,21.2618670886078
EGY,1988,17.66348615313
EGY,1987,19.693593314763
EGY,1986,23.8642898217366
EGY,1985,12.1067560598247
EGY,1984,17.0363663799608
EGY,1983,16.079873883342
EGY,1982,14.8230088495577
EGY,1981,10.3172842245396
EGY,1980,20.8192249324218
EGY,1979,9.90436051231129
EGY,1978,11.078100382614
EGY,1977,12.7321627929891
EGY,1976,10.3174158877413
EGY,1975,9.66969548151245
EGY,1974,10.0243177516484
EGY,1973,5.11218403908757
EGY,1972,2.10236334610113
EGY,1971,3.14042171394198
EGY,1970,3.76289859580536
EGY,1969,3.40982028243742
EGY,1968,-1.6757594245691
EGY,1967,0.70189748435374
EGY,1966,9.0364406581763
EGY,1965,14.8390044616241
EGY,1964,3.66098294885468
EGY,1963,0.74664570813543
EGY,1962,-3.00307658790784
EGY,1961,0.693606754935329
EGY,1960,0.332829047091752
SLV,2025,0.257570528307203
SLV,2024,0.853782292567288
SLV,2023,4.04554694222477
SLV,2022,7.19861615609867
SLV,2021,3.46692585313082
SLV,2020,-0.371590212324095
SLV,2019,0.0753241350024612
SLV,2018,1.09033000581892
SLV,2017,1.0123540331558
SLV,2016,0.60404908699661
SLV,2015,-0.731384487387957
SLV,2014,1.14134467538233
SLV,2013,0.757669184522973
SLV,2012,1.72973481581383
SLV,2011,5.1289237668161
SLV,2010,1.17933576873673
SLV,2009,1.05595029731201
SLV,2008,6.70792293515939
SLV,2007,4.57808572377153
SLV,2006,4.03712359429612
SLV,2005,4.69094870903769
SLV,2004,4.45194392395045
SLV,2003,2.1203909173333
SLV,2002,1.86552503610077
SLV,2001,3.7508205747202
SLV,2000,2.27128756828723
SLV,1999,0.514827130192979
SLV,1998,2.54705977554151
SLV,1997,4.49013627855204
SLV,1996,9.78892040179966
SLV,1995,10.0296564501018
SLV,1994,10.5858066526451
SLV,1993,18.5066883302714
SLV,1992,11.2144813801987
SLV,1991,14.4026748806266
SLV,1990,23.9991651130861
SLV,1989,17.6340799385345
SLV,1988,19.7611617858858
SLV,1987,24.8645003373125
SLV,1986,31.9350161472763
SLV,1985,22.3283750554416
SLV,1984,11.5071695057309
SLV,1983,13.3143177303524
SLV,1982,11.7288868654679
SLV,1981,14.7971516299733
SLV,1980,17.3669682564025
SLV,1979,14.0560247361062
SLV,1978,13.2751232921383
SLV,1977,11.8202775391489
SLV,1976,7.03468963198825
SLV,1975,19.0884996543863
SLV,1974,16.8990368422354
SLV,1973,6.39197420311837
SLV,1972,1.53521536678872
SLV,1971,0.445808667692475
SLV,1970,2.81785392208514
SLV,1969,-0.194990250038154
SLV,1968,2.53768071348792
SLV,1967,1.46691635472379
SLV,1966,-1.18735543593374
SLV,1965,0.456974672917124
SLV,1964,1.75756620405747
SLV,1963,1.56900416258926
SLV,1962,0.0961538463947943
SLV,1961,-2.68247036807419
SLV,1960,-0.0389741990030698
GNQ,2024,2.92140227309103
GNQ,2023,2.85949506037322
GNQ,2022,4.78671704710803
GNQ,2021,-0.0971007664640198
GNQ,2020,4.76669523944228
GNQ,2019,1.53027528964189
GNQ,2018,1.06007410662171
GNQ,2017,0.74435474661241
GNQ,2016,1.41193915479015
GNQ,2015,1.67663085315988
GNQ,2014,4.30999866149107
GNQ,2013,2.94887694639662
GNQ,2012,3.65662048278806
GNQ,2011,4.805389221557
GNQ,2010,7.78916547991184
GNQ,2009,4.69106567747375
GNQ,2008,6.55176691184535
GNQ,2007,2.80373831775704
GNQ,2006,4.41589984169561
GNQ,2005,5.63163351357613
GNQ,2004,4.21968787094834
GNQ,2003,7.32354399351809
GNQ,2002,7.5924784983324
GNQ,2001,8.82538925854966
GNQ,2000,4.80228886901398
GNQ,1999,0.372266170311928
GNQ,1998,7.93571069814148
GNQ,1997,3.01650540694366
GNQ,1996,4.54072771540235
GNQ,1995,19.8724349483472
GNQ,1994,31.8410168416385
GNQ,1993,5.4522847373328
GNQ,1992,-4.27874315639129
GNQ,1991,-3.42528735632201
GNQ,1990,0.857871551124735
GNQ,1989,6.16615384615363
GNQ,1988,2.52365930599391
GNQ,1987,-13.1744727471927
GNQ,1986,-17.6404240920371
EST,2025,4.82920753628342
EST,2024,3.5194118998392
EST,2023,9.15922507983982
EST,2022,19.3982634080616
EST,2021,4.65316673847473
EST,2020,-0.44453109767983
EST,2019,2.27725931243522
EST,2018,3.43632688420446
EST,2017,3.41723549488054
EST,2016,0.148684907627373
EST,2015,-0.49232600654737
EST,2014,-0.10617514652171
EST,2013,2.78056658954988
EST,2012,3.93339987296985
EST,2011,4.9819013145361
EST,2010,2.97204512015694
EST,2009,-0.0784083112809768
EST,2008,10.3623580313683
EST,2007,6.60132603055637
EST,2006,4.43762042389213
EST,2005,4.07971423199849
EST,2004,3.04811107523416
EST,2003,1.33499116549955
EST,2002,3.57191270164027
EST,2001,5.74827981651373
EST,2000,4.01848952508763
EST,1999,3.29611089718909
EST,1998,8.20833333333298
EST,1997,10.5818789322146
EST,1996,23.050343349517
EST,1995,28.7766137208514
EST,1994,47.6546906187628
EST,1993,89.8119490277275
SWZ,2019,2.59801620311077
SWZ,2018,4.81506167461513
SWZ,2017,6.22137528933118
SWZ,2016,7.8472745908568
SWZ,2015,4.95124493704919
SWZ,2014,5.68134885776447
SWZ,2013,5.62130623468948
SWZ,2012,8.93964682788212
SWZ,2011,6.10742714590251
SWZ,2010,4.50923691774369
SWZ,2009,7.44823423445754
SWZ,2008,12.6574601863915
SWZ,2007,8.07608827861589
SWZ,2006,5.30463946338728
SWZ,2005,4.77400404553712
SWZ,2004,3.44533507316614
SWZ,2003,7.28999999999999
SWZ,2002,12.0197154699232
SWZ,2001,5.94210982281648
SWZ,2000,12.2085358545844
SWZ,1999,6.08886063431493
SWZ,1998,8.10996563573863
SWZ,1997,7.12532722513057
SWZ,1996,6.42521330315218
SWZ,1995,12.2885912601426
SWZ,1994,13.7693248804359
SWZ,1993,12.0234238724148
SWZ,1992,7.55829536317337
SWZ,1991,8.93430656934288
SWZ,1990,13.0922899124981
SWZ,1989,7.54616477272771
SWZ,1988,20.3945622781115
SWZ,1987,13.3766233766228
SWZ,1986,13.7370753323486
SWZ,1985,20.4626334519576
SWZ,1984,12.9397266412726
SWZ,1983,11.5675243834069
SWZ,1982,10.8074213418412
SWZ,1981,20.0557966522539
SWZ,1980,18.6839754034956
SWZ,1979,16.4535169700762
SWZ,1978,8.51761476291623
SWZ,1977,20.80512182762
SWZ,1976,6.53091265949243
SWZ,1975,12.0457419321678
SWZ,1974,19.2877754456961
SWZ,1973,11.5435259696435
SWZ,1972,2.36633218489993
SWZ,1971,2.32166117555597
SWZ,1970,1.84953956571386
SWZ,1969,3.20554123770314
SWZ,1968,3.44942509524238
SWZ,1967,1.82404343794972
SWZ,1966,3.1775210084201
ETH,2025,13.2296432836809
ETH,2024,21.0377460577711
ETH,2023,30.2188278135278
ETH,2022,33.8898797100898
ETH,2021,26.8395221557722
ETH,2020,20.3563468559061
ETH,2019,15.8096321719344
ETH,2018,13.8330356586661
ETH,2017,10.6871150284238
ETH,2016,6.62813337230924
ETH,2015,9.56889955968623
ETH,2014,6.89001951597192
ETH,2013,7.46402192944517
ETH,2012,23.600417677317
ETH,2011,33.2499598823344
ETH,2010,8.14926402965082
ETH,2009,8.48364404530282
ETH,2008,44.3566858766952
ETH,2007,17.2404008340898
ETH,2006,12.2994763114825
ETH,2005,9.96997123512892
ETH,2004,3.32737047894847
ETH,2003,13.6740452028272
ETH,2002,0.675089102170801
ETH,2001,-8.23784453391137
ETH,2000,0.662458109266482
ETH,1999,7.94144864137325
ETH,1998,0.894801693964107
ETH,1997,2.39520958083829
ETH,1996,-8.48424868948825
ETH,1995,10.0221733553239
ETH,1994,7.59387600185337
ETH,1993,3.54306596166032
ETH,1992,10.5274440119592
ETH,1991,35.7225982298715
ETH,1990,5.15248124174767
ETH,1989,7.81730118223048
ETH,1988,7.08071532141089
ETH,1987,-2.42867248283368
ETH,1986,-9.80876507050661
ETH,1985,19.0646851444406
ETH,1984,8.41727378312053
ETH,1983,-0.675378064854718
ETH,1982,5.89006107723961
ETH,1981,6.13596718680434
ETH,1980,4.48253780600435
ETH,1979,16.0322359396519
ETH,1978,14.3081144649155
ETH,1977,16.6571395908503
ETH,1976,28.5378398237849
ETH,1975,6.55010438394199
ETH,1974,8.59215597391085
ETH,1973,8.91358024695813
ETH,1972,-6.08151197179128
ETH,1971,0.536224281695193
ETH,1970,10.1219512195636
ETH,1969,1.42568843148626
ETH,1968,0.182612665558996
ETH,1967,0.808678501054678
ETH,1966,-1.36186770466907
FJI,2025,-1.38326833934224
FJI,2024,3.89084237884105
FJI,2023,2.97544080604539
FJI,2022,6.07882431529725
FJI,2021,1.53454853751592
FJI,2020,-1.70014167847318
FJI,2019,1.79388647514555
FJI,2018,4.08147637644543
FJI,2017,3.34757834757831
FJI,2016,3.86322538221278
FJI,2015,1.37488542621447
FJI,2014,0.519306474579107
FJI,2013,2.91354193603992
FJI,2012,3.42337523401979
FJI,2011,7.278117827085
FJI,2010,3.68901229670761
FJI,2009,3.13103559015967
FJI,2008,7.73227857918422
FJI,2007,4.80370641306989
FJI,2006,2.49083638787079
FJI,2005,2.36576453830434
FJI,2004,2.82748519391201
FJI,2003,4.17274777763034
FJI,2002,0.762032085561206
FJI,2001,4.27267024465105
FJI,2000,1.09216459977388
FJI,1999,1.96867366000919
FJI,1998,5.71168160413118
FJI,1997,3.36814006437944
FJI,1996,3.05016181229798
FJI,1995,2.16564721441537
FJI,1994,0.816666666667011
FJI,1993,5.20658925195765
FJI,1992,4.88302271568615
FJI,1991,6.49734555984547
FJI,1990,8.1913713204097
FJI,1989,6.18935403382354
FJI,1988,11.7583268783889
FJI,1987,5.66377475855221
FJI,1986,1.79884248433801
FJI,1985,4.42097239621908
FJI,1984,5.29121761072432
FJI,1983,6.70418399801419
FJI,1982,7.03155689389488
FJI,1981,11.180666763762
FJI,1980,14.4928744064522
FJI,1979,7.80675824952113
FJI,1978,6.10807100501505
FJI,1977,7.00630444983923
FJI,1976,11.4324364264689
FJI,1975,13.0648809829824
FJI,1974,14.4984695078882
FJI,1973,11.0853182063401
FJI,1972,21.978504057907
FJI,1971,9.13819368879201
FJI,1970,4.12417856333567
FIN,2025,0.337874659400574
FIN,2024,1.56568906231616
FIN,2023,6.25064322154763
FIN,2022,7.12350773301412
FIN,2021,2.19457432339998
FIN,2020,0.290554555653239
FIN,2019,1.02409392963431
FIN,2018,1.08382098409296
FIN,2017,0.754015047084438
FIN,2016,0.356684500891695
FIN,2015,-0.207928839905177
FIN,2014,1.0411962117843
FIN,2013,1.4782861568881
FIN,2012,2.80833622561574
FIN,2011,3.4168075425521
FIN,2010,1.18413523154651
FIN,2009,-9.17360424903996e-07
FIN,2008,4.06595355358383
FIN,2007,2.5106656524034
FIN,2006,1.56666380704379
FIN,2005,0.623874450025224
FIN,2004,0.187120559084474
FIN,2003,0.877440386254729
FIN,2002,1.5712201278938
FIN,2001,2.57844080098903
FIN,2000,3.04210080667792
FIN,1999,1.16223155669441
FIN,1998,1.39947378579837
FIN,1997,1.19255883425843
FIN,1996,0.629194238121054
FIN,1995,0.79123940693846
FIN,1994,1.08855677589402
FIN,1993,2.19065319556431
FIN,1992,2.91932319285019
FIN,1991,4.31021289843461
FIN,1990,6.14956531179858
FIN,1989,6.59290980189123
FIN,1988,5.08592861394877
FIN,1987,4.11302886205063
FIN,1986,2.93357920442334
FIN,1985,5.19562195429426
FIN,1984,7.06765638328179
FIN,1983,8.36629260645639
FIN,1982,9.58492764677448
FIN,1981,11.3057566509548
FIN,1980,11.5946192492107
FIN,1979,7.46696151310748
FIN,1978,7.79935074552142
FIN,1977,11.7933469184053
FIN,1976,14.3426930852258
FIN,1975,17.8113972340212
FIN,1974,16.9363999989275
FIN,1973,10.7544718831368
FIN,1972,6.66249783515336
FIN,1971,6.47576543061841
FIN,1970,2.74042043051228
FIN,1969,2.20561093521246
FIN,1968,9.19166799519522
FIN,1967,5.37778183372858
FIN,1966,3.87365401861325
FIN,1965,4.94058806755298
FIN,1964,10.2758607417486
FIN,1963,4.99638188645285
FIN,1962,4.38398278172671
FIN,1961,1.69100191533957
FIN,1960,3.41812725350788
FRA,2025,0.943770212469976
FRA,2024,1.99904942291463
FRA,2023,4.8783572650844
FRA,2022,5.22236748369725
FRA,2021,1.64233141038394
FRA,2020,0.476498852725065
FRA,2019,1.10825492288294
FRA,2018,1.85081508315493
FRA,2017,1.03228275064681
FRA,2016,0.183334861123765
FRA,2015,0.0375143805125182
FRA,2014,0.50775882293799
FRA,2013,0.863715497861804
FRA,2012,1.9541953161351
FRA,2011,2.11159795175
FRA,2010,1.53112270420919
FRA,2009,0.0876204781574653
FRA,2008,2.81286194914785
FRA,2007,1.4879980595386
FRA,2006,1.67512449608726
FRA,2005,1.74586936380487
FRA,2004,2.14208964640239
FRA,2003,2.09847219146919
FRA,2002,1.92341228727064
FRA,2001,1.63478079549599
FRA,2000,1.67595988720928
FRA,1999,0.537141639134596
FRA,1998,0.651126867833073
FRA,1997,1.20394294026964
FRA,1996,1.98288365089739
FRA,1995,1.79648142095589
FRA,1994,1.65551532926999
FRA,1993,2.10446277124642
FRA,1992,2.36376046269356
FRA,1991,3.21340732409677
FRA,1990,3.19428338029482
FRA,1989,3.49830220700752
FRA,1988,2.70081527508114
FRA,1987,3.28889821400136
FRA,1986,2.53852591781413
FRA,1985,5.83109973854514
FRA,1984,7.67380262247318
FRA,1983,9.45954847235315
FRA,1982,11.9784719523805
FRA,1981,13.3144055680073
FRA,1980,13.5625788483016
FRA,1979,10.6467341716662
FRA,1978,9.25055846724441
FRA,1977,9.49455467190426
FRA,1976,9.62549578155533
FRA,1975,11.6859272493228
FRA,1974,13.6493174728138
FRA,1973,7.38060106398917
FRA,1972,6.06300309718186
FRA,1971,5.39751865595111
FRA,1970,5.29964124562667
FRA,1969,6.045962841739
FRA,1968,4.54320486402014
FRA,1967,2.79177709435142
FRA,1966,2.60200076636451
FRA,1965,2.70310455873084
FRA,1964,3.21119170293105
FRA,1963,4.9991528979685
FRA,1962,5.33128007065639
FRA,1961,2.40046104546311
FRA,1960,4.13993575518437
GAB,2025,1.76766609003481
GAB,2024,1.17311998381218
GAB,2023,3.62901534185376
GAB,2022,4.23124798274579
GAB,2021,1.0869074651941
GAB,2020,1.35276110675333
GAB,2019,2.46456756151187
GAB,2018,4.74906652083221
GAB,2017,2.65192583143902
GAB,2016,2.10670712784054
GAB,2015,-0.338795188753406
GAB,2014,4.69045751826284
GAB,2013,0.505441058915615
GAB,2012,2.65241828695626
GAB,2011,1.26331707837421
GAB,2010,1.46154402720469
GAB,2009,1.88570754577918
GAB,2008,5.26430145575285
GAB,2007,5.03031883679951
GAB,2006,-1.4094013660098
GAB,2005,3.70833333333304
GAB,2004,0.40820530743925
GAB,2003,2.23535313551536
GAB,2002,0.0366828893971394
GAB,2001,2.13762052701465
GAB,2000,0.504920025834859
GAB,1999,-1.93660397603626
GAB,1998,1.44873854294598
GAB,1997,3.973450075453
GAB,1996,0.689693377281638
GAB,1995,9.64653104079616
GAB,1994,36.1162456962985
GAB,1993,0.533746556474191
GAB,1992,-9.54291330336575
GAB,1991,-11.6861126920888
GAB,1990,7.72532188841208
GAB,1989,6.74083769633498
GAB,1988,-8.77611940298511
GAB,1987,-0.946185688941441
GAB,1986,6.28535512256451
GAB,1985,7.3549257759783
GAB,1984,5.85714285714295
GAB,1983,10.6719367588934
GAB,1982,16.6857968797492
GAB,1981,8.70650214893005
GAB,1980,12.3403592565602
GAB,1979,7.95269853751444
GAB,1978,10.7641690976807
GAB,1977,13.8525690862841
GAB,1976,20.1715644639721
GAB,1975,28.4529426372338
GAB,1974,12.0728041856619
GAB,1973,6.20714116814339
GAB,1972,3.4870916434787
GAB,1971,3.86326089701576
GAB,1970,3.8126649076679
GAB,1969,2.9751392473965
GAB,1968,2.33560405929839
GAB,1967,1.97774154682666
GAB,1966,3.64411138096769
GAB,1965,2.43847369595919
GAB,1964,3.3284081190083
GAB,1963,7.15833333249996
GMB,2024,11.5610532897511
GMB,2023,16.9742129632327
GMB,2022,11.5131198380505
GMB,2021,7.37034758876618
GMB,2020,5.93127636562441
GMB,2019,7.11567625631192
GMB,2018,6.52096823946573
GMB,2017,8.03418974545911
GMB,2016,7.22879272057922
GMB,2015,6.8084549457961
GMB,2014,5.94799935696626
GMB,2013,5.69912989637382
GMB,2012,4.25432199813899
GMB,2011,4.7958826618311
GMB,2010,5.04968075857402
GMB,2009,4.56150687670983
GMB,2008,4.4436549094501
GMB,2007,5.36913473801957
GMB,2006,2.0565034236599
GMB,2005,4.83862177543157
GMB,2004,14.2067432845569
GMB,2003,17.0328665431988
GMB,2002,8.60912474386327
GMB,2001,4.49259609239754
GMB,2000,0.8449695667737
GMB,1999,3.8123720536602
GMB,1998,1.11418841174713
GMB,1997,2.78122790023229
GMB,1996,1.09948870771018
GMB,1995,6.98097441830556
GMB,1994,1.71020632305637
GMB,1993,6.46380422753847
GMB,1992,9.48654250617163
GMB,1991,8.64234325973438
GMB,1990,12.1677841130696
GMB,1989,8.27501608751592
GMB,1988,11.6905868876763
GMB,1987,23.5291669556941
GMB,1986,56.560172013504
GMB,1985,18.319884874273
GMB,1984,22.0984594145327
GMB,1983,10.6363036761385
GMB,1982,10.8558454553089
GMB,1981,5.94422700614445
GMB,1980,6.82461565247797
GMB,1979,6.12895770734282
GMB,1978,8.85534591214091
GMB,1977,12.3897308301286
GMB,1976,17.0273310832519
GMB,1975,25.9249999994999
GMB,1974,9.23631035966853
GMB,1973,6.91860844589019
GMB,1972,8.69811990079435
GMB,1971,3.05622578045008
GMB,1970,-1.98509387961995
GMB,1969,5.01204093884017
GMB,1968,4.17875343012887
GMB,1967,1.40721895381677
GMB,1966,0.23908192532822
GMB,1965,1.21803662168856
GMB,1964,-4.53565378123679
GMB,1963,4.61612825298721
GMB,1962,1.78761787610517
GEO,2025,3.8692132193969
GEO,2024,1.10971758022096
GEO,2023,2.48776056578715
GEO,2022,11.8981654203198
GEO,2021,9.56691433824769
GEO,2020,5.2024648897534
GEO,2019,4.85289821696723
GEO,2018,2.6152447139767
GEO,2017,6.03531725272117
GEO,2016,2.13492713939121
GEO,2015,4.00357820695097
GEO,2014,3.06881210379543
GEO,2013,-0.512058410947092
GEO,2012,-0.943658853270964
GEO,2011,8.5429333333333
GEO,2010,7.11017897486099
GEO,2009,1.7275146113791
GEO,2008,9.99948761552747
GEO,2007,9.24489745592404
GEO,2006,9.16096508394497
GEO,2005,8.24709043114158
GEO,2004,5.65632636191132
GEO,2003,0.837734531536568
GEO,2002,5.58783730000794
GEO,2001,4.64604442058634
GEO,2000,4.06396201382596
GEO,1999,19.1926758218895
GEO,1998,3.56680781278783
GEO,1997,7.08761762948726
GEO,1996,39.3574999987146
GEO,1995,162.717152150377
DEU,2025,2.17178770949721
DEU,2024,2.2564981433876
DEU,2023,5.94643667725823
DEU,2022,6.87257438551097
DEU,2021,3.06666666666673
DEU,2020,0.144877925813982
DEU,2019,1.44565976888253
DEU,2018,1.73216879766942
DEU,2017,1.50949485109628
DEU,2016,0.491747008445174
DEU,2015,0.514426137125456
DEU,2014,0.906794000434246
DEU,2013,1.50472330251876
DEU,2012,2.00848884782956
DEU,2011,2.07517283735874
DEU,2010,1.1038103778926
DEU,2009,0.312739007368447
DEU,2008,2.62837981637219
DEU,2007,2.29834400700951
DEU,2006,1.57742642840563
DEU,2005,1.54691114751328
DEU,2004,1.66573696655992
DEU,2003,1.03422218628562
DEU,2002,1.42080615551526
DEU,2001,1.98385731334471
DEU,2000,1.44026838719741
DEU,1999,0.585434192138622
DEU,1998,0.911184687196224
DEU,1997,1.93936968221574
DEU,1996,1.44972701963239
DEU,1995,1.70616041317076
DEU,1994,2.69305639854954
DEU,1993,4.47457650752808
DEU,1992,5.05697796731731
DEU,1991,4.04703259753466
DEU,1990,2.69646824292392
DEU,1989,2.78056955569751
DEU,1988,1.27411894006923
DEU,1987,0.24990610870503
DEU,1986,-0.129413360854742
DEU,1985,2.0662330121658
DEU,1984,2.4057933993196
DEU,1983,3.29341474302854
DEU,1982,5.24104507228422
DEU,1981,6.34424277746325
DEU,1980,5.44105754460347
DEU,1979,4.04362006473399
DEU,1978,2.71869696123339
DEU,1977,3.73416240635147
DEU,1976,4.24663102299209
DEU,1975,5.91033626324104
DEU,1974,6.98643109327497
DEU,1973,7.03202399303898
DEU,1972,5.4849331221432
DEU,1971,5.24097448273094
DEU,1970,3.45024936360895
DEU,1969,1.91267848797596
DEU,1968,1.470289313277
DEU,1967,1.79604992213175
DEU,1966,3.53306035477689
DEU,1965,3.24231923668133
DEU,1964,2.33573581177832
DEU,1963,2.9669597758771
DEU,1962,2.84327019799062
DEU,1961,2.29369500700884
DEU,1960,1.53661234295201
GHA,2025,14.2046755548989
GHA,2024,22.8483281157842
GHA,2023,38.1069656296501
GHA,2022,31.2558951049016
GHA,2021,9.9710886750444
GHA,2020,9.88728956269944
GHA,2019,7.14364003330857
GHA,2018,7.80876516610703
GHA,2017,12.3719215507048
GHA,2016,17.4546347070868
GHA,2015,17.1499695007878
GHA,2014,15.4896160333318
GHA,2013,11.6661923071729
GHA,2012,11.1863409441067
GHA,2011,8.7284593709302
GHA,2010,10.7333898354915
GHA,2009,19.2469482220857
GHA,2008,16.494639613412
GHA,2007,10.7342665456292
GHA,2006,11.6791839392492
GHA,2005,15.4389920155908
GHA,2004,18.0427388232565
GHA,2003,29.7729797160384
GHA,2002,9.36093239560313
GHA,2001,41.509496287803
GHA,2000,40.240933123914
GHA,1999,4.86539785077528
GHA,1998,14.6241666666675
GHA,1997,27.8852086407527
GHA,1996,46.5610196762282
GHA,1995,59.4615536991446
GHA,1994,24.8702554369576
GHA,1993,24.9598424742497
GHA,1992,10.0561167448841
GHA,1991,18.0314390089849
GHA,1990,37.2590664855671
GHA,1989,25.2236920295825
GHA,1988,31.3592676264768
GHA,1987,39.8150678775363
GHA,1986,24.5654160765001
GHA,1985,10.3054406698295
GHA,1984,39.6653137947268
GHA,1983,122.874514572592
GHA,1982,22.2955664080893
GHA,1981,116.503603996541
GHA,1980,50.0701393436364
GHA,1979,54.4412883345616
GHA,1978,73.091666667343
GHA,1977,116.450216453639
GHA,1976,56.0810810829756
GHA,1975,29.8245614048168
GHA,1974,18.1347150268463
GHA,1973,17.6829268231711
GHA,1972,10.0671140939595
GHA,1971,9.55882353746772
GHA,1970,3.03030303053265
GHA,1969,7.31707316260125
GHA,1968,7.89473684210539
GHA,1967,-8.42248589780283
GHA,1966,13.2378854626539
GHA,1965,26.4447848490173
GRC,2025,2.48209745378857
GRC,2024,2.74101875679486
GRC,2023,3.46480128513405
GRC,2022,9.64525981280632
GRC,2021,1.22382501019854
GRC,2020,-1.24798355581405
GRC,2019,0.253007522038157
GRC,2018,0.62562141345364
GRC,2017,1.12125452031419
GRC,2016,-0.825653978390973
GRC,2015,-1.73588804765284
GRC,2014,-1.31226096405506
GRC,2013,-0.921269454256994
GRC,2012,1.50152696177758
GRC,2011,3.3298532335065
GRC,2010,4.71298907760388
GRC,2009,1.21007269197809
GRC,2008,4.15279708110293
GRC,2007,2.89500321516578
GRC,2006,3.19594684144545
GRC,2005,3.54507273335078
GRC,2004,2.8988481075817
GRC,2003,3.53065027765552
GRC,2002,3.62935871878874
GRC,2001,3.37396832213867
GRC,2000,3.1511816249383
GRC,1999,2.6366330602198
GRC,1998,4.76622572397641
GRC,1997,5.5360026677348
GRC,1996,8.19455217632728
GRC,1995,8.93451415961517
GRC,1994,10.8740756809132
GRC,1993,14.4112644439348
GRC,1992,15.8770737923919
GRC,1991,19.4558456445745
GRC,1990,20.433499109463
GRC,1989,13.6555638723612
GRC,1988,13.5288583215049
GRC,1987,16.3968631635363
GRC,1986,23.0154508205013
GRC,1985,19.3146929406642
GRC,1984,18.4568132050187
GRC,1983,20.1794812892138
GRC,1982,20.9910886220016
GRC,1981,24.5060675977966
GRC,1980,24.6758939736232
GRC,1979,19.0941746808767
GRC,1978,12.5724256724441
GRC,1977,12.3697970875078
GRC,1976,13.0242794587955
GRC,1975,13.6287617821755
GRC,1974,26.5608465867349
GRC,1973,15.3846240702128
GRC,1972,4.33120123203348
GRC,1971,3.28947072230333
GRC,1970,2.84167067884117
GRC,1969,2.63891868835485
GRC,1968,0.139060583507755
GRC,1967,1.84135702750597
GRC,1966,4.90341596130601
GRC,1965,3.22087246997095
GRC,1964,0.617302978512524
GRC,1963,3.18466272791608
GRC,1962,-0.475428291049914
GRC,1961,2.10357934997025
GRC,1960,1.47784758493376
GRD,2025,0.610311975893833
GRD,2024,1.08615365134737
GRD,2023,2.69612269814564
GRD,2022,2.5805392590792
GRD,2021,1.21951193916838
GRD,2020,-0.740732597045498
GRD,2019,0.598149764736022
GRD,2018,0.804102313277033
GRD,2017,0.908458255874249
GRD,2016,1.65038994431573
GRD,2015,-0.515448031435329
GRD,2014,-0.98360305555498
GRD,2013,-0.0439997864828058
GRD,2012,2.41077704021862
GRD,2011,3.0334728033474
GRD,2010,3.43650905943351
GRD,2009,-0.308654779585642
GRD,2008,8.0332732765034
GRD,2007,3.85882922469653
GRD,2006,4.25195321977967
GRD,2005,3.475806937554
GRD,2004,2.3129167822611
GRD,2003,2.15492809908679
GRD,2002,1.06721547992874
GRD,2001,3.14099305202543
GRD,2000,2.18181818181821
GRD,1999,0.577427638677119
GRD,1998,1.37769330389496
GRD,1997,1.24452782989343
GRD,1996,2.03235172127782
GRD,1995,1.86882475298978
GRD,1994,3.77065767284965
GRD,1993,2.80859916782245
GRD,1992,3.77833753148618
GRD,1991,2.64460367880678
GRD,1990,2.72423736530525
GRD,1989,5.59294871794896
GRD,1988,4.00000000000013
GRD,1987,-0.872333388457509
GRD,1986,0.557079903550532
GRD,1985,2.50138492350979
GRD,1984,5.65961278703288
GRD,1983,6.09534728193344
GRD,1982,7.81274141216489
GRD,1981,18.7874709409026
GRD,1980,21.821433894768
GRD,1979,20.8828828828831
GRD,1978,18.1353767560665
GRD,1977,18.4568835098337
GTM,2025,1.48841591086169
GTM,2024,2.86992752918294
GTM,2023,6.20657592272126
GTM,2022,6.88512823344287
GTM,2021,4.26105127422813
GTM,2020,3.21444062197345
GTM,2019,3.69998398008605
GTM,2018,3.75186186704508
GTM,2017,4.42453655182546
GTM,2016,4.44844199942827
GTM,2015,2.3887203283955
GTM,2014,3.4183616966296
GTM,2013,4.34337131279521
GTM,2012,3.78180754679678
GTM,2011,6.214123930671
GTM,2010,3.8595090983316
GTM,2009,1.85910254733028
GTM,2008,11.355761126315
GTM,2007,6.82161753590326
GTM,2006,6.56085282795384
GTM,2005,9.1086498571922
GTM,2004,7.57862247309729
GTM,2003,5.60347675434469
GTM,2002,8.13263054281054
GTM,2001,7.28587366610138
GTM,2000,5.97757734737136
GTM,1999,5.21361058601122
GTM,1998,6.61346070518058
GTM,1997,9.23290294884935
GTM,1996,11.0569165321987
GTM,1995,8.41141312270566
GTM,1994,10.8553211494391
GTM,1993,11.8196901746257
GTM,1992,10.0459179984088
GTM,1991,33.1664219167535
GTM,1990,41.2218671380973
GTM,1989,11.3871321997958
GTM,1988,10.8327037689912
GTM,1987,12.3232132755046
GTM,1986,36.9311212965016
GTM,1985,18.6867912971238
GTM,1984,3.40675011837794
GTM,1983,4.53867815133253
GTM,1982,0.307385561437072
GTM,1981,11.4330679503505
GTM,1980,10.8238432335411
GTM,1979,11.3433858811607
GTM,1978,8.28797624957704
GTM,1977,12.3245796860999
GTM,1976,10.72499999925
GTM,1975,13.1592443798582
GTM,1974,16.4948966890134
GTM,1973,13.7960339945019
GTM,1972,0.529703252323012
GTM,1971,-0.453591880763805
GTM,1970,2.34433934881414
GTM,1969,2.09728064471577
GTM,1968,1.92632850230086
GTM,1967,0.485436893448745
GTM,1966,0.684261974465235
GTM,1965,-0.800000000003537
GTM,1964,-0.193563997036552
GTM,1963,0.151450899375914
GTM,1962,2.05255023209699
GTM,1961,-0.553335382726564
GTM,1960,-1.19069315346
GIN,2025,3.54630163142885
GIN,2024,8.12313914948596
GIN,2023,7.80497591927973
GIN,2022,10.4930409984424
GIN,2021,12.5972882566934
GIN,2020,10.6016203387167
GIN,2019,9.47001039253012
GIN,2018,9.82761701259191
GIN,2017,8.91435947913097
GIN,2016,8.17268112275132
GIN,2015,11.7800825029834
GIN,2014,6.1505055670642
GIN,2013,11.8875884481828
GIN,2012,15.2262941038638
GIN,2011,21.3169268542577
GIN,2010,15.0502688559001
GIN,2009,4.68438868976504
GIN,2008,23.065612938798
GIN,2007,18.1755656108597
GIN,2006,34.6952705997072
GIN,2005,31.3733025877534
GNB,2025,0.874929691038717
GNB,2024,3.76555825770114
GNB,2023,7.10220928557059
GNB,2022,9.39075933985203
GNB,2021,2.24248879577658
GNB,2020,1.14000939393222
GNB,2019,0.24660026814783
GNB,2018,0.381324702790992
GNB,2017,1.69111461822298
GNB,2016,1.50312055861088
GNB,2015,1.47672048910485
GNB,2014,-1.50924460570494
GNB,2013,1.20712555668405
GNB,2012,2.13054580274503
GNB,2011,5.046102263202
GNB,2010,2.51785140171701
GNB,2009,-1.65139733620775
GNB,2008,10.4600731354706
GNB,2007,4.61743772241997
GNB,2006,1.95473717628916
GNB,2005,3.32919922802856
GNB,2004,0.883302696930943
GNB,2003,-3.50258551103421
GNB,2002,3.30012175283752
GNB,2001,3.34812265527108
GNB,2000,8.63632094930278
GNB,1999,-2.08630513223527
GNB,1998,8.01375518965603
GNB,1997,49.1009235769531
GNB,1996,50.7340549612119
GNB,1995,45.3653083621856
GNB,1994,15.1763474313441
GNB,1993,48.1081660687067
GNB,1992,69.5836363993793
GNB,1991,57.5952847505664
GNB,1990,33.0019778318026
GNB,1989,80.7881406436233
GNB,1988,60.2817826333536
GUY,2025,3.32982339132475
GUY,2024,2.90379501424778
GUY,2023,2.82159393090811
GUY,2022,6.93346066500816
GUY,2021,4.50619858925893
GUY,2020,0.722434045501787
GUY,2019,2.11238986774464
GUY,2018,1.25128567037044
GUY,2017,1.94571617739331
GUY,2016,0.826177341246544
GUY,2015,-0.865401289233742
GUY,2014,0.683700250354637
GUY,2013,1.9111250917408
GUY,2012,2.39057526653742
GUY,2011,4.4073041447003
GUY,2010,4.3005534033896
GUY,2009,2.95230096381001
GUY,2008,8.10202206969276
GUY,2007,12.2001544446648
GUY,2006,6.67715790410028
GUY,2005,6.92554303890158
GUY,2004,4.66846622369881
GUY,2003,5.98097814066473
GUY,2002,5.34101521377408
GUY,2001,2.62741314203333
GUY,2000,6.14854333024872
GUY,1999,7.53821939851392
GUY,1998,4.58646616541351
GUY,1997,3.55567090578808
GUY,1996,7.09471197276044
GUY,1995,12.2105263157895
HTI,2025,28.6427976686095
HTI,2024,26.9490564091987
HTI,2023,36.8135162780854
HTI,2022,33.98393194707
HTI,2021,16.8415240198785
HTI,2020,22.7963113642528
HTI,2019,18.7037825672506
HTI,2018,12.4814111170435
HTI,2017,10.6800887242584
HTI,2016,11.5029073942666
HTI,2015,6.73184069658997
HTI,2014,3.43816659958601
HTI,2013,4.76502404779142
HTI,2012,5.01804155429246
HTI,2011,6.33279483849042
HTI,2010,4.82734190074673
HTI,2009,0.393886040173341
HTI,2008,15.2817744823772
HTI,2007,6.55722772638066
HTI,2006,11.3452152244299
HTI,2005,13.973008326384
HTI,2004,21.0318339277222
HTI,2003,28.6995777887374
HTI,2002,7.03287406224601
HTI,2001,13.31672224251
HTI,2000,9.33322197565603
HTI,1999,3.00439421550734
HTI,1998,5.26903547042201
HTI,1997,20.5590073395833
HTI,1996,20.5835962145112
HTI,1995,27.6081851727601
HTI,1994,39.3316195372753
HTI,1993,29.7059715065172
HTI,1992,19.358494654122
HTI,1991,15.4199073669492
HTI,1990,21.2760320067832
HTI,1989,6.92390503711238
HTI,1988,4.10546805875063
HTI,1987,-11.4494646121705
HTI,1986,3.27992663366622
HTI,1985,10.6488390138928
HTI,1984,6.40203239106075
HTI,1983,10.2436633526545
HTI,1982,7.35924227605051
HTI,1981,10.8583333329997
HTI,1980,17.7783052456577
HTI,1979,13.0939242998193
HTI,1978,-2.67359498369291
HTI,1977,6.49190058113337
HTI,1976,7.03815227823619
HTI,1975,16.7735703245816
HTI,1974,14.9506973439721
HTI,1973,22.7389194789195
HTI,1972,3.18969396917928
HTI,1971,9.57958328225631
HTI,1970,1.36849340736673
HTI,1969,1.41318124201974
HTI,1968,1.31621187827357
HTI,1967,-2.93531098100653
HTI,1966,8.301835853323
HTI,1965,2.26394257289731
HTI,1964,9.16214587129442
HTI,1963,4.30682175435956
HTI,1962,-0.554904259869525
HTI,1961,3.77970638342675
HTI,1960,-5.03004159593691
HND,2025,4.59657982325258
HND,2024,4.60621098127101
HND,2023,6.66325180347463
HND,2022,9.08963911525032
HND,2021,4.48087963413446
HND,2020,3.46841177951171
HND,2019,4.36587159819274
HND,2018,4.34734937777536
HND,2017,3.93436084442037
HND,2016,2.72461223295289
HND,2015,3.15783117980915
HND,2014,6.12924930313031
HND,2013,5.16189898581494
HND,2012,5.19618615531848
HND,2011,6.7622795731476
HND,2010,4.69889064976232
HND,2009,5.49634273772203
HND,2008,11.4034270813932
HND,2007,6.93621470895786
HND,2006,5.57775207654292
HND,2005,8.80906074819817
HND,2004,8.11379097093383
HND,2003,7.67416639397743
HND,2002,7.6905097203429
HND,2001,9.67415556864781
HND,2000,11.0480349344976
HND,1999,11.66374097913
HND,1998,13.6681077485868
HND,1997,20.1998667554962
HND,1996,23.8378353073358
HND,1995,29.4645292281585
HND,1994,21.729346883819
HND,1993,10.7486467163721
HND,1992,8.75988625255482
HND,1991,33.9722602535864
HND,1990,23.3225664366467
HND,1989,9.85040925769098
HND,1988,4.49125763640183
HND,1987,2.48715402223894
HND,1986,4.35272383207562
HND,1985,3.36267523608601
HND,1984,4.72636815920398
HND,1983,8.25281165848253
HND,1982,8.98262170616894
HND,1981,9.40569126142498
HND,1980,18.0615430355956
HND,1979,12.1353558926061
HND,1978,5.74832464618228
HND,1977,8.43470771895133
HND,1976,4.88341895790901
HND,1975,8.37616250629703
HND,1974,12.8495477454187
HND,1973,5.1932016269114
HND,1972,3.61228175799337
HND,1971,2.22324794223759
HND,1970,2.88088642660975
HND,1969,1.25821445737093
HND,1968,1.8612244897209
HND,1967,2.0918409866731
HND,1966,1.78423465718737
HND,1965,3.18627450998764
HND,1964,4.47210147080719
HND,1963,3.08145601867277
HND,1962,1.09215017084018
HND,1961,1.56299237392683
HND,1960,-1.74623815710752
HKG,2025,1.43633540372673
HKG,2024,1.72972119105914
HKG,2023,2.09660511249089
HKG,2022,1.88136707196853
HKG,2021,1.56875834445922
HKG,2020,0.2509620210808
HKG,2019,2.88320853773996
HKG,2018,2.40613432046534
HKG,2017,1.49387243939522
HKG,2016,2.40930743862224
HKG,2015,2.99084819322581
HKG,2014,4.42364532019699
HKG,2013,4.33799342105267
HKG,2012,4.05390950903844
HKG,2011,5.3052489299392
HKG,2010,2.29289088604673
HKG,2009,0.579441418472608
HKG,2008,4.30315484104921
HKG,2007,2.03502713369511
HKG,2006,2.00025160397534
HKG,2005,0.826446280991827
HKG,2004,-0.274725274725253
HKG,2003,-2.67379679144394
HKG,2002,-2.98313878080415
HKG,2001,-1.65816326530609
HKG,2000,-3.68550368550369
HKG,1999,-4.00943396226445
HKG,1998,2.91262135922399
HKG,1997,5.77663671373521
HKG,1996,6.27557980900412
HKG,1995,9.07738095238091
HKG,1994,8.73786407766985
HKG,1993,8.80281690140857
HKG,1992,9.65250965250966
HKG,1991,11.1587982832617
HKG,1990,10.4265402843602
HKG,1989,10.1827676240209
HKG,1988,7.8873239436618
HKG,1987,5.65476190476196
HKG,1986,3.38461538461534
HKG,1985,3.50318471337575
HKG,1984,8.65051903114184
HKG,1983,9.8859315589355
HKG,1982,10.9704641350212
HUN,2025,4.41198445905562
HUN,2024,3.70370370370369
HUN,2023,17.1249659678737
HUN,2022,14.6081439492433
HUN,2021,5.11096534382855
HUN,2020,3.32674385766738
HUN,2019,3.33858635382008
HUN,2018,2.85024792594646
HUN,2017,2.34824281150154
HUN,2016,0.394769306686392
HUN,2015,-0.0616446800641672
HUN,2014,-0.227566270988219
HUN,2013,1.73319984983101
HUN,2012,5.65214517088646
HUN,2011,3.9299209893507
HUN,2010,4.85555795691956
HUN,2009,4.21171171171171
HUN,2008,6.0425125388106
HUN,2007,7.9587451654491
HUN,2006,3.93032603841001
HUN,2005,3.56151711378352
HUN,2004,6.74434679569469
HUN,2003,4.66101694915254
HUN,2002,5.26544821583985
HUN,2001,9.11680911680911
HUN,2000,9.80361016908125
HUN,1999,9.99774409303368
HUN,1998,14.153789654534
HUN,1997,18.3050744143799
HUN,1996,23.4690301919185
HUN,1995,28.3054683706654
HUN,1994,18.8680749869283
HUN,1993,22.4642346133809
HUN,1992,23.6557207806552
HUN,1991,34.8175429072704
HUN,1990,28.3695996532777
HUN,1989,17.149151997396
HUN,1988,15.7235490703556
HUN,1987,8.67431417733243
HUN,1986,5.29166170071091
HUN,1985,6.94234501879147
HUN,1984,8.46785487646018
HUN,1983,7.27989573279491
HUN,1982,6.8358050825954
HUN,1981,4.66141394394755
HUN,1980,9.28585743921337
HUN,1979,8.97641234700303
HUN,1978,4.68714274853112
HUN,1977,3.90889569564822
HUN,1976,5.2283983330866
HUN,1975,3.84215991793819
HUN,1974,1.79704016823474
HUN,1973,3.38797814176702
ISL,2025,4.09085056006515
ISL,2024,5.85683849970072
ISL,2023,8.73630299937298
ISL,2022,8.30875511558912
ISL,2021,4.44423970189746
ISL,2020,2.84792401518657
ISL,2019,3.01397179156061
ISL,2018,2.68291768267392
ISL,2017,1.76041559180605
ISL,2016,1.69692761997734
ISL,2015,1.63305558181335
ISL,2014,2.04461481539342
ISL,2013,3.8722792374824
ISL,2012,5.18589988750698
ISL,2011,4.0010266434312
ISL,2010,5.39673113167484
ISL,2009,12.0031298461743
ISL,2008,12.6943942775877
ISL,2007,5.05155736492143
ISL,2006,6.68707906136667
ISL,2005,3.98704782806593
ISL,2004,3.15819324298459
ISL,2003,2.05566329753744
ISL,2002,5.1970223021663
ISL,2001,6.40508550386868
ISL,2000,5.13647123245144
ISL,1999,3.23183260906471
ISL,1998,1.65924170953419
ISL,1997,1.81543080282254
ISL,1996,2.26041898267295
ISL,1995,1.65123150116656
ISL,1994,1.55265627495772
ISL,1993,4.04285291076951
ISL,1992,3.94771176824033
ISL,1991,6.80877887943631
ISL,1990,15.510721994253
ISL,1989,20.7581950334485
ISL,1988,25.7255090852843
ISL,1987,18.2977682232302
ISL,1986,22.1284011876646
ISL,1985,31.9946290240703
ISL,1984,30.8523970770909
ISL,1983,83.9500461937034
ISL,1982,50.243226389676
ISL,1981,51.7932416010108
ISL,1980,58.5284260893648
ISL,1979,44.4444558043743
ISL,1978,43.7499982853606
ISL,1977,30.3167412725928
ISL,1976,31.9477953312167
ISL,1975,49.3613566240273
ISL,1974,42.5163071922638
ISL,1973,21.3546564110894
ISL,1972,9.81125453306539
ISL,1971,6.73187855429364
ISL,1970,13.3724325998548
ISL,1969,21.7443598774361
ISL,1968,15.0969598670294
ISL,1967,3.32022094636195
ISL,1966,10.6866474184138
ISL,1965,7.31707244304538
ISL,1964,19.2450510438289
ISL,1963,12.9280159822499
ISL,1962,11.0163000635032
ISL,1961,4.71160874619983
ISL,1960,1.98840080872218
IND,2025,2.39884954182294
IND,2024,4.95303550973661
IND,2023,5.64914318907925
IND,2022,6.69903414079858
IND,2021,5.13140747176364
IND,2020,6.6234367762853
IND,2019,3.72950573539123
IND,2018,3.93882646691643
IND,2017,3.32817337461305
IND,2016,4.94821634062134
IND,2015,4.90697344127249
IND,2014,6.66565671867899
IND,2013,10.0178784746104
IND,2012,9.47899691419793
IND,2011,8.9117933648336
IND,2010,11.9893899204245
IND,2009,10.8823529411764
IND,2008,8.34926704907575
IND,2007,6.37288135593231
IND,2006,5.79652337561634
IND,2005,4.24634362031924
IND,2004,3.76725173477517
IND,2003,3.80585899528853
IND,2002,4.29715203929562
IND,2001,3.77929312235637
IND,2000,4.0094359104519
IND,1999,4.6698203803759
IND,1998,13.2308389767977
IND,1997,7.16425211462721
IND,1996,8.97715233826453
IND,1995,10.2248861637545
IND,1994,10.2479355556119
IND,1993,6.32689048779867
IND,1992,11.7878170418134
IND,1991,13.8702461773683
IND,1990,8.97123250273255
IND,1989,7.07428002942296
IND,1988,9.38347186185336
IND,1987,8.80112581251833
IND,1986,8.72972072702581
IND,1985,5.55642423236554
IND,1984,8.31890711860072
IND,1983,11.8680812986734
IND,1982,7.89074279377487
IND,1981,13.112546897642
IND,1980,11.3460734795095
IND,1979,6.27568336762338
IND,1978,2.52304875695179
IND,1977,8.30747009171166
IND,1976,-7.63394763392881
IND,1975,5.74843029767442
IND,1974,28.5987340775089
IND,1973,16.9408159791736
IND,1972,6.44209746158235
IND,1971,3.07993868406546
IND,1970,5.09226161997545
IND,1969,-0.584136610466281
IND,1968,3.23741242627507
IND,1967,13.062202477797
IND,1966,10.8018483489341
IND,1965,9.47475859170695
IND,1964,13.3552611508153
IND,1963,2.94616135685225
IND,1962,3.63221497106987
IND,1961,1.69521293914433
IND,1960,1.77987784677391
IDN,2025,1.9133344329508
IDN,2024,2.18151273615189
IDN,2023,3.66938654859761
IDN,2022,4.20946463714784
IDN,2021,1.56007882983334
IDN,2020,1.91983527270793
IDN,2019,3.03058460941661
IDN,2018,3.19834755924996
IDN,2017,3.80879857691949
IDN,2016,3.52580452815451
IDN,2015,6.36312061196646
IDN,2014,6.39492882396559
IDN,2013,6.41249457900391
IDN,2012,4.2795142691943
IDN,2011,5.35604849112582
IDN,2010,5.13420639015885
IDN,2009,4.38641311792074
IDN,2008,10.2266663272483
IDN,2007,6.40656087966005
IDN,2006,13.108670985346
IDN,2005,10.4532001873347
IDN,2004,6.06406189133648
IDN,2003,6.75731256333564
IDN,2002,11.9001200338414
IDN,2001,11.5001160550887
IDN,2000,3.68862037056682
IDN,1999,20.4778324428892
IDN,1998,58.4510413515526
IDN,1997,6.22615154887214
IDN,1996,7.97328096513346
IDN,1995,9.42030300572996
IDN,1994,8.53199829189143
IDN,1993,9.6719108926401
IDN,1992,7.52351006242677
IDN,1991,9.41906784347004
IDN,1990,7.81919756505635
IDN,1989,6.41554079916364
IDN,1988,8.04535671530907
IDN,1987,9.27865406602839
IDN,1986,5.82266576732484
IDN,1985,4.72453518543398
IDN,1984,10.4550392231412
IDN,1983,11.7997382076652
IDN,1982,9.44542534921144
IDN,1981,12.2659075874853
IDN,1980,18.035422125313
IDN,1979,16.2327695334308
IDN,1978,8.11259425677378
IDN,1977,11.0520846464477
IDN,1976,19.8286499927534
IDN,1975,19.1656916610533
IDN,1974,40.491811600695
IDN,1973,31.0418824339182
IDN,1972,6.52174091852604
IDN,1971,4.23374587741607
IDN,1970,12.399468513041
IDN,1969,15.4798773314404
IDN,1968,128.843042071197
IDN,1967,106.0
IDN,1966,1136.2541122077
IDN,1965,306.763110307415
IDN,1964,108.994708994709
IDN,1963,145.910780669145
IDN,1962,131.397849462365
IDN,1961,13.6919315403424
IDN,1960,39.5904436860067
IRN,2025,42.1712244965444
IRN,2024,32.455871402917
IRN,2023,44.5791857572797
IRN,2022,43.4884641742179
IRN,2021,43.3890162681514
IRN,2020,30.5941390387295
IRN,2019,39.9073455697784
IRN,2018,18.0141183371874
IRN,2017,8.04492437660278
IRN,2016,7.24542548952979
IRN,2015,12.4846815611533
IRN,2014,16.6065532357449
IRN,2013,36.6030355191029
IRN,2012,27.2568127242908
IRN,2011,26.2933856738608
IRN,2010,10.0893629287979
IRN,2009,13.5515548281506
IRN,2008,25.4105090311987
IRN,2007,17.3410404624277
IRN,2006,10.0158982511924
IRN,2005,13.433118008508
IRN,2004,14.7615086970672
IRN,2003,16.4680116244792
IRN,2002,14.3359337378404
IRN,2001,11.2742471332117
IRN,2000,14.4767513188567
IRN,1999,20.0707078146866
IRN,1998,17.8661342130398
IRN,1997,17.3492257538708
IRN,1996,28.9373440168137
IRN,1995,49.6559858462746
IRN,1994,31.4470284237728
IRN,1993,21.2026307547761
IRN,1992,25.8077226162332
IRN,1991,17.1285679434012
IRN,1990,7.62767493763934
IRN,1989,22.3496530454896
IRN,1988,28.6706349206345
IRN,1987,28.5714285714292
IRN,1986,18.4290030211474
IRN,1985,4.38934095741541
IRN,1984,12.5402194538868
IRN,1983,19.7401891778611
IRN,1982,18.6897259269564
IRN,1981,24.2035897624486
IRN,1980,20.6439144373798
IRN,1979,10.4872367273486
IRN,1978,11.7219692041212
IRN,1977,27.2877846793093
IRN,1976,11.2561425062111
IRN,1975,12.8791818338341
IRN,1974,14.2489355382567
IRN,1973,9.81948673318762
IRN,1972,6.39824135128871
IRN,1971,4.19529837265423
IRN,1970,1.66687093970068
IRN,1969,3.59319451551281
IRN,1968,0.690360521996233
IRN,1967,1.59761007964354
IRN,1966,-0.388148532154432
IRN,1965,2.15437483520967
IRN,1964,3.81448957223043
IRN,1963,0.371849607221666
IRN,1962,0.721320571656337
IRN,1961,3.16256439585745
IRN,1960,9.82241081297867
IRQ,2025,0.303454715219382
IRQ,2024,2.6116961151764
IRQ,2023,4.35835351089595
IRQ,2022,4.9947659638103
IRQ,2021,6.04186489058043
IRQ,2020,0.574162679425856
IRQ,2019,-0.198965380023882
IRQ,2018,0.367441488936828
IRQ,2017,0.184058898847553
IRQ,2016,0.556521397155548
IRQ,2015,1.39333028780268
IRQ,2014,2.23597407904726
IRQ,2013,1.87949800749416
IRQ,2012,6.0890964159516
IRQ,2011,5.6040514426601
IRQ,2010,2.42986826837753
IRQ,2009,6.87361547212555
IRQ,2008,12.6628528269228
IRQ,2007,-10.0674925768978
IRQ,2006,53.230962911428
IRQ,2005,36.9594809201871
IRQ,2004,26.9619068193271
IRQ,2003,33.6162105992383
IRQ,2002,19.316694601979
IRQ,2001,16.3740814963262
IRQ,2000,4.97896213183731
IRQ,1999,12.5777623393436
IRQ,1998,14.7687735575529
IRQ,1997,23.0631996788727
IRQ,1996,-16.1173257510572
IRQ,1995,387.310847766639
IRQ,1994,448.499999999999
IRQ,1993,207.692307692309
IRQ,1992,83.6158192090389
IRQ,1991,180.952380952381
IRQ,1978,4.61194286682016
IRQ,1977,9.16776253995512
IRQ,1976,12.8232301828135
IRQ,1975,9.51717734405529
IRQ,1974,7.69999999976928
IRQ,1973,4.8909840899257
IRQ,1972,5.18595041325518
IRQ,1971,3.59589041076037
IRQ,1970,4.35559526470565
IRQ,1969,5.73925366136733
IRQ,1968,2.19647598286799
IRQ,1967,3.29094988781672
IRQ,1966,1.98321891712163
IRQ,1965,-0.455580865857809
IRQ,1964,-0.0901365196717364
IRQ,1963,3.95495742929742
IRQ,1962,1.2923621654152
IRQ,1961,0.916260431846679
IRQ,1960,3.478237904096
IRL,2025,2.21044788475857
IRL,2024,2.11344999577317
IRL,2023,6.29942487419125
IRL,2022,7.82945736434105
IRL,2021,2.34034113447044
IRL,2020,-0.326183651280033
IRL,2019,0.937842961189274
IRL,2018,0.471130713712916
IRL,2017,0.362173038229378
IRL,2016,0.0201247735963237
IRL,2015,-0.330959783371788
IRL,2014,0.190916398713745
IRL,2013,0.515099484900573
IRL,2012,1.69474116680366
IRL,2011,2.5489783020855
IRL,2010,-0.918388645376774
IRL,2009,-4.44754686876746
IRL,2008,4.03568834941391
IRL,2007,4.88574537540802
IRL,2006,3.93576114001354
IRL,2005,2.45654692931639
IRL,2004,2.17854605730523
IRL,2003,3.49221909079765
IRL,2002,4.62820512820515
IRL,2001,4.85280279607477
IRL,2000,5.57763269940387
IRL,1999,1.62988605221407
IRL,1998,2.40768094534715
IRL,1997,1.5418020226137
IRL,1996,1.75574469607419
IRL,1995,2.52486446780802
IRL,1994,2.30920192610951
IRL,1993,1.46941522411422
IRL,1992,3.06999853835904
IRL,1991,3.21081037142378
IRL,1990,3.31732886680118
IRL,1989,4.08905388153544
IRL,1988,2.13456989107103
IRL,1987,3.15941034835014
IRL,1986,3.82704166542659
IRL,1985,5.39548620170352
IRL,1984,8.65111053796386
IRL,1983,10.4476255348594
IRL,1982,17.1471262037092
IRL,1981,20.3735110701934
IRL,1980,18.1544622557972
IRL,1979,13.2954688248281
IRL,1978,7.71111214621869
IRL,1977,13.4722552937948
IRL,1976,17.9856958613386
IRL,1975,20.8758503401952
IRL,1974,16.9761273212048
IRL,1973,11.4148503873296
IRL,1972,8.60581745301066
IRL,1971,8.96174863417669
IRL,1970,8.20719016091027
IRL,1969,7.41869918597554
IRL,1968,4.6808510638299
IRL,1967,3.1833150395518
IRL,1966,3.05429864140273
IRL,1965,4.98812351543946
IRL,1964,6.71728971926295
IRL,1963,2.45362058668928
IRL,1962,4.26372712149085
IRL,1961,2.7569993586355
IRL,1960,0.450837269431776
ISR,2025,3.0414132155654
ISR,2024,3.07480889805025
ISR,2023,4.22522603168918
ISR,2022,4.41162725488371
ISR,2021,1.47965474722561
ISR,2020,-0.575254620897756
ISR,2019,0.817645940292794
ISR,2018,0.805060379528526
ISR,2017,0.249807840123008
ISR,2016,-0.535168195718695
ISR,2015,-0.617342577642765
ISR,2014,0.467557251908503
ISR,2013,1.58976347421476
ISR,2012,1.67553715750052
ISR,2011,3.48837209302323
ISR,2010,2.70270270270273
ISR,2009,3.3676231727125
ISR,2008,4.52744765138651
ISR,2007,0.466226972936065
ISR,2006,2.05407914587443
ISR,2005,1.34070328119492
ISR,2004,-0.421595034547416
ISR,2003,0.70763061681807
ISR,2002,5.80234589468429
ISR,2001,1.12302839116721
ISR,2000,1.03263640999489
ISR,1999,5.18975459299983
ISR,1998,5.48875371339656
ISR,1997,8.95499383477184
ISR,1996,11.4585122831129
ISR,1995,9.93389990557126
ISR,1994,12.253550985796
ISR,1993,10.8838740009403
ISR,1992,12.0653319283457
ISR,1991,19.1088798242862
ISR,1990,17.2553348050036
ISR,1989,20.3187250996016
ISR,1988,16.3833075734158
ISR,1987,19.079754601227
ISR,1986,47.6449275362319
ISR,1985,307.161914643941
ISR,1984,373.215631362847
ISR,1983,145.951502714297
ISR,1982,120.364407727812
ISR,1981,116.800000344522
ISR,1980,131.025002810633
ISR,1979,78.3100201622935
ISR,1978,50.5509459859395
ISR,1977,34.6167272829376
ISR,1976,31.3108602275757
ISR,1975,39.3067019769322
ISR,1974,39.6800205078045
ISR,1973,20.0324397949855
ISR,1972,12.8813065050823
ISR,1971,11.9724516736199
ISR,1970,6.11074203598736
ISR,1969,2.45805425617799
ISR,1968,2.0792218581362
ISR,1967,1.70609316005936
ISR,1966,7.93036754448446
ISR,1965,7.70833326420504
ISR,1964,5.17275042328816
ISR,1963,6.58113736464061
ISR,1962,9.40819406826553
ISR,1961,6.78982340440245
ISR,1960,2.22811242067083
ITA,2025,1.5316682765282
ITA,2024,0.982373023061417
ITA,2023,5.62219442195901
ITA,2022,8.20128991161718
ITA,2021,1.87378325762481
ITA,2020,-0.13770757391651
ITA,2019,0.611246943765304
ITA,2018,1.13748763600391
ITA,2017,1.22653316645812
ITA,2016,-0.09401665691575
ITA,2015,0.0387903996579733
ITA,2014,0.241047429826756
ITA,2013,1.21999342274306
ITA,2012,3.04136333226775
ITA,2011,2.78063272879323
ITA,2010,1.52551602118248
ITA,2009,0.774768131387381
ITA,2008,3.34783258401022
ITA,2007,1.82974112202403
ITA,2006,2.09084391012754
ITA,2005,1.9852929852798
ITA,2004,2.20673661423657
ITA,2003,2.6725555277285
ITA,2002,2.46532319171165
ITA,2001,2.78516542713554
ITA,2000,2.53768532095002
ITA,1999,1.66345995007714
ITA,1998,1.95508557719381
ITA,1997,2.04310779750136
ITA,1996,4.0069766898104
ITA,1995,5.23542258044301
ITA,1994,4.05184218065716
ITA,1993,4.62673468331298
ITA,1992,5.2705899859293
ITA,1991,6.24999929790291
ITA,1990,6.456609061464
ITA,1989,6.25983137956977
ITA,1988,5.05824747667119
ITA,1987,4.74728490389789
ITA,1986,5.82354691862017
ITA,1985,9.20599144253118
ITA,1984,10.7944960076811
ITA,1983,14.646576674877
ITA,1982,16.4804146202214
ITA,1981,17.9692987519672
ITA,1980,21.0641682770745
ITA,1979,14.7985735661484
ITA,1978,12.0940138425074
ITA,1977,17.13004878665
ITA,1976,16.6141664725788
ITA,1975,16.9505025668306
ITA,1974,19.1597695854699
ITA,1973,10.7986174547602
ITA,1972,5.74950393730007
ITA,1971,4.79166438333786
ITA,1970,4.96831987329335
ITA,1969,2.65725273386972
ITA,1968,1.27731335390797
ITA,1967,3.73333832073822
ITA,1966,2.34658893413318
ITA,1965,4.51926830743458
ITA,1964,5.91232253218587
ITA,1963,7.45471822539103
ITA,1962,4.69114360740471
ITA,1961,2.05069731278698
ITA,1960,2.3501614137705
JAM,2025,4.00459048079239
JAM,2024,5.41194447981659
JAM,2023,6.47413734662063
JAM,2022,10.3495688391272
JAM,2021,5.86278242801063
JAM,2020,5.2267777929352
JAM,2019,3.90510000865872
JAM,2018,3.73663882152163
JAM,2017,4.37839864991561
JAM,2016,2.35102197485846
JAM,2015,3.69154228855725
JAM,2014,8.27407886231419
JAM,2013,9.34150076569673
JAM,2012,6.87397708674309
JAM,2011,7.555856465809
JAM,2010,12.6105519975603
JAM,2009,9.59224598930482
JAM,2008,22.0228384991843
JAM,2007,9.24482067275562
JAM,2006,8.56106408706157
JAM,2005,15.0528658875905
JAM,2004,13.5545023696682
JAM,2003,10.0869565217391
JAM,2002,7.07635009310985
JAM,2001,6.8019093078759
JAM,2000,8.17108356120225
JAM,1999,5.95423949113006
JAM,1998,8.63189613012144
JAM,1997,9.65755261268595
JAM,1996,26.4066566074043
JAM,1995,19.9087488364168
JAM,1994,35.0633942484772
JAM,1993,22.0699494185292
JAM,1992,77.2965929559651
JAM,1991,51.0710977304313
JAM,1990,21.9601751165083
JAM,1989,14.3295390328572
JAM,1988,8.26676574400908
JAM,1987,6.65244804962684
JAM,1986,15.1053754209796
JAM,1985,25.6731012391772
JAM,1984,27.8147693237453
JAM,1983,11.5821110844253
JAM,1982,6.54540796720066
JAM,1981,12.7397181145091
JAM,1980,27.3081589882307
JAM,1979,29.0792596109786
JAM,1978,34.8998015240508
JAM,1977,11.1910016370359
JAM,1976,9.79365327534651
JAM,1975,17.3761467885801
JAM,1974,27.1581894550216
JAM,1973,17.6825919824838
JAM,1972,5.42770299630751
JAM,1971,5.33617929585868
JAM,1970,14.7280041962567
JAM,1969,6.30345853477095
JAM,1968,5.92869805002995
JAM,1967,3.02353896103856
JAM,1966,1.90239867659225
JAM,1965,2.63157894736852
JAM,1964,2.01342281879186
JAM,1963,1.76250275391075
JAM,1962,1.40750670241315
JAM,1961,6.69845053635209
JAM,1960,3.27424913835588
JPN,2025,3.17253034260248
JPN,2024,2.73853681635241
JPN,2023,3.26813365933163
JPN,2022,2.49770278172255
JPN,2021,-0.233352779398264
JPN,2020,-0.024995834027731
JPN,2019,0.46877615938395
JPN,2018,0.989094598021848
JPN,2017,0.484199796126385
JPN,2016,-0.127258844489754
JPN,2015,0.795279630579839
JPN,2014,2.75922671353253
JPN,2013,0.335037912184741
JPN,2012,-0.0440645104432602
JPN,2011,-0.27245561610124
JPN,2010,-0.728243207517779
JPN,2009,-1.35283672951719
JPN,2008,1.3800788616492
JPN,2007,0.060039454498669
JPN,2006,0.249355116079085
JPN,2005,-0.282946068764391
JPN,2004,-0.00857338820310272
JPN,2003,-0.256541816316025
JPN,2002,-0.923494026942321
JPN,2001,-0.740055504162738
JPN,2000,-0.676578683595175
JPN,1999,-0.341296928327554
JPN,1998,0.661974191385911
JPN,1997,1.74780458692133
JPN,1996,0.136600358575909
JPN,1995,-0.127899045020446
JPN,1994,0.695458057869004
JPN,1993,1.24304589707924
JPN,1992,1.7602830605927
JPN,1991,3.25143848753308
JPN,1990,3.0785162869516
JPN,1989,2.27228962064317
JPN,1988,0.678557580457558
JPN,1987,0.126176841696583
JPN,1986,0.595586799453249
JPN,1985,2.0322773460849
JPN,1984,2.26161369193155
JPN,1983,1.89971971348485
JPN,1982,2.7410409556314
JPN,1981,4.91216291820523
JPN,1980,7.77858176555718
JPN,1979,3.70185092546269
JPN,1978,4.20956601068681
JPN,1977,8.16182689596842
JPN,1976,9.37403638606234
JPN,1975,11.7312661498708
JPN,1974,23.2222458076842
JPN,1973,11.6086235489221
JPN,1972,4.84351713859905
JPN,1971,6.39534883720926
JPN,1970,6.92417383485781
JPN,1969,5.24982091102027
JPN,1968,5.33943295739344
JPN,1967,3.98984808881518
JPN,1966,5.04083205887676
JPN,1965,6.65599094260621
JPN,1964,3.80038945305753
JPN,1963,6.7069055639799
JPN,1962,6.8354403481973
JPN,1961,5.36846178480055
JPN,1960,3.5745115253591
JOR,2025,1.76646490894206
JOR,2024,1.55659611283953
JOR,2023,2.08486986327134
JOR,2022,4.22915568897117
JOR,2021,1.34609377243118
JOR,2020,0.333294350628378
JOR,2019,0.761514047265601
JOR,2018,4.46231108475481
JOR,2017,3.32389447576097
JOR,2016,-0.778430463054142
JOR,2015,-0.876851359704049
JOR,2014,2.89947905006057
JOR,2013,4.82462314269537
JOR,2012,4.5152295667099
JOR,2011,4.1624416292779
JOR,2010,4.84551875852116
JOR,2009,-0.739069743144777
JOR,2008,13.9712310012729
JOR,2007,4.74390639021648
JOR,2006,6.25172466656443
JOR,2005,3.49368534619531
JOR,2004,3.36186821476601
JOR,2003,1.62999999999998
JOR,2002,1.83299389002049
JOR,2001,1.77220437351017
JOR,2000,0.66688092559796
JOR,1999,0.606256567779427
JOR,1998,3.09166666666703
JOR,1997,3.0378842030025
JOR,1996,6.50121802679586
JOR,1995,2.35312451301273
JOR,1994,3.51669624132886
JOR,1993,3.31666666666706
JOR,1992,3.9958356055719
JOR,1991,8.15549597855212
JOR,1990,16.1921375615233
JOR,1989,25.7127192982454
JOR,1988,6.61322645290578
JOR,1987,-0.199999999999908
JOR,1985,2.98507462714756
JOR,1984,3.84747273837611
JOR,1983,5.02016709831461
JOR,1982,7.42804085422491
JOR,1981,7.69999999999975
JOR,1980,11.1111111111113
JOR,1979,14.2464917630784
JOR,1978,6.92152129952408
JOR,1977,14.5665171893876
JOR,1976,11.4999999999997
JOR,1975,11.9798234553088
JOR,1974,19.4277108435204
JOR,1973,11.1297071121337
JOR,1972,7.6576576576576
JOR,1971,4.81586402365268
JOR,1970,5.89999999899992
KAZ,2025,11.3879454675914
KAZ,2024,8.69082156104494
KAZ,2023,14.5275597825952
KAZ,2022,15.0278644440851
KAZ,2021,8.04147134028401
KAZ,2020,6.71815454861458
KAZ,2019,5.33356098916669
KAZ,2018,6.16366247577762
KAZ,2017,7.44266321306792
KAZ,2016,14.3610942386248
KAZ,2015,6.67828585615236
KAZ,2014,6.84944977003358
KAZ,2013,5.94283871648418
KAZ,2012,5.19568369035073
KAZ,2011,8.4529046617679
KAZ,2010,7.40046356341396
KAZ,2009,7.31607858288578
KAZ,2008,17.139899777207
KAZ,2007,10.8468362075557
KAZ,2006,8.72169386091726
KAZ,2005,7.57999929125766
KAZ,2004,6.88205438981899
KAZ,2003,6.4382181011894
KAZ,2002,5.83692452105643
KAZ,2001,8.35413777161344
KAZ,2000,13.1808905865731
KAZ,1999,8.29602765342564
KAZ,1998,7.14632665452334
KAZ,1997,17.4080410607357
KAZ,1996,39.1825423654111
KAZ,1995,176.15529894237
KAZ,1994,1877.37239517572
KEN,2025,4.06912878540729
KEN,2024,4.48978854243448
KEN,2023,7.67139634029402
KEN,2022,7.65986268272224
KEN,2021,6.10793603659176
KEN,2020,5.40516207933392
KEN,2019,5.23963795764792
KEN,2018,4.6898064677633
KEN,2017,8.00564967709945
KEN,2016,6.29724953814625
KEN,2015,6.58215429284779
KEN,2014,6.87815499275949
KEN,2013,5.71749357037733
KEN,2012,9.37777003547598
KEN,2011,14.0224913014704
KEN,2010,3.96138889115385
KEN,2009,9.23412592394652
KEN,2008,26.2398166445063
KEN,2007,9.75888023027529
KEN,2006,14.4537342081708
KEN,2005,10.3127783574683
KEN,2004,11.6240355442426
KEN,2003,9.81569062979654
KEN,2002,1.96130821739162
KEN,2001,5.73859814341467
KEN,2000,9.98002515350979
KEN,1999,5.74200109520484
KEN,1998,6.72243650753928
KEN,1997,11.3618450505783
KEN,1996,8.86408741577522
KEN,1995,1.55432816055009
KEN,1994,28.8143894306731
KEN,1993,45.9788813036218
KEN,1992,27.3323644475784
KEN,1991,20.0844955754632
KEN,1990,17.78181442992
KEN,1989,13.7893172763883
KEN,1988,12.2649630481582
KEN,1987,8.63767318980084
KEN,1986,2.53427598892888
KEN,1985,13.0065664218827
KEN,1984,10.284098213138
KEN,1983,11.3977827368523
KEN,1982,20.6667146662827
KEN,1981,11.6030534351142
KEN,1980,13.8581814562484
KEN,1979,7.97935261848786
KEN,1978,16.9317824582842
KEN,1977,14.8209644818935
KEN,1976,11.4490304932756
KEN,1975,19.1201840136051
KEN,1974,17.8099480331818
KEN,1973,9.28119422332106
KEN,1972,5.83164474311005
KEN,1971,3.78020612544907
KEN,1970,2.18852703907439
KEN,1969,-0.17150100656233
KEN,1968,0.366711570051019
KEN,1967,1.75919579598299
KEN,1966,5.01439539323414
KEN,1965,3.57852882806742
KEN,1964,-0.0993048669314341
KEN,1963,0.697674418604589
KEN,1962,3.11750599520378
KEN,1961,2.45700245700254
KEN,1960,1.24378109452731
KIR,2024,2.45545072159028
KIR,2023,9.28307374517721
KIR,2022,5.34595440908904
KIR,2021,2.05361676773907
KIR,2020,2.5532455441463
KIR,2019,-1.81307995302947
KIR,2018,0.564030491493476
KIR,2017,0.355520888546828
KIR,2016,1.91731090233378
KIR,2015,0.572015743634256
KIR,2014,2.10398520925043
KIR,2013,-1.488059084681
KIR,2012,-3.04586292775571
KIR,2011,1.4974097987597
KIR,2010,-3.89955040651649
KIR,2009,9.81643884508657
KIR,2008,13.6653995252441
KIR,2007,3.59252131266417
KOR,2025,2.12309421458659
KOR,2024,2.32174328643542
KOR,2023,3.5974562502901
KOR,2022,5.08951365062842
KOR,2021,2.49833333333339
KOR,2020,0.537288023411737
KOR,2019,0.383000303608136
KOR,2018,1.47583935002645
KOR,2017,1.94433230786366
KOR,2016,0.971685739912168
KOR,2015,0.70633177245575
KOR,2014,1.27477446401322
KOR,2013,1.30134754547413
KOR,2012,2.18707104433314
KOR,2011,4.0259650043609
KOR,2010,2.93928652655686
KOR,2009,2.7564965449393
KOR,2008,4.67389655533408
KOR,2007,2.53457382137932
KOR,2006,2.24234028518921
KOR,2005,2.75379162735039
KOR,2004,3.59066298882578
KOR,2003,3.51487451459939
KOR,2002,2.76226210296599
KOR,2001,4.06657587897792
KOR,2000,2.25916580080157
KOR,1999,0.81295725444637
KOR,1998,7.51358008079307
KOR,1997,4.4389318457463
KOR,1996,4.92454354292754
KOR,1995,4.48074108557248
KOR,1994,6.26585950039679
KOR,1993,4.80099660215354
KOR,1992,6.21328146355184
KOR,1991,9.33279048161495
KOR,1990,8.57327225728677
KOR,1989,5.70016544561401
KOR,1988,7.14609773721605
KOR,1987,3.04966077087423
KOR,1986,2.74998096063358
KOR,1985,2.45910879215274
KOR,1984,2.27395640001863
KOR,1983,3.42061419498921
KOR,1982,7.1908466400687
KOR,1981,21.351640254
KOR,1980,28.6976086362017
KOR,1979,18.3234963421791
KOR,1978,14.4602850195024
KOR,1977,10.0966653313387
KOR,1976,15.3273205213194
KOR,1975,25.2492564056733
KOR,1974,24.3041995402397
KOR,1973,3.22102904692326
KOR,1972,11.6889866806845
KOR,1971,13.5117023313079
KOR,1970,15.9503423646945
KOR,1969,12.3895647111187
KOR,1968,10.7718213969351
KOR,1967,10.8824400571964
KOR,1966,11.261384877581
KOR,1965,13.5481947104654
KOR,1964,29.4628314500798
KOR,1963,20.6916473186476
KOR,1962,6.61831097492391
KOR,1961,8.19565288254092
KOR,1960,7.96556575482592
XKX,2025,3.85953869869506
XKX,2024,1.61944994559476
XKX,2023,4.94432438791283
XKX,2022,11.5805104542012
XKX,2021,3.35369139207997
XKX,2020,0.198227922994854
XKX,2019,2.67599202639893
XKX,2018,1.05379773654991
XKX,2017,1.48823430592319
XKX,2016,0.273169431045468
XKX,2015,-0.536929392740659
XKX,2014,0.428957808324092
XKX,2013,1.76732428354892
XKX,2012,2.47673782156533
XKX,2011,7.3364177131527
XKX,2010,3.48050763735842
XKX,2009,-2.41026401661229
XKX,2008,9.35041764658178
XKX,2007,4.35849695328369
XKX,2006,0.621646938601728
XKX,2005,-1.38518913159299
XKX,2004,-1.06472696605525
XKX,2003,-1.08481262327414
KWT,2025,2.36195936682045
KWT,2024,2.89855072463762
KWT,2023,3.64216403030709
KWT,2022,3.98064961990313
KWT,2021,3.42362947609188
KWT,2020,2.101729548274
KWT,2019,1.09184802655856
KWT,2018,0.543133148199567
KWT,2017,2.17183298510006
KWT,2016,3.19839776658374
KWT,2015,3.27170166092133
KWT,2014,2.90892672858625
KWT,2013,2.68229684085039
KWT,2012,3.25514600287211
KWT,2011,4.8394034987095
KWT,2010,4.49640287769787
KWT,2009,4.60959548447787
KWT,2008,10.5827097865144
KWT,2007,5.48494983277596
KWT,2006,3.05701339166722
KWT,2005,4.14297583631023
KWT,2004,1.24856443679889
KWT,2003,0.961350293542112
KWT,2002,0.888450148074907
KWT,2001,1.29999999999999
KWT,2000,1.81294613887089
KWT,1999,2.99081035923166
KWT,1998,0.129658287674027
KWT,1997,0.682191434707604
KWT,1996,3.55398569684287
KWT,1995,2.68672756582484
KWT,1994,2.53443526170792
KWT,1993,0.382541365165916
KWT,1992,-0.54547121378821
KWT,1991,9.05818836232758
KWT,1990,9.83363531543402
KWT,1989,3.34203359055792
KWT,1988,1.46813288041913
KWT,1987,0.654844691701656
KWT,1986,0.953606740192038
KWT,1985,1.49032181427877
KWT,1984,1.17746005046669
KWT,1983,4.71816809275156
KWT,1982,7.77679842690853
KWT,1981,7.37478159583807
KWT,1980,6.92822668563188
KWT,1979,7.04999999925009
KWT,1978,8.6897451227484
KWT,1977,9.88951925933102
KWT,1976,5.23504273532376
KWT,1975,8.39237057218445
KWT,1974,12.9926108375187
KWT,1973,8.26666666600006
KGZ,2025,8.21496013406325
KGZ,2024,4.99760701207323
KGZ,2023,10.7532770416742
KGZ,2022,13.9229093174176
KGZ,2021,11.9050398185147
KGZ,2020,6.32542296338078
KGZ,2019,1.13362257718804
KGZ,2018,1.54266145238436
KGZ,2017,3.1753098637994
KGZ,2016,0.388838296895799
KGZ,2015,6.50331838993384
KGZ,2014,7.5342472977589
KGZ,2013,6.61375202358082
KGZ,2012,2.76844236540957
KGZ,2011,16.6363262731495
KGZ,2010,7.96772225579684
KGZ,2009,6.83656248105368
KGZ,2008,24.5201024234102
KGZ,2007,10.2301032660484
KGZ,2006,5.55212333162542
KGZ,2005,4.3386739184431
KGZ,2004,4.11065084723381
KGZ,2003,2.97461295184355
KGZ,2002,2.13420986310243
KGZ,2001,6.9196798942304
KGZ,2000,18.7007342838023
KGZ,1999,37.0309258369344
KGZ,1998,10.4573825846721
KGZ,1997,23.4354278497005
KGZ,1996,31.9473377218567
LAO,2025,7.74226936553695
LAO,2024,23.1305695942588
LAO,2023,31.2301341732646
LAO,2022,22.9562225132056
LAO,2021,3.75562036658877
LAO,2020,5.10407262959919
LAO,2019,3.32255881256925
LAO,2018,2.04039266890201
LAO,2017,0.825478607568026
LAO,2016,1.59691227583204
LAO,2015,1.27735427102992
LAO,2014,4.12924306873771
LAO,2013,6.37142717782947
LAO,2012,4.2551267783209
LAO,2011,7.5689885610998
LAO,2010,5.98254521550082
LAO,2009,0.141187674980385
LAO,2008,7.62880887577516
LAO,2007,4.66197269469701
LAO,2006,6.54559439052787
LAO,2005,7.16541759946639
LAO,2004,10.4622667314208
LAO,2003,15.4893529233525
LAO,2002,10.6313446323333
LAO,2001,7.81180794783471
LAO,2000,25.0846414281315
LAO,1999,125.27212839928
LAO,1998,90.9807345622878
LAO,1997,27.5088624491449
LAO,1996,13.0244156963462
LAO,1995,19.5939189878584
LAO,1994,6.7844807862023
LAO,1993,6.26722241519029
LAO,1992,9.86452966991032
LAO,1991,13.4415584415586
LAO,1990,35.642982971227
LAO,1989,61.3325965106187
LVA,2025,3.74577316751945
LVA,2024,1.26579885828729
LVA,2023,8.9380462331663
LVA,2022,17.3102830198815
LVA,2021,3.27582937431165
LVA,2020,0.219064904841985
LVA,2019,2.81140920075624
LVA,2018,2.53445424186598
LVA,2017,2.93036312374665
LVA,2016,0.140633334505327
LVA,2015,0.174242243625186
LVA,2014,0.620490636732421
LVA,2013,-0.029454778257828
LVA,2012,2.25778924374585
LVA,2011,4.37073559939223
LVA,2010,-1.08463595015155
LVA,2009,3.53410672858934
LVA,2008,15.4023191064986
LVA,2007,10.0929775849169
LVA,2006,6.53619908765872
LVA,2005,6.74845027893124
LVA,2004,6.19238547197429
LVA,2003,2.94264752948478
LVA,2002,1.93887573855886
LVA,2001,2.48704003555464
LVA,2000,2.65425477796048
LVA,1999,2.36481836111805
LVA,1998,4.64421422660783
LVA,1997,8.44738342092961
LVA,1996,17.6104698431033
LVA,1995,24.9759355316749
LVA,1994,35.9247053929643
LVA,1993,108.989540624323
LVA,1992,951.696194870801
LBN,2025,14.597595869611
LBN,2024,45.2430422716718
LBN,2023,221.341644023365
LBN,2022,171.205491336641
LBN,2021,154.756096023393
LBN,2020,84.8643330472041
LBN,2019,3.00538949390383
LBN,2018,6.07698907889607
LBN,2017,4.32135218303191
LBN,2016,-0.783359624361508
LBN,2015,-3.74914524799629
LBN,2014,1.8546042134091
LBN,2013,4.82101956297399
LBN,2012,6.58147447683677
LBN,2011,4.97148571692384
LBN,2010,3.98347941855833
LBN,2009,1.19509671165543
LSO,2025,4.27011140706666
LSO,2024,6.10544624245032
LSO,2023,6.34221743124953
LSO,2022,8.27180389943028
LSO,2021,6.04774591950676
LSO,2020,4.97809676252309
LSO,2019,5.18708359197982
LSO,2018,4.7518030162474
LSO,2017,4.447699373763
LSO,2016,6.59650490696543
LSO,2015,3.21844513655931
LSO,2014,5.37028961008587
LSO,2013,4.86511899496385
LSO,2012,6.05143662139967
LSO,2011,5.0366305210156
LSO,2010,-2.40524254598706
LSO,2009,-16.8596910540644
LSO,2008,10.7156661309681
LSO,2007,8.01243669043409
LSO,2006,6.07271879734293
LSO,2005,3.43788423057443
LSO,2004,5.02342068616285
LSO,2003,6.62916357146762
LSO,2002,33.812578338126
LSO,2001,-9.61615353858472
LSO,2000,6.13197538722696
LSO,1996,9.33031458531928
LSO,1995,9.27083333333323
LSO,1994,8.21473862195302
LSO,1993,13.1356607683724
LSO,1992,17.2085201793721
LSO,1991,17.6781002638523
LSO,1990,11.6347569955818
LSO,1989,14.7282455646297
LSO,1988,11.4563716258632
LSO,1987,11.750263065591
LSO,1986,18.0049668874172
LSO,1985,13.3208255159471
LSO,1984,10.9838625715774
LSO,1983,17.4923547400614
LSO,1982,12.1399176954734
LSO,1981,12.413261372398
LSO,1980,16.2748416182533
LSO,1979,16.0035523977478
LSO,1978,13.4835790118489
LSO,1977,16.6883116885552
LSO,1976,11.4125519984136
LSO,1975,14.2119396819426
LSO,1974,13.4228345165924
LBR,2025,8.31564329402952
LBR,2024,8.21497439118964
LBR,2023,10.0944535665552
LBR,2022,7.59298486560313
LBR,2021,7.81559385858648
LBR,2020,16.9557241496255
LBR,2019,26.9662760197878
LBR,2018,23.5635148953742
LBR,2017,12.4196323907138
LBR,2016,8.83424868336488
LBR,2015,7.74869687621322
LBR,2014,9.86111285574904
LBR,2013,7.577306817414
LBR,2012,6.83178703418548
LBR,2011,8.488167518494
LBR,2010,7.28992796890218
LBR,2009,7.42764305914919
LBR,2008,17.489448642993
LBR,2007,11.3918966807102
LBR,2006,7.34144608278558
LBR,2005,10.8343588481414
LBR,2004,7.82908704883235
LBR,2003,10.3302881236823
LBR,2002,14.1596470116325
LBY,2025,1.84166666666702
LBY,2024,2.12615766885021
LBY,2023,2.3731753143518
LBY,2022,4.51030149235695
LBY,2021,2.86833027751015
LBY,2020,1.44703656998741
LBY,2019,-2.16217883470591
LBY,2018,13.1702038536722
LBY,2017,25.8036184788337
LBY,2016,25.853874212446
LBY,2015,10.4022933588151
LBY,2014,2.43294141599233
LBY,2013,2.60581802719517
LBY,2012,6.05980392156855
LBY,2011,15.5184815317562
LBY,2010,2.79989500109265
LBY,2009,2.45990025609954
LBY,2008,10.3607288954998
LBY,2007,6.25098782993553
LBY,2006,1.45926876202722
LBY,2005,2.65020576131657
LBY,2004,-2.19756774055898
LBY,2003,-2.19115191986647
LBY,2002,-9.79764705882356
LBY,2001,-8.81393752145546
LBY,2000,-2.90000000000024
LBY,1999,2.64862252295822
LBY,1998,3.70927318295734
LBY,1997,3.55029585798822
LBY,1996,4.02807775377965
LBY,1995,7.23798494499129
LBY,1994,5.11259890444314
LBY,1993,11.0735532720389
LBY,1992,9.35975158953134
LBY,1991,11.8960953011251
LBY,1990,8.4514624080388
LBY,1989,1.51183970856097
LBY,1988,6.08695652173907
LBY,1987,4.35571687840289
LBY,1986,3.29098104561556
LBY,1985,9.13844055467158
LBY,1984,12.4776272053182
LBY,1983,10.6052036199096
LBY,1982,10.2588088556284
LBY,1981,11.1997226074894
LBY,1980,9.73428879471392
LBY,1979,-6.03902875017094
LBY,1978,29.3797941641698
LBY,1977,6.28021302750907
LBY,1976,5.47921527968846
LBY,1975,9.11920030145642
LBY,1974,7.45845156082894
LBY,1973,7.970895563186
LBY,1972,-0.251023192089008
LBY,1971,-3.10384940810851
LBY,1970,-5.29637142204704
LBY,1969,9.78597055547384
LBY,1968,0.391231447309205
LBY,1967,7.29610874230891
LBY,1966,12.2429137683409
LBY,1965,11.4249999996678
LTU,2025,3.79170510860467
LTU,2024,0.715735835228723
LTU,2023,9.11731962390475
LTU,2022,19.7050461518394
LTU,2021,4.68354420903453
LTU,2020,1.19989444983569
LTU,2019,2.33450937988027
LTU,2018,2.69792779208394
LTU,2017,3.72288862303707
LTU,2016,0.905525075460342
LTU,2015,-0.884097405500596
LTU,2014,0.103758009433708
LTU,2013,1.04747937065344
LTU,2012,3.08998277055417
LTU,2011,4.13027562645085
LTU,2010,1.31921362055463
LTU,2009,4.45304456518535
LTU,2008,10.9258856241655
LTU,2007,5.73717382799842
LTU,2006,3.73912004060664
LTU,2005,2.65848484065262
LTU,2004,1.16410252104671
LTU,2003,-1.13430854990247
LTU,2002,0.281506610345575
LTU,2001,1.36712030817819
LTU,2000,0.981615478857598
LTU,1999,0.727550626557424
LTU,1998,5.06755385841968
LTU,1997,8.88104848465892
LTU,1996,24.62519538645
LTU,1995,39.6476290328289
LTU,1994,72.2546816164428
LTU,1993,410.451858561316
LTU,1992,1020.62056524354
LUX,2025,2.25723817871726
LUX,2024,2.05113269954859
LUX,2023,3.74140361983136
LUX,2022,6.33600807777919
LUX,2021,2.52692009066166
LUX,2020,0.819957302127036
LUX,2019,1.74332075653848
LUX,2018,1.5281952430737
LUX,2017,1.73079959118896
LUX,2016,0.290833333333225
LUX,2015,0.474743161437871
LUX,2014,0.628543985440717
LUX,2013,1.73403963519162
LUX,2012,2.66284165508011
LUX,2011,3.4106834106835
LUX,2010,2.27367911621542
LUX,2009,0.368041997888867
LUX,2008,3.4018796302557
LUX,2007,2.31245861786126
LUX,2006,2.66631494577077
LUX,2005,2.48769665164081
LUX,2004,2.22567916428894
LUX,2003,2.04984030563516
LUX,2002,2.07408613571643
LUX,2001,2.66382110579101
LUX,2000,3.15076707022596
LUX,1999,1.02519676474926
LUX,1998,0.958570110494753
LUX,1997,1.36751261207932
LUX,1996,1.18385968843573
LUX,1995,1.86769424969108
LUX,1994,2.19476468689066
LUX,1993,3.58809818535169
LUX,1992,3.15417375961789
LUX,1991,3.11835659874854
LUX,1990,3.25376659083644
LUX,1989,3.37095887290439
LUX,1988,1.43659056634904
LUX,1987,-0.0566629093891211
LUX,1986,0.294563408545419
LUX,1985,4.09358778530096
LUX,1984,6.43585780786989
LUX,1983,8.66927159808513
LUX,1982,9.35705099427395
LUX,1981,8.07294375934585
LUX,1980,6.29990006244595
LUX,1979,4.54652779042176
LUX,1978,3.09466077424646
LUX,1977,6.7054941145066
LUX,1976,9.79734643716296
LUX,1975,10.7176711339197
LUX,1974,9.54065541660585
LUX,1973,6.06809835910207
LUX,1972,5.22568050555544
LUX,1971,4.67221498041402
LUX,1970,4.63935344389943
LUX,1969,2.29443437047164
LUX,1968,2.62542908963158
LUX,1967,2.16615698739844
LUX,1966,3.33167977254573
LUX,1965,3.33367932929342
LUX,1964,3.09638151245735
LUX,1963,2.8763224621268
LUX,1962,0.895946647339721
LUX,1961,0.482433590630879
LUX,1960,0.449620296389857
MAC,2025,0.333311677308542
MAC,2024,0.672498598854365
MAC,2023,0.476384495788075
MAC,2022,1.04502802369954
MAC,2021,0.0264543647055504
MAC,2020,0.811410511491512
MAC,2019,2.75193081051975
MAC,2018,3.00446293166953
MAC,2017,1.22812404052809
MAC,2016,2.36895749705898
MAC,2015,4.56056338028173
MAC,2014,6.04823452094076
MAC,2013,5.50057779178484
MAC,2012,6.10738928336549
MAC,2011,5.80624616691043
MAC,2010,2.80947242060843
MAC,2009,1.16906695453767
MAC,2008,8.61101858637
MAC,2007,5.57149689143952
MAC,2006,5.14997337750692
MAC,2005,4.39589284335674
MAC,2004,0.980728452039451
MAC,2003,-1.56245203671305
MAC,2002,-2.63751699816198
MAC,2001,-1.98465008641646
MAC,2000,-1.60971883961897
MAC,1999,-3.20416248186587
MAC,1998,0.172630384568516
MAC,1997,3.49093715138855
MAC,1996,4.82248676783487
MAC,1995,8.55866604308447
MAC,1994,6.25206890210272
MAC,1993,6.70588552770043
MAC,1992,7.71392168356611
MAC,1991,9.5688776593484
MAC,1990,7.96969384363221
MAC,1989,8.77094554159181
MDG,2025,8.05052431791227
MDG,2024,7.61335784313723
MDG,2023,9.87432675044888
MDG,2022,8.16059031991844
MDG,2021,5.81225118787715
MDG,2020,4.20179312190557
MDG,2019,5.61051441492365
MDG,2018,8.59422958870476
MDG,2017,8.60905075422949
MDG,2016,6.03575858154679
MDG,2015,7.40419174202129
MDG,2014,6.08040811088302
MDG,2013,5.8264294445198
MDG,2012,5.71384434191053
MDG,2011,9.48254048582992
MDG,2010,9.24732173644116
MDG,2009,8.95421802392949
MDG,2008,9.29650839381057
MDG,2007,10.2879663187671
MDG,2006,10.7656371554865
MDG,2005,18.3638246468932
MDG,2004,13.9558018033211
MDG,2003,-1.70400479616298
MDG,2002,16.4985255315846
MDG,2001,7.91694484529586
MDG,2000,11.859684500028
MDG,1999,9.92953399348781
MDG,1998,6.2080160866332
MDG,1997,4.48638261737399
MDG,1996,19.7563545439776
MDG,1995,49.0802100590784
MDG,1994,38.9417908989239
MDG,1993,10.008361204014
MDG,1992,14.5123786075771
MDG,1991,8.59264760490192
MDG,1990,11.7844838321357
MDG,1989,9.01299594555501
MDG,1988,26.8537971413812
MDG,1987,14.9931351322502
MDG,1986,14.4973321039129
MDG,1985,10.5564839573619
MDG,1984,9.85662095433889
MDG,1983,19.328338591095
MDG,1982,31.7897046510535
MDG,1981,30.5381774327711
MDG,1980,18.2178658946756
MDG,1979,14.0555922555516
MDG,1978,6.52844692261797
MDG,1977,3.10895289128426
MDG,1976,4.98681511862571
MDG,1975,8.19121283215929
MDG,1974,22.100944418778
MDG,1973,6.1201018646478
MDG,1972,5.6225596527748
MDG,1971,5.38588149243495
MDG,1970,2.87864534318793
MDG,1969,3.82887282683659
MDG,1968,0.956513164485543
MDG,1967,0.815190376680787
MDG,1966,3.21157397897554
MDG,1965,4.20186036589442
MWI,2025,28.3702565330281
MWI,2024,32.1796504225025
MWI,2023,28.7897428247298
MWI,2022,20.953969729969
MWI,2021,9.33014410835212
MWI,2020,8.62551469650552
MWI,2019,9.3708360560567
MWI,2018,12.420178108921
MWI,2017,11.5433939188771
MWI,2016,21.7111132136499
MWI,2015,21.8673475542553
MWI,2014,23.7920649469687
MWI,2013,27.2833333333334
MWI,2012,21.2712650013779
MWI,2011,7.6228226284852
MWI,2010,7.41159092883827
MWI,2009,8.42204427696655
MWI,2008,8.71260186609043
MWI,2007,7.9522099086403
MWI,2006,13.9742943548388
MWI,2005,15.4103446604296
MWI,2004,11.4298060822124
MWI,2003,9.57679786919214
MWI,2002,14.7446346101603
MWI,2001,22.7
MWI,2000,29.5814884631684
MWI,1999,44.8041642861674
MWI,1998,29.7486512828264
MWI,1997,9.13735243003495
MWI,1996,37.6020450235016
MWI,1995,83.3257747543458
MWI,1994,34.6496361508324
MWI,1993,22.7727102336625
MWI,1992,23.7513530230399
MWI,1991,12.6153153828849
MWI,1990,11.8235380454151
MWI,1989,12.4463620502664
MWI,1988,33.9121649354339
MWI,1987,25.1550954282911
MWI,1986,14.0468679587644
MWI,1985,10.5189759937166
MWI,1984,20.0263032042325
MWI,1983,13.5025105170179
MWI,1982,9.82116244432078
MWI,1981,11.8146975500212
MYS,2025,1.38060872293692
MYS,2024,1.834100204499
MYS,2023,2.48886560125754
MYS,2022,3.37869862549928
MYS,2021,2.47710241465447
MYS,2020,-1.1387021539305
MYS,2019,0.662891865764326
MYS,2018,0.884709160571235
MYS,2017,3.87120115774237
MYS,2016,2.09056659525742
MYS,2015,2.10438980238359
MYS,2014,3.14299050879095
MYS,2013,2.10501231233612
MYS,2012,1.66357102479206
MYS,2011,3.1744709215131
MYS,2010,1.62285235577035
MYS,2009,0.583308405623702
MYS,2008,5.44078221100769
MYS,2007,2.02735317779569
MYS,2006,3.60923564224389
MYS,2005,2.97507092684449
MYS,2004,1.42127115937402
MYS,2003,1.08967632577286
MYS,2002,1.80787246281536
MYS,2001,1.41678473206098
MYS,2000,1.53474023697699
MYS,1999,2.74456130240604
MYS,1998,5.27034200348766
MYS,1997,2.66251459711946
MYS,1996,3.48855945858916
MYS,1995,3.45057509584895
MYS,1994,3.72497055359284
MYS,1993,3.53658536585389
MYS,1992,4.76722829992821
MYS,1991,4.358333333333
MYS,1990,2.61780104712051
MYS,1989,2.81320089714805
MYS,1988,2.55651945320742
MYS,1987,0.290007909438412
MYS,1986,0.737002855391939
MYS,1985,0.346458791259884
MYS,1984,3.89727260149768
MYS,1983,3.70423546319373
MYS,1982,5.8189000297783
MYS,1981,9.70000000000015
MYS,1980,6.6749195345051
MYS,1979,3.65446799796414
MYS,1978,4.86006458554252
MYS,1977,4.78822401445964
MYS,1976,2.63371150730571
MYS,1975,4.48772226915906
MYS,1974,17.3289809824411
MYS,1973,10.5601757413101
MYS,1972,3.23155422354874
MYS,1971,1.61303596395808
MYS,1970,1.84393596556387
MYS,1969,-0.40901502529407
MYS,1968,-0.158346528794567
MYS,1967,4.57556214033291
MYS,1966,0.967969025261369
MYS,1965,-0.10548523224379
MYS,1964,-0.402731571003658
MYS,1963,3.10525365608344
MYS,1962,0.10844026784809
MYS,1961,-0.180407721631565
MYS,1960,0.063182597888167
MDV,2025,4.00578494118752
MDV,2024,1.41093527910134
MDV,2023,2.90372427754586
MDV,2022,2.3305404647725
MDV,2021,0.543149688737013
MDV,2020,-1.36977425569811
MDV,2019,0.220029731065383
MDV,2018,-0.133373386117595
MDV,2017,2.81747338234509
MDV,2016,0.502509413611612
MDV,2015,0.953206658777607
MDV,2014,2.12000175718134
MDV,2013,3.8056300091943
MDV,2012,10.884695658563
MDV,2011,11.2734146055937
MDV,2010,6.14988536750173
MDV,2009,4.53017659132801
MDV,2008,12.0414583505108
MDV,2007,6.79477353930168
MDV,2006,2.73842131602099
MDV,2005,1.30027500930997
MDV,2004,-1.68541212459466
MDV,2003,-1.26065113450354
MDV,2002,4.1786723990479
MDV,2001,0.67257737006247
MDV,2000,-1.17475681175946
MDV,1999,2.95370836069129
MDV,1998,-1.40425233816792
MDV,1997,7.57283467072592
MDV,1996,6.24124591476026
MDV,1995,5.48886133171504
MDV,1994,3.38610098291493
MDV,1993,20.1273593149248
MDV,1992,16.8559977535548
MDV,1991,14.7136770282735
MDV,1990,3.64991197717477
MDV,1989,7.16585889470777
MDV,1988,6.45636026801941
MDV,1987,9.7040723294332
MDV,1986,9.72219327678563
MLI,2025,3.27823540357584
MLI,2024,3.2063986409966
MLI,2023,2.05880228274223
MLI,2022,9.62147608489064
MLI,2021,3.92560283104277
MLI,2020,0.438088940320669
MLI,2019,-1.65826694846365
MLI,2018,0.299546507387843
MLI,2017,1.75985742927165
MLI,2016,-1.79964707083386
MLI,2015,1.45069057605961
MLI,2014,0.883814547137841
MLI,2013,-0.606736356351563
MLI,2012,5.32312847064058
MLI,2011,2.95564395229392
MLI,2010,1.10892690670186
MLI,2009,2.46375188572299
MLI,2008,9.17098813667678
MLI,2007,1.41200201714577
MLI,2006,1.54352596927582
MLI,2005,6.39788293897883
MLI,2004,-3.09978128063957
MLI,2003,-1.34672619047621
MLI,2002,5.03282275711194
MLI,2001,5.18701191944068
MLI,2000,-0.677661659046769
MLI,1999,-1.20190368637502
MLI,1998,4.03658945954986
MLI,1997,-0.362999795946695
MLI,1996,6.80545996788233
MLI,1995,13.4417696811974
MLI,1994,23.1767911524285
MLI,1993,-0.263767884261804
MLI,1992,-6.24250599520425
MLI,1991,1.80042722001858
MLI,1990,0.606339703737523
MLI,1989,-0.0766929979288841
MLT,2025,2.36351752252186
MLT,2024,1.65079469283109
MLT,2023,5.09396758978883
MLT,2022,6.15375621933037
MLT,2021,1.49789217934724
MLT,2020,0.638544956776712
MLT,2019,1.6420600176894
MLT,2018,1.15782362451517
MLT,2017,1.36435448150708
MLT,2016,0.642702771527304
MLT,2015,1.10054826378929
MLT,2014,0.310306472181665
MLT,2013,1.1802843636655
MLT,2012,2.37582057760386
MLT,2011,2.9629852819288
MLT,2010,1.51563513618532
MLT,2009,2.08432746082343
MLT,2008,4.25862171897073
MLT,2007,1.24921923797629
MLT,2006,2.77378006481472
MLT,2005,3.00796652450313
MLT,2004,2.79082848067754
MLT,2003,1.30383777442602
MLT,2002,2.18849048060549
MLT,2001,2.92949244324104
MLT,2000,2.36959287531806
MLT,1999,2.13476888806386
MLT,1998,2.38525135417661
MLT,1997,3.11207791953272
MLT,1996,2.05400000000009
MLT,1995,4.42664550286654
MLT,1994,4.12992181638259
MLT,1993,4.14481954180488
MLT,1992,1.63321209889045
MLT,1991,2.54219284786975
MLT,1990,2.9834058606356
MLT,1989,0.847691359226212
MLT,1988,0.938344387128515
MLT,1987,0.431725669422442
MLT,1986,2.02788871414761
MLT,1985,-0.235207459677474
MLT,1984,-0.442500000750075
MLT,1983,-0.880997560317507
MLT,1982,5.81823397218665
MLT,1981,11.5097558377123
MLT,1980,15.747254103486
MLT,1979,7.14710743797893
MLT,1978,4.70751124951487
MLT,1977,10.0403748002364
MLT,1976,0.551512830258583
MLT,1975,8.79166666616691
MLT,1974,7.25561627204007
MLT,1973,7.68928991786149
MLT,1972,3.37276106781155
MLT,1971,2.32381215838809
MLT,1970,3.71565884809263
MLT,1969,2.33428760186217
MLT,1968,2.03730057682276
MLT,1967,0.693868315713048
MLT,1966,0.52312357869953
MLT,1965,1.60221845610132
MLT,1964,2.18024399859687
MLT,1963,1.87635313921265
MLT,1962,0.168674698957635
MLT,1961,2.51132153100695
MLT,1960,3.38461538461553
MRT,2025,1.54796926167072
MRT,2024,2.49164347481972
MRT,2023,4.95305034506872
MRT,2022,9.52526628622843
MRT,2021,3.56516484650185
MRT,2020,2.3856948845632
MRT,2019,2.30009262117937
MRT,2018,3.06735996058356
MRT,2017,2.25427651934813
MRT,2016,1.47171045650004
MRT,2015,3.25472688117631
MRT,2014,3.53436856147324
MRT,2013,4.12910173783393
MRT,2012,4.90242727217997
MRT,2011,5.68631959575954
MRT,2010,6.28354087427704
MRT,2009,2.22092032381779
MRT,2008,7.34663541249786
MRT,2007,7.25410841304887
MRT,2006,6.2410332814282
MRT,2005,12.1256487185541
MRT,2004,10.3676233473073
MRT,2003,5.15190150769578
MRT,2002,3.8957052575849
MRT,2001,4.7148963468961
MRT,2000,3.25406745833358
MRT,1999,4.07417613596754
MRT,1998,8.03166665498858
MRT,1997,4.62534695318394
MRT,1996,4.68130623916413
MRT,1995,6.54379068524171
MRT,1994,4.12825861295442
MRT,1993,9.37034415971461
MRT,1992,10.141817562151
MRT,1991,5.62866666666699
MRT,1990,6.60022564874018
MRT,1989,12.9326820981099
MRT,1988,1.31965861005482
MRT,1987,8.15234253800871
MRT,1986,7.4333333333332
MUS,2025,3.67359279962943
MUS,2024,3.6045220384796
MUS,2023,7.05298238454736
MUS,2022,10.7737512242899
MUS,2021,4.02852888157376
MUS,2020,2.5808007718283
MUS,2019,0.405655190309553
MUS,2018,3.2160538314457
MUS,2017,3.66699702675925
MUS,2016,0.977675134718965
MUS,2015,1.28654970760232
MUS,2014,3.21769191994684
MUS,2013,3.54329573934839
MUS,2012,3.85216033315983
MUS,2011,6.52249254869341
MUS,2010,2.93236301369857
MUS,2009,2.51609128145113
MUS,2008,9.73228317146887
MUS,2007,8.82729272393294
MUS,2006,8.91350105650142
MUS,2005,4.93717004981795
MUS,2004,4.71037060105883
MUS,2003,3.92105357558188
MUS,2002,6.41933372221149
MUS,2001,5.38934426229508
MUS,2000,4.19928825622807
MUS,1999,6.90914624866773
MUS,1998,6.81079323797193
MUS,1997,6.83334334996102
MUS,1996,6.55097336065573
MUS,1995,6.02933188484532
MUS,1994,7.32347154412294
MUS,1993,10.5178384472896
MUS,1992,4.64351929883709
MUS,1991,7.00101377541879
MUS,1990,13.4880887926371
MUS,1989,12.670042091136
MUS,1988,9.15931413351054
MUS,1987,0.518741633199852
MUS,1986,1.63265306122486
MUS,1985,6.69870394658498
MUS,1984,7.38916256169471
MUS,1983,5.58949801843939
MUS,1982,11.4156931283651
MUS,1981,14.4615910742106
MUS,1980,41.9995143865699
MUS,1979,14.4663702058303
MUS,1978,8.54513915082285
MUS,1977,9.172498970748
MUS,1976,12.9557291671836
MUS,1975,14.738323271755
MUS,1974,29.115630311092
MUS,1973,13.4507978726776
MUS,1972,5.39593552933404
MUS,1971,0.316344463692538
MUS,1970,1.5418659432567
MUS,1969,2.31522056676472
MUS,1968,6.97710758672967
MUS,1967,1.87853219781646
MUS,1966,2.50489556095841
MUS,1965,1.78556598298231
MUS,1964,1.89557417280998
MEX,2025,3.80668650726485
MEX,2024,4.72225588452932
MEX,2023,5.52796087314389
MEX,2022,7.8962761916855
MEX,2021,5.68920847683753
MEX,2020,3.39683415570006
MEX,2019,3.63596142127046
MEX,2018,4.89935015356551
MEX,2017,6.04145724018986
MEX,2016,2.8217078474766
MEX,2015,2.72064064964023
MEX,2014,4.01861608078679
MEX,2013,3.80639069747204
MEX,2012,4.11150981070289
MEX,2011,3.40737824605742
MEX,2010,4.15672722680174
MEX,2009,5.29735584228856
MEX,2008,5.12498274575896
MEX,2007,3.96684905458235
MEX,2006,3.62946762439132
MEX,2005,3.98805714597437
MEX,2004,4.68840884843143
MEX,2003,4.54690012118718
MEX,2002,5.03072733151295
MEX,2001,6.36773806235037
MEX,2000,9.49156149435403
MEX,1999,16.5856169707538
MEX,1998,15.9283950119353
MEX,1997,20.6256287259247
MEX,1996,34.3783832235168
MEX,1995,34.9992712889592
MEX,1994,6.96581237191123
MEX,1993,9.75146045357553
MEX,1992,15.5078962533573
MEX,1991,22.662359455061
MEX,1990,26.6516725646771
MEX,1989,20.0078767139978
MEX,1988,114.162258549066
MEX,1987,131.82738392309
MEX,1986,86.2333169923538
MEX,1985,57.7484484008702
MEX,1984,65.4488071277602
MEX,1983,101.874938435992
MEX,1982,58.9134198531048
MEX,1981,27.9337625982399
MEX,1980,26.3516513562834
MEX,1979,18.1912462987643
MEX,1978,17.4572925678265
MEX,1977,29.0641247103461
MEX,1976,15.824722489347
MEX,1975,14.9445346409267
MEX,1974,23.7840154425787
MEX,1973,12.0819394612938
MEX,1972,4.94369236377875
MEX,1971,5.46902899376838
MEX,1970,5.00341205483431
MEX,1969,3.36700336711678
MEX,1968,2.33395093467026
MEX,1967,3.01694847502148
MEX,1966,4.21578837738435
MEX,1965,3.56803865742936
MEX,1964,2.33790317234362
MEX,1963,0.594055008461965
MEX,1962,1.19898417815082
MEX,1961,1.6087596908193
MEX,1960,4.92751886903116
FSM,2022,5.40874375479067
FSM,2021,3.19128406597466
FSM,2020,0.554594630853174
FSM,2019,1.92385170787923
FSM,2018,1.49840023593737
FSM,2017,0.58225373525489
FSM,2016,-1.03746806405349
FSM,2015,-0.2981158373807
FSM,2014,0.650284891767944
FSM,2013,1.75232737350762
FSM,2012,5.01850353045616
FSM,2011,5.08259403890371
FSM,2010,3.31370963136217
FSM,2009,6.39360257735201
FSM,2008,8.42372566246186
FSM,2007,3.30634278002699
FSM,2006,4.63737008585635
FSM,2005,4.25769978210942
FSM,2004,2.27669698247304
FSM,2003,0.126643348208903
FSM,2002,-0.111442426432945
FSM,2001,0.502497351294027
FSM,2000,2.15851810619419
MDA,2025,7.75904124001159
MDA,2024,4.67773516007048
MDA,2023,13.41701043813
MDA,2022,28.7372976766236
MDA,2021,5.10641129002836
MDA,2020,3.76597122245358
MDA,2019,4.83778351428729
MDA,2018,3.04505397337058
MDA,2017,6.57022997455604
MDA,2016,6.35930898037931
MDA,2015,9.67624033101859
MDA,2014,5.08878554625869
MDA,2013,4.59787897363136
MDA,2012,4.54633427355302
MDA,2011,7.68725103356181
MDA,2010,7.48385086350853
MDA,2009,-0.0627185967109007
MDA,2008,12.7830472618821
MDA,2007,12.3671668414302
MDA,2006,12.777755783035
MDA,2005,11.9591837222127
MDA,2004,12.5242768428228
MDA,2003,11.7460792058232
MDA,2002,5.30124390261601
MDA,2001,9.76466285757623
MDA,2000,31.2993015817784
MDA,1999,39.2559806891747
MDA,1998,7.69576517517204
MDA,1997,11.7728324494467
MDA,1996,23.5056772963368
MDA,1995,29.8656104095718
MDA,1994,486.425623795891
MDA,1993,1613.60398876194
MDA,1992,1026.82626424702
MNG,2025,8.60536487369695
MNG,2024,6.1977990165842
MNG,2023,10.347583131434
MNG,2022,15.1509728200805
MNG,2021,7.35894657888155
MNG,2020,3.7237230614026
MNG,2019,7.30106953550729
MNG,2018,6.82424790145522
MNG,2017,4.30143105302342
MNG,2016,0.733272227314397
MNG,2015,5.73568281938327
MNG,2014,12.2539808129759
MNG,2013,10.4906567588241
MNG,2012,14.3303348325838
MNG,2011,8.41121495327101
MNG,2010,10.0462065881651
MNG,2009,7.6195059351941
MNG,2008,27.9556650246306
MNG,2007,9.63096309630964
MNG,2006,5.09516661663157
MNG,2005,12.7165674066053
MNG,2004,8.24115449417619
MNG,2003,5.12899499422419
MNG,2002,0.91707468718427
MNG,2001,6.27736020484006
MNG,2000,11.5955387593327
MNG,1999,7.56494150307377
MNG,1998,9.35704217716548
MNG,1997,36.5561148948773
MNG,1996,46.8899521531102
MNG,1995,0.0435161009571923
MNG,1994,87.580009329808
MNG,1993,268.150488882784
MNE,2025,3.89960910704956
MNE,2024,3.33675009282281
MNE,2023,8.58476910455403
MNE,2022,13.0403036347004
MNE,2021,2.41080198403165
MNE,2020,-0.255655699848551
MNE,2019,0.361563704540767
MNE,2018,2.611223782638
MNE,2017,2.3802359905313
MNE,2016,-0.271385023385176
MNE,2015,1.54869158222486
MNE,2014,-0.710514051710227
MNE,2013,2.20589268141178
MNE,2012,4.14524724981119
MNE,2011,3.4501431124869
MNE,2010,0.654946570148479
MNE,2009,3.46672373207793
MNE,2008,8.75872769588798
MNE,2007,4.34712215656112
MNE,2006,2.92451258123648
MAR,2025,0.701902154839545
MAR,2024,0.985256592004507
MAR,2023,6.09114152504141
MAR,2022,6.65704202759067
MAR,2021,1.40195883962006
MAR,2020,0.705968661338261
MAR,2019,0.303386036590383
MAR,2018,1.80391671141896
MAR,2017,0.754663249323619
MAR,2016,1.63531114327064
MAR,2015,1.5579071134626
MAR,2014,0.442310053557048
MAR,2013,1.88065466724086
MAR,2012,1.28712240079219
MAR,2011,0.9069249096918
MAR,2010,0.993557401226392
MAR,2009,0.971862998667636
MAR,2008,3.71484311494064
MAR,2007,2.04208512673344
MAR,2006,3.28476166954811
MAR,2005,0.982641660015951
MAR,2004,1.49344403381774
MAR,2003,1.16773367477592
MAR,2002,2.79561966936936
MAR,2001,0.619801875297975
MAR,2000,1.89463456763464
MAR,1999,0.684782608695643
MAR,1998,2.75311330764477
MAR,1997,1.03819895051614
MAR,1996,2.98680922773017
MAR,1995,6.12358164775523
MAR,1994,5.14167152953361
MAR,1993,5.18311396030801
MAR,1992,5.7402466286874
MAR,1991,7.98616600790512
MAR,1990,6.78259401511006
MAR,1989,3.2599694922639
MAR,1988,2.36905505487641
MAR,1987,2.69873997713767
MAR,1986,8.73355918706675
MAR,1985,7.7286389008592
MAR,1984,12.4475693291853
MAR,1983,6.20793538870313
MAR,1982,10.5278072972983
MAR,1981,12.4925283921001
MAR,1980,9.40837947437956
MAR,1979,8.33136541815462
MAR,1978,9.7160327495434
MAR,1977,12.5970009920069
MAR,1976,8.50215244349303
MAR,1975,7.91828926702741
MAR,1974,17.5568227452454
MAR,1973,4.08461403612973
MAR,1972,3.75917055722263
MAR,1971,4.1553520683533
MAR,1970,1.27918132376476
MAR,1969,2.94989135439242
MAR,1968,0.436479069044525
MAR,1967,-0.748276993897715
MAR,1966,-1.0135793646964
MAR,1965,3.4828212200169
MAR,1964,4.02154147421213
MAR,1963,5.69971168745222
MAR,1962,5.09672908138148
MAR,1961,1.76312460493452
MAR,1960,3.42429906542058
MOZ,2025,4.3684695014615
MOZ,2024,4.07856834812022
MOZ,2023,7.12697482131851
MOZ,2022,10.2794018093421
MOZ,2021,6.40847652975692
MOZ,2020,3.48393567493204
MOZ,2019,2.80270307928111
MOZ,2018,3.91133439990729
MOZ,2017,15.1132073899384
MOZ,2016,17.4180418197597
MOZ,2015,3.55075967356746
MOZ,2014,2.55974875844295
MOZ,2013,4.26135250941963
MOZ,2012,2.60245456956618
MOZ,2011,11.1666056127874
MOZ,2010,12.4255421735156
MOZ,2009,3.78861330914625
MOZ,2008,14.5028053002268
MOZ,2007,8.48948675497455
MOZ,2006,13.2450879070999
MOZ,2005,6.42755278070087
MMR,2019,8.82506696804558
MMR,2018,6.87232865662935
MMR,2017,4.5725365531752
MMR,2016,6.92882525816076
MMR,2015,9.45417189526018
MMR,2014,4.953299184844
MMR,2013,5.64303883425501
MMR,2012,1.46758322674679
MMR,2011,5.0214601462073
MMR,2010,7.71838195873614
MMR,2009,1.47234311385647
MMR,2008,26.7995371934022
MMR,2007,35.0245970717698
MMR,2006,19.9964873359214
MMR,2005,9.36861814196704
MMR,2004,4.53421374129692
MMR,2003,36.5897175323924
MMR,2002,57.0745112621703
MMR,2001,21.101305376923
MMR,2000,-0.109165514668565
MMR,1999,18.4010433741609
MMR,1998,51.4875497504079
MMR,1997,29.6972325791529
MMR,1996,16.2753966377374
MMR,1995,25.1947123972847
MMR,1994,24.0987860757019
MMR,1993,31.83160687276
MMR,1992,21.9132104007913
MMR,1991,32.2720382866416
MMR,1990,17.6267750314504
MMR,1989,27.1985264490888
MMR,1988,16.0428021801856
MMR,1987,24.7599999999999
MMR,1986,9.32546190007652
MMR,1985,6.80756655768333
MMR,1984,4.84631154769053
MMR,1983,5.65008336345438
MMR,1982,5.30474040537993
MMR,1981,0.318444733265915
MMR,1980,0.608153083899614
MMR,1979,5.67229502887827
MMR,1978,-6.04470612570265
MMR,1977,-1.15668724252864
MMR,1976,22.3844016992292
MMR,1975,31.6556629348014
MMR,1974,25.2116613422039
MMR,1973,25.1999999992502
MMR,1972,7.64262648008593
MMR,1971,2.08791208791186
MMR,1970,-4.00843881755277
MMR,1969,-4.33905146321215
MMR,1968,2.37603305787562
MMR,1967,0.833333332291585
MMR,1966,25.4901960784319
MMR,1965,17.6923076923075
MMR,1964,-0.459418068919959
MMR,1963,-2.68256333834103
MMR,1962,-1.61290322727254
MMR,1961,-0.146412882872103
MMR,1960,7.38993710703491
NAM,2025,3.51074539609587
NAM,2024,4.23903922877036
NAM,2023,5.87993463284275
NAM,2022,6.08128114112413
NAM,2021,3.61690530108814
NAM,2020,2.20938236933469
NAM,2019,3.72239414422695
NAM,2018,4.29159105337875
NAM,2017,6.14579981111164
NAM,2016,6.72858234593338
NAM,2015,3.39401538410559
NAM,2014,5.35016966859602
NAM,2013,5.60092502290401
NAM,2012,6.72199777334886
NAM,2011,5.005595180812
NAM,2010,4.8749198764395
NAM,2009,9.45172651521705
NAM,2008,9.0946430719281
NAM,2007,6.54788141101717
NAM,2006,4.96116689298916
NAM,2005,2.28194607024307
NAM,2004,4.13663213144748
NAM,2003,7.1361531145863
NRU,2012,-0.124750499001971
NRU,2011,0.3003003003003
NPL,2025,2.65334269811436
NPL,2024,4.6850965426577
NPL,2023,7.11587261530826
NPL,2022,7.6702057938028
NPL,2021,4.12676744440695
NPL,2020,5.05635826238499
NPL,2019,5.56616035243723
NPL,2018,4.40659410175714
NPL,2017,2.77703998300211
NPL,2016,8.7903433200464
NPL,2015,7.86890895590891
NPL,2014,8.36415469659563
NPL,2013,9.04016311917645
NPL,2012,9.45980980357125
NPL,2011,9.2270754612596
NPL,2010,9.32650410745395
NPL,2009,11.0948237386987
NPL,2008,9.9078300530648
NPL,2007,2.26921924439074
NPL,2006,6.92033580707589
NPL,2005,6.83633265892877
NPL,2004,2.8418113124898
NPL,2003,5.70700931874738
NPL,2002,3.02939948714892
NPL,2001,2.6883037354563
NPL,2000,2.47882020709136
NPL,1999,7.45111260957546
NPL,1998,11.2444677818614
NPL,1997,4.00998860523181
NPL,1996,9.22046662376986
NPL,1995,7.62296950698163
NPL,1994,8.34928672883384
NPL,1993,7.50539419087105
NPL,1992,17.1495236243439
NPL,1991,15.5574529276949
NPL,1990,8.23970037453206
NPL,1989,8.84688691232552
NPL,1988,8.98300338208989
NPL,1987,10.750328044985
NPL,1986,18.9989495502395
NPL,1985,8.0526412661963
NPL,1984,2.84578495716266
NPL,1983,12.3772380782712
NPL,1982,11.6985465924139
NPL,1981,11.1448567278444
NPL,1980,14.6845027763768
NPL,1979,3.56545378520235
NPL,1978,7.34609125083297
NPL,1977,9.89885284313483
NPL,1976,-3.11323573327195
NPL,1975,7.58598521352968
NPL,1974,19.8063380280849
NPL,1973,11.42977252586
NPL,1972,8.3890238963018
NPL,1971,-1.99950384520826
NPL,1970,15.2372784450359
NPL,1969,4.0575916228156
NPL,1968,1.1798699737004
NPL,1967,-2.80833138334684
NPL,1966,14.3889706868656
NPL,1965,8.47186932846475
NLD,2025,3.2595766451366
NLD,2024,3.34754304219953
NLD,2023,3.83839354342808
NLD,2022,10.0012078753473
NLD,2021,2.67572008805385
NLD,2020,1.27246037789161
NLD,2019,2.63369910249591
NLD,2018,1.70349794744479
NLD,2017,1.38145871407216
NLD,2016,0.316666666666652
NLD,2015,0.600248147278776
NLD,2014,0.976035079699679
NLD,2013,2.50689852657875
NLD,2012,2.45554765291614
NLD,2011,2.34107017751373
NLD,2010,1.27530569556679
NLD,2009,1.18977687021548
NLD,2008,2.48650198289457
NLD,2007,1.61385859802102
NLD,2006,1.10150106517709
NLD,2005,1.6881301786962
NLD,2004,1.26364739183177
NLD,2003,2.09199838997655
NLD,2002,3.28753104712766
NLD,2001,4.15584127195612
NLD,2000,2.36052233801958
NLD,1999,2.1571791805505
NLD,1998,1.95913632274257
NLD,1997,2.10924562739483
NLD,1996,2.11378787066774
NLD,1995,1.92322457166359
NLD,1994,2.80152693672192
NLD,1993,2.58418115634715
NLD,1992,3.18358569499581
NLD,1991,3.15819751859096
NLD,1990,2.45408985919675
NLD,1989,1.08216015577775
NLD,1988,0.737943045747553
NLD,1987,-0.691203091336868
NLD,1986,0.0833479494867508
NLD,1985,2.25858401255268
NLD,1984,3.30163841997983
NLD,1983,2.74084282543433
NLD,1982,5.91109323984916
NLD,1981,6.73892955078451
NLD,1980,6.51345686297215
NLD,1979,4.19929296222732
NLD,1978,4.11201316875867
NLD,1977,6.39930319039242
NLD,1976,8.83064355905726
NLD,1975,10.2174805273043
NLD,1974,9.591424843251
NLD,1973,8.02220374966094
NLD,1972,7.80279143456221
NLD,1971,7.47769255204135
NLD,1970,3.66891820184056
NLD,1969,7.4217973638689
NLD,1968,3.72079177074764
NLD,1967,3.45532005294176
NLD,1966,5.7621465538999
NLD,1965,3.90802639393659
NLD,1964,5.82376646876146
NLD,1963,3.24365932762645
NLD,1962,2.43114520046464
NLD,1961,1.30763936682729
NLD,1960,2.32394366197217
NCL,2016,0.578317435520754
NCL,2015,0.570508141048402
NCL,2014,0.178851060785511
NCL,2013,1.27761318992718
NCL,2012,1.74967234600262
NCL,2011,2.42899693753383
NZL,2025,2.8397963180572
NZL,2024,2.92279782301957
NZL,2023,5.73316283034957
NZL,2022,7.17222476016441
NZL,2021,3.94112060778728
NZL,2020,1.71456170007245
NZL,2019,1.61963190184048
NZL,2018,1.59829703801696
NZL,2017,1.85078767452536
NZL,2016,0.646240284454524
NZL,2015,0.292704628136101
NZL,2014,1.227507505974
NZL,2013,1.13442266445817
NZL,2012,1.05991318445632
NZL,2011,4.0279066739204
NZL,2010,2.30202385958572
NZL,2009,2.1156511055456
NZL,2008,3.9589493731206
NZL,2007,2.37614310290659
NZL,2006,3.36540196171993
NZL,2005,3.03702332617012
NZL,2004,2.29024902847571
NZL,2003,1.75357444759557
NZL,2002,2.67709257711605
NZL,2001,2.62581630392903
NZL,2000,2.6152344624632
NZL,1999,-0.114267129777524
NZL,1998,1.26524409915406
NZL,1997,1.18714833105632
NZL,1996,2.28571305402195
NZL,1995,3.75494413677554
NZL,1994,1.74537790773743
NZL,1993,1.28820776574386
NZL,1992,1.01456027171236
NZL,1991,2.60239285999773
NZL,1990,6.09844414810204
NZL,1989,5.7159915513563
NZL,1988,6.37524944411053
NZL,1987,15.7443007888927
NZL,1986,13.2133980640021
NZL,1985,15.4176555719917
NZL,1984,6.17125347924442
NZL,1983,7.34107586057345
NZL,1982,16.1636941231018
NZL,1981,15.3701595831853
NZL,1980,17.1505454240954
NZL,1979,13.6995950156642
NZL,1978,11.9566179733303
NZL,1977,14.3835494194622
NZL,1976,16.906857005945
NZL,1975,14.6849834723994
NZL,1974,11.1094020122224
NZL,1973,8.16666927326658
NZL,1972,6.93280459206854
NZL,1971,10.3875683188138
NZL,1970,6.5171810515548
NZL,1969,4.92524242695133
NZL,1968,4.31192496550194
NZL,1967,6.05692006267522
NZL,1966,2.75548077542815
NZL,1965,3.39748975611084
NZL,1964,3.4749054767661
NZL,1963,1.96849850441887
NZL,1962,2.68085396987461
NZL,1961,1.79770429009208
NZL,1960,0.697929233796477
NIC,2025,2.08132127098376
NIC,2024,4.62473841057141
NIC,2023,8.38765854872536
NIC,2022,10.4674244465991
NIC,2021,4.92841396948968
NIC,2020,3.68181341625572
NIC,2019,5.37628990844126
NIC,2018,4.94723728039886
NIC,2017,3.85067166284727
NIC,2016,3.52317317628473
NIC,2015,3.99737996694396
NIC,2014,6.03596861798425
NIC,2013,7.13546785289407
NIC,2012,7.1935505333896
NIC,2011,8.082387980991
NIC,2010,5.45513425887423
NIC,2009,3.68700160498797
NIC,2008,19.8262031287429
NIC,2007,11.1269347446118
NIC,2006,9.1401996677772
NIC,2005,9.59909986064425
NIC,2004,8.47021063584077
NIC,2003,5.30238773219936
NIC,2002,3.75017465778466
NIC,2001,5.98604186279518
NIC,2000,7.06991352252517
NER,2025,-4.45470804102568
NER,2024,9.07151997725013
NER,2023,3.70097316425834
NER,2022,4.22621791916392
NER,2021,3.8378680284051
NER,2020,2.8981937602627
NER,2019,-2.48979265070855
NER,2018,2.96760366004456
NER,2017,2.79637318871284
NER,2016,1.65388922387806
NER,2015,-0.576090369833189
NER,2014,-0.930287259984466
NER,2013,2.29723114955317
NER,2012,0.455089820359289
NER,2011,2.9423851401332
NER,2010,0.804073080882659
NER,2009,0.582906590801122
NER,2008,11.3051098827019
NER,2007,0.0539592607581562
NER,2006,0.0404858299595074
NER,2005,7.7974978178644
NER,2004,0.262543757292838
NER,2003,-1.61440769175596
NER,2002,2.62886597938136
NER,2001,4.00551428352678
NER,2000,2.90014973599108
NER,1999,-2.30212503849648
NER,1998,4.5480157771872
NER,1997,2.93345253394422
NER,1996,5.28885751264882
NER,1995,10.5632886691814
NER,1994,36.0410583134241
NER,1993,-1.21503496503496
NER,1992,-4.47561790247176
NER,1991,-7.79664179104467
NER,1990,-0.775653010977504
NER,1989,-2.84352517985618
NER,1988,-1.39396304047091
NER,1987,-6.71210892901195
NER,1986,-3.20757134165687
NER,1985,-0.923399123994819
NER,1984,8.36442411829965
NER,1983,-2.48960568671488
NER,1982,11.6418357416785
NER,1981,22.9134075641635
NER,1980,10.3052757124046
NER,1979,7.2678770722336
NER,1978,10.0932002756994
NER,1977,23.251089606333
NER,1976,23.5296801569284
NER,1975,9.11580205137059
NER,1974,3.39750849373326
NER,1973,11.7850155367474
NER,1972,9.75116837202703
NER,1971,4.19161676648677
NER,1970,1.11783884490559
NER,1969,10.6456600158433
NER,1968,-2.92309891297468
NER,1967,0.430663221364437
NER,1966,10.5714285704761
NER,1965,4.37375745630592
NER,1964,1.00401606426671
NGA,2025,23.0101235833333
NGA,2024,33.2416590552749
NGA,2023,24.659550203114
NGA,2022,18.8471877843274
NGA,2021,16.9528457221608
NGA,2020,13.2460234276598
NGA,2019,11.3964223378115
NGA,2018,12.0951065173432
NGA,2017,16.5022662139641
NGA,2016,15.6968126387972
NGA,2015,9.00943498007706
NGA,2014,8.04741087967907
NGA,2013,8.49551838265678
NGA,2012,12.2242413020582
NGA,2011,10.8261371880018
NGA,2010,13.7400521363694
NGA,2009,12.5379242951095
NGA,2008,11.583054796681
NGA,2007,5.38610421570143
NGA,2006,8.22743678120907
NGA,2005,17.8634933661605
NGA,2004,14.9980338183251
NGA,2003,14.0317836131437
NGA,2002,12.8765792031099
NGA,2001,18.8736462093863
NGA,2000,6.9332921556516
NGA,1999,6.61837339479756
NGA,1998,9.99637812386806
NGA,1997,8.52987421383633
NGA,1996,29.2682926829272
NGA,1995,72.8355022972636
NGA,1994,57.031708911966
NGA,1993,57.1652528349217
NGA,1992,44.588842715023
NGA,1991,13.0069731037427
NGA,1990,7.36440030557697
NGA,1989,50.4666881235916
NGA,1988,54.5112247797672
NGA,1987,11.2903225806451
NGA,1986,5.71715145436308
NGA,1985,7.43534482758627
NGA,1984,17.8205332860842
NGA,1983,23.2123315511559
NGA,1982,7.69774724714248
NGA,1981,20.8128229121949
NGA,1980,9.97226199001429
NGA,1979,11.7097306212117
NGA,1978,21.7092457416664
NGA,1977,15.0878340572688
NGA,1976,24.2999999999997
NGA,1975,33.9641883221776
NGA,1974,12.674393177433
NGA,1973,5.40266445394219
NGA,1972,3.45764975201502
NGA,1971,15.9991148482235
NGA,1970,13.757079924793
NGA,1969,10.1559792028219
NGA,1968,-0.476059059060828
NGA,1967,-3.72633676514213
NGA,1966,9.69034608375115
NGA,1965,4.1034587381162
NGA,1964,0.856793145737561
NGA,1963,-2.69465535232729
NGA,1962,5.26563234621725
NGA,1961,6.27914723477519
NGA,1960,5.44432736187238
MKD,2025,4.07249176848348
MKD,2024,3.48974086026954
MKD,2023,9.36187249769015
MKD,2022,14.2047173195833
MKD,2021,3.23074912132928
MKD,2020,1.20007348888469
MKD,2019,0.766439573459805
MKD,2018,1.45831298507126
MKD,2017,1.35161889677442
MKD,2016,-0.239290787684501
MKD,2015,-0.299920475631462
MKD,2014,-0.281705032928494
MKD,2013,2.78500056726109
MKD,2012,3.31605566687647
MKD,2011,3.9047542206974
MKD,2010,1.50997522027613
MKD,2009,-0.739633963061192
MKD,2008,8.33189666968108
MKD,2007,2.2517579830545
MKD,2006,3.21362929606345
MKD,2005,0.525515950714247
MKD,2004,-0.448650206551934
MKD,2003,0.855562122724219
MKD,2002,2.31459794083216
MKD,2001,5.19888525744048
MKD,2000,6.60742291038536
MKD,1999,-1.27928657572628
MKD,1998,0.544199652523073
MKD,1997,1.29436487155047
MKD,1996,2.46660008582917
MKD,1995,16.3735889723569
MKD,1994,126.583368336245
NOR,2025,3.05562484410077
NOR,2024,3.14530134431081
NOR,2023,5.51784987104659
NOR,2022,5.76412317852272
NOR,2021,3.48388055266669
NOR,2020,1.28658490707996
NOR,2019,2.16773003305411
NOR,2018,2.76483134528797
NOR,2017,1.87510059552545
NOR,2016,3.55000000000007
NOR,2015,2.17113665389527
NOR,2014,2.04170286707211
NOR,2013,2.12048620353112
NOR,2012,0.696864111498263
NOR,2011,1.2849515880916
NOR,2010,2.41890639481003
NOR,2009,2.19738586853568
NOR,2008,3.75393081761005
NOR,2007,0.712589073634201
NOR,2006,2.3293498075755
NOR,2005,1.53213367609249
NOR,2004,0.454498502220863
NOR,2003,2.48782553461781
NOR,2002,1.28672528415184
NOR,2001,3.00419703998233
NOR,2000,3.08550609131279
NOR,1999,2.36596736596733
NOR,1998,2.25241329996429
NOR,1997,2.56692335900252
NOR,1996,1.26253249164501
NOR,1995,2.46036778693729
NOR,1994,1.37567498071478
NOR,1993,2.28826933193061
NOR,1992,2.32808504911848
NOR,1991,3.43819599109134
NOR,1990,4.1310334831135
NOR,1989,4.5461433550538
NOR,1988,6.6763659877142
NOR,1987,8.7170474516696
NOR,1986,7.1764927481635
NOR,1985,5.71485463958583
NOR,1984,6.21827411167509
NOR,1983,8.46524432209224
NOR,1982,11.3409961685823
NOR,1981,13.6429608127721
NOR,1980,10.8786610878661
NOR,1979,4.50972761206209
NOR,1978,8.1616715433962
NOR,1977,9.10383971160297
NOR,1976,9.16147276547566
NOR,1975,11.6892234816853
NOR,1974,9.4117681321189
NOR,1973,7.41947283637503
NOR,1972,7.2584358296152
NOR,1971,6.22386323501293
NOR,1970,10.6372065264183
NOR,1969,2.96294951075211
NOR,1968,3.44829324254207
NOR,1967,4.57926975753998
NOR,1966,3.25056334305309
NOR,1965,4.18722443997995
NOR,1964,5.86701538751924
NOR,1963,2.47161052896502
NOR,1962,5.27425952920728
NOR,1961,2.15517277670924
NOR,1960,0.360492346844599
OMN,2025,0.967741935483928
OMN,2024,0.593589236248469
OMN,2023,0.950782997762827
OMN,2022,2.5061425061425
OMN,2021,1.68221185876085
OMN,2020,-0.40640291946585
OMN,2019,0.490815362820671
OMN,2018,0.889312370970404
OMN,2017,1.58909413567799
OMN,2016,1.10920805807027
OMN,2015,0.0652901330286599
OMN,2014,1.01401483924156
OMN,2013,1.05354820265932
OMN,2012,2.94773495257209
OMN,2011,4.0421886711639
OMN,2010,3.25657959078624
OMN,2009,3.46881023754893
OMN,2008,12.3754091529912
OMN,2007,5.8304841809271
OMN,2006,3.54498591605033
OMN,2005,1.90983553531865
OMN,2004,0.624969062631367
OMN,2003,0.231328682267143
OMN,2002,-0.279578822571373
OMN,2001,-0.816666666666656
PAK,2025,3.54555214890893
PAK,2024,12.6325318530452
PAK,2023,30.7681280657005
PAK,2022,19.8738599646655
PAK,2021,9.49641577285205
PAK,2020,9.74011619320125
PAK,2019,10.5780305672025
PAK,2018,5.07805725868917
PAK,2017,4.08537368032608
PAK,2016,3.7651191635658
PAK,2015,2.52932817254229
PAK,2014,7.18938402847028
PAK,2013,7.69215611899565
PAK,2012,9.68235186055684
PAK,2011,11.9160927116277
PAK,2010,12.9388705634889
PAK,2009,13.6477650639761
PAK,2008,20.2861210929554
PAK,2007,7.59868441050774
PAK,2006,7.92108440058789
PAK,2005,9.06332737030417
PAK,2004,7.44462469342739
PAK,2003,2.91413470059479
PAK,2002,3.29034472613153
PAK,2001,3.14826144590618
PAK,2000,4.36666451291681
PAK,1999,4.14263718082171
PAK,1998,6.22800415424543
PAK,1997,11.3754928865122
PAK,1996,10.3738085885002
PAK,1995,12.3435785170513
PAK,1994,12.3681943936948
PAK,1993,9.97366476029209
PAK,1992,9.5090414619015
PAK,1991,11.7912703351416
PAK,1990,9.05213155279776
PAK,1989,7.84426473740044
PAK,1988,8.83793701817773
PAK,1987,4.68121854620213
PAK,1986,3.50641424758205
PAK,1985,5.61483921793224
PAK,1984,6.08716673573716
PAK,1983,6.362033499853
PAK,1982,5.90352878435863
PAK,1981,11.8799135925283
PAK,1980,11.9382309107087
PAK,1979,8.26704697617572
PAK,1978,6.13869266742743
PAK,1977,10.1329676874055
PAK,1976,7.15832373118465
PAK,1975,20.9045094573998
PAK,1974,26.6630348537488
PAK,1973,23.0700840250844
PAK,1972,5.18323764549138
PAK,1971,4.73069148232272
PAK,1970,5.34984090983017
PAK,1969,3.18698679573686
PAK,1968,0.170627348438101
PAK,1967,6.81139963428688
PAK,1966,7.22762159787735
PAK,1965,5.56863547936375
PAK,1964,4.17958688145319
PAK,1963,1.45648844797496
PAK,1962,-0.5164622336985
PAK,1961,1.64041994750609
PAK,1960,6.94736842105289
PLW,2025,-0.418410041841039
PLW,2024,2.23172772921704
PLW,2023,12.8199748216534
PLW,2022,12.3526638378124
PLW,2021,2.6124818577648
PLW,2020,0.218181818181833
PLW,2019,0.26737967914444
PLW,2018,2.10970464135017
PLW,2017,1.4179881966692
PLW,2016,-1.04230533415074
PLW,2015,0.949040643697081
PLW,2014,4.19174548581256
PLW,2013,3.35481004221287
PLW,2012,3.61418047882138
PLW,2011,4.6746987951807
PLW,2010,1.44219017355169
PLW,2009,1.43813538308953
PLW,2008,11.9655746807329
PLW,2007,3.23875035826881
PLW,2006,4.42981143370254
PLW,2005,3.9514623522091
PLW,2004,4.96407576747217
PLW,2003,0.922874093605824
PLW,2002,-1.30123617436562
PAN,2025,-0.189587880235675
PAN,2024,0.69322555100446
PAN,2023,1.48641355277038
PAN,2022,2.85965128834711
PAN,2021,1.63070337301898
PAN,2020,-1.55027540803761
PAN,2019,-0.355083821021246
PAN,2018,0.761578359399945
PAN,2017,0.875585918759963
PAN,2016,0.73973402529995
PAN,2015,0.137492058461588
PAN,2014,2.62652699929143
PAN,2013,4.02715991571061
PAN,2012,5.69819959165993
PAN,2011,5.87580243678763
PAN,2010,3.49128872618809
PAN,2009,2.40905304082201
PAN,2008,8.7586831772878
PAN,2007,4.1686330029888
PAN,2006,2.45789346442102
PAN,2005,2.85588324760957
PAN,2004,0.474723078204362
PAN,2003,0.391666666666709
PAN,2002,1.00583090379039
PAN,2001,0.307062436028722
PAN,2000,1.49896111605778
PAN,1999,1.24718256949635
PAN,1998,0.559081293442494
PAN,1997,1.32435122100608
PAN,1996,1.25571661111546
PAN,1995,0.99420698293387
PAN,1994,1.26843190106196
PAN,1993,0.45393007884036
PAN,1992,1.82452156989959
PAN,1991,1.25626077674687
PAN,1990,0.76948535495601
PAN,1989,0.20586725831776
PAN,1988,0.35922084492817
PAN,1987,0.996423096679179
PAN,1986,-0.0663841083593701
PAN,1985,1.02661989275158
PAN,1984,1.58264332858587
PAN,1983,2.10284124368166
PAN,1982,4.25057176328125
PAN,1981,7.30232836526218
PAN,1980,13.8079019078008
PAN,1979,7.98881859610768
PAN,1978,4.20052123266097
PAN,1977,4.58553791889612
PAN,1976,3.9499999994172
PAN,1975,5.88104130650948
PAN,1974,16.2680666277125
PAN,1973,6.85643050053375
PAN,1972,5.40954883948927
PAN,1971,1.91964285715145
PAN,1970,3.08329498367026
PAN,1969,1.8275538894136
PAN,1968,1.61904761953546
PAN,1967,1.37581462709181
PAN,1966,0.193470375092593
PAN,1965,0.461613216719825
PAN,1964,2.41353570491379
PAN,1963,0.449887528119965
PAN,1962,0.788002033555874
PAN,1961,0.613810741946767
PAN,1960,0.0511770724157667
PNG,2025,4.42141364166485
PNG,2024,0.602403921107917
PNG,2023,2.29869991296791
PNG,2022,5.25323922215241
PNG,2021,4.48359014042398
PNG,2020,4.87167398565555
PNG,2019,3.92867290939597
PNG,2018,4.37448921453162
PNG,2017,5.42204568023834
PNG,2016,6.6737288135593
PNG,2015,5.99595778127107
PNG,2014,5.22211720226841
PNG,2013,4.9603174603175
PNG,2012,4.53720508166972
PNG,2011,4.44083401028971
PNG,2010,6.01360893567856
PNG,2009,6.91832532601224
PNG,2008,10.7614182326827
PNG,2007,0.91135045567524
PNG,2006,2.3684623841683
PNG,2005,1.78080439925826
PNG,2004,2.15893131266946
PNG,2003,14.7090779663557
PNG,2002,11.7994470972606
PNG,2001,9.29817332783968
PNG,2000,15.5958933107535
PNG,1999,14.9321817407701
PNG,1998,13.5741917656809
PNG,1997,3.96437805228409
PNG,1996,11.6241782908448
PNG,1995,17.280932681459
PNG,1994,2.85272217387134
PNG,1993,4.97411430311646
PNG,1992,4.30961457009748
PNG,1991,6.96568127760753
PNG,1990,6.9533615990307
PNG,1989,4.48044551322661
PNG,1988,5.44508207660464
PNG,1987,3.33747069369721
PNG,1986,5.45375218150084
PNG,1985,3.71040723981909
PNG,1984,7.42060920354786
PNG,1983,7.90209790139863
PNG,1982,5.53505535055348
PNG,1981,8.05422647614106
PNG,1980,12.0643431636459
PNG,1979,5.76559546319348
PNG,1978,5.79999999899959
PNG,1977,4.52858203462227
PNG,1976,7.65664961624512
PNG,1975,10.4909925823773
PNG,1974,23.1672830103248
PNG,1973,8.34315342947217
PNG,1972,6.07499999951511
PRY,2025,4.0380642333938
PRY,2024,3.83540271728533
PRY,2023,4.63202285403356
PRY,2022,9.76556667164402
PRY,2021,4.787983101236
PRY,2020,1.76751592356698
PRY,2019,2.75709727562775
PRY,2018,3.97561015740694
PRY,2017,3.60247741348943
PRY,2016,4.08682280577241
PRY,2015,3.12900274473925
PRY,2014,5.02882767456766
PRY,2013,2.68385738718582
PRY,2012,3.67591897974496
PRY,2011,8.2539682539683
PRY,2010,4.65116279069765
PRY,2009,2.59194673430567
PRY,2008,10.1547846489023
PRY,2007,8.13047417698577
PRY,2006,9.58934941129229
PRY,2005,6.80738203116377
PRY,2004,4.32326492967491
PRY,2003,14.2367970499143
PRY,2002,10.5102420856612
PRY,2001,7.26806028584825
PRY,2000,8.98215976750022
PRY,1999,6.75226586102725
PRY,1998,11.5532684355839
PRY,1997,6.94956608534118
PRY,1996,9.79968339016083
PRY,1995,13.4254143646407
PRY,1994,20.5661948376355
PRY,1993,18.2086614173228
PRY,1992,15.192743764172
PRY,1991,24.2253521126763
PRY,1990,37.2599561799201
PRY,1989,26.4221267235586
PRY,1988,22.5942571785268
PRY,1987,21.8102740350983
PRY,1986,31.7425972672999
PRY,1985,25.2107164358818
PRY,1984,20.3114625460255
PRY,1983,13.4337555631631
PRY,1982,5.12006543713188
PRY,1981,12.9746974698193
PRY,1980,22.4473301362177
PRY,1979,28.1610386024436
PRY,1978,10.6602475929181
PRY,1977,9.35985291662838
PRY,1976,4.47461474664498
PRY,1975,6.69306008366748
PRY,1974,25.2333177791075
PRY,1973,12.796894532602
PRY,1972,9.18037497303685
PRY,1971,4.95325693640987
PRY,1970,-0.859556021006909
PRY,1969,2.24684753574717
PRY,1968,0.708073577854366
PRY,1967,1.36526759221905
PRY,1966,2.87319422160326
PRY,1965,3.8592981578052
PRY,1964,1.36986301369865
PRY,1963,2.09790209790211
PRY,1962,1.41843971631208
PRY,1961,18.4873949579832
PRY,1960,8.18181818181802
PER,2025,1.53125450314273
PER,2024,2.00770739412712
PER,2023,6.45561348369586
PER,2022,8.33370630096231
PER,2021,4.27166381536798
PER,2020,2.00241205759292
PER,2019,2.25212191358027
PER,2018,1.50915423024742
PER,2017,2.99490045809443
PER,2016,3.55717663556279
PER,2015,3.39809194746308
PER,2014,3.41194579807465
PER,2013,2.76789666082002
PER,2012,3.61121294940163
PER,2011,3.36931095333853
PER,2010,1.52832059732901
PER,2009,2.936231535967
PER,2008,5.78587598206755
PER,2007,1.77998644680372
PER,2006,2.00225801248819
PER,2005,1.61630193862544
PER,2004,3.66247320092233
PER,2003,2.25937753363072
PER,2002,0.193135003853722
PER,2001,1.97709878502053
PER,2000,3.75733833344474
PER,1999,3.46965996293019
PER,1998,7.24782175213469
PER,1997,8.56218948953653
PER,1996,11.5379424115177
PER,1995,11.1287029707089
PER,1994,23.7369050565046
PER,1993,48.5799864468885
PER,1992,73.5282942442641
PER,1991,409.530166622023
PER,1990,7481.66361124526
PER,1989,3398.67901005332
PER,1988,667.019328585961
PER,1987,85.8223062381846
PER,1986,77.9210255473595
PER,1985,163.399505243688
PER,1984,110.208519562543
PER,1983,111.150635209157
PER,1982,64.4481585387929
PER,1981,75.4332687576064
PER,1980,59.1450712444914
PER,1979,66.6944229664876
PER,1978,57.8487826251505
PER,1977,38.0540914196793
PER,1976,33.4832756634566
PER,1975,23.6187352963326
PER,1974,16.8916666665703
PER,1973,9.48905109503398
PER,1972,7.21972216770545
PER,1971,6.79063936495415
PER,1970,5.02523590072424
PER,1969,6.23615806078061
PER,1968,19.086618545438
PER,1967,9.78360256063414
PER,1966,8.84060374922209
PER,1965,16.3899613894424
PER,1964,9.79228486663484
PER,1963,6.07014388428593
PER,1962,6.64109326359749
PER,1961,5.91670898836375
PER,1960,8.6644591627191
PHL,2025,1.6587364525509
PHL,2024,3.21260487006347
PHL,2023,5.97802515541409
PHL,2022,5.82115811213955
PHL,2021,3.92718022100332
PHL,2020,2.3931623931624
PHL,2019,2.39206534422404
PHL,2018,5.30934661627707
PHL,2017,2.85318772590947
PHL,2016,1.25369880080982
PHL,2015,0.674192536845408
PHL,2014,3.59782343864211
PHL,2013,2.58268766141795
PHL,2012,3.02696391124796
PHL,2011,4.7184170471842
PHL,2010,3.78983634797591
PHL,2009,4.21903052064628
PHL,2008,8.26044703595725
PHL,2007,2.90000000000003
PHL,2006,5.4852320675105
PHL,2005,6.51685393258433
PHL,2004,4.82921083627795
PHL,2003,2.28915662650607
PHL,2002,2.72277227722765
PHL,2001,5.34550195567142
PHL,2000,3.9771250324928
PHL,1999,5.93904901780808
PHL,1998,9.23493432267121
PHL,1997,5.59025939650601
PHL,1996,7.4761037778791
PHL,1995,6.83199610989534
PHL,1994,10.3864734299517
PHL,1993,6.71631104109973
PHL,1992,8.65100357865265
PHL,1991,19.2614585266282
PHL,1990,12.1773522064946
PHL,1989,12.2429906542055
PHL,1988,13.8600691673319
PHL,1987,4.06976744186024
PHL,1986,1.14813777653338
PHL,1985,23.1031071803888
PHL,1984,50.3389756374498
PHL,1983,10.0293565620481
PHL,1982,10.2217271376892
PHL,1981,13.0825985241676
PHL,1980,18.2005104938508
PHL,1979,17.5333333327501
PHL,1978,7.33452593917692
PHL,1977,9.89875159736566
PHL,1976,9.19922713611011
PHL,1975,6.76140270456077
PHL,1974,34.1635916359165
PHL,1973,16.5800322638464
PHL,1972,8.20403413498834
PHL,1971,21.4033435366143
PHL,1970,14.3814616757328
PHL,1969,1.95551032285384
PHL,1968,2.35880645890594
PHL,1967,6.25395319397734
PHL,1966,5.39999999968075
PHL,1965,2.56410256428449
PHL,1964,8.1830790570033
PHL,1963,5.62554937008824
PHL,1962,5.79665220101376
PHL,1961,1.59563300452722
PHL,1960,4.15482177982161
POL,2025,3.81419531520146
POL,2024,3.79060897630197
POL,2023,11.5289127961105
POL,2022,14.4294507575758
POL,2021,5.05502704719272
POL,2020,3.37446972618589
POL,2019,2.22747880938291
POL,2018,1.81295156542689
POL,2017,2.07593553673859
POL,2016,-0.664767331433962
POL,2015,-0.874125874125862
POL,2014,0.0538213132399802
POL,2013,0.991982606332335
POL,2012,3.56037151702793
POL,2011,4.23940149625932
POL,2010,2.58069370250548
POL,2009,3.79539242483399
POL,2008,4.16497193524779
POL,2007,2.4587431238539
POL,2006,1.28469394366416
POL,2005,2.18379872390251
POL,2004,3.38264681884699
POL,2003,0.682701375787632
POL,2002,1.90528215048054
POL,2001,5.4083354556615
POL,2000,9.90017538843065
POL,1999,7.15407291179853
POL,1998,11.5978554257236
POL,1997,14.91315861496
POL,1996,19.7949669196707
POL,1995,27.951388563304
POL,1994,32.9912766093523
POL,1993,36.9641666120718
POL,1992,46.0985621037431
POL,1991,76.7694992087347
POL,1990,567.878800666191
POL,1989,244.550932984826
POL,1988,58.7208297320653
POL,1987,26.3790278536324
POL,1986,16.5499681731381
POL,1985,11.5212607368496
POL,1984,15.4009994265582
POL,1983,25.534759358289
POL,1982,103.55871886121
POL,1981,19.1271820448877
POL,1980,9.68271334792132
POL,1979,7.0257611241218
POL,1978,8.10126582278465
POL,1977,4.90278951821563
POL,1976,4.41306266552889
POL,1975,2.25631768955094
POL,1974,7.05314009565234
POL,1973,2.47524752475226
POL,1972,-0.0989119673601228
POL,1971,1.09999999900022
PRT,2025,2.33601620316701
PRT,2024,2.41613187791876
PRT,2023,4.31128191898681
PRT,2022,7.83269124233323
PRT,2021,1.26565719069044
PRT,2020,-0.0124383299576209
PRT,2019,0.338178410046124
PRT,2018,0.993715683468233
PRT,2017,1.36861411643482
PRT,2016,0.607397074641719
PRT,2015,0.48793862390472
PRT,2014,-0.278153367467428
PRT,2013,0.274416666666663
PRT,2012,2.77333854051576
PRT,2011,3.6530110043073
PRT,2010,1.40257289895372
PRT,2009,-0.835530021504157
PRT,2008,2.58850657657956
PRT,2007,2.45396528138746
PRT,2006,3.1076654587105
PRT,2005,2.27716394887838
PRT,2004,2.365362040973
PRT,2003,3.21899090682895
PRT,2002,3.60034658290915
PRT,2001,4.36990330551792
PRT,2000,2.85303039287156
PRT,1999,2.34009490312169
PRT,1998,2.57275225909131
PRT,1997,2.33686298314114
PRT,1996,3.06897732509786
PRT,1995,4.22281614099488
PRT,1994,5.42044019241626
PRT,1993,6.78377994665408
PRT,1992,9.55926033177516
PRT,1991,11.8494841773674
PRT,1990,13.6305705693074
PRT,1989,12.686303645615
PRT,1988,10.1016321152264
PRT,1987,9.6348318624577
PRT,1986,12.3313334897217
PRT,1985,19.4614100078696
PRT,1984,28.3846388897103
PRT,1983,24.0027623802918
PRT,1982,21.6792837277094
PRT,1981,19.0404107466915
PRT,1980,15.8674803836094
PRT,1979,21.8992248062015
PRT,1978,21.0387723599383
PRT,1977,31.0167490988806
PRT,1976,21.1419048031955
PRT,1975,15.2716857518485
PRT,1974,25.0827778589527
PRT,1973,12.9746085239333
PRT,1972,10.6633559759477
PRT,1971,11.9468983654056
PRT,1970,6.38014449001685
PRT,1969,8.78277105554107
PRT,1968,6.08136171148615
PRT,1967,5.52647600753099
PRT,1966,5.03926721858183
PRT,1965,3.42492777745566
PRT,1964,3.44489848222768
PRT,1963,2.02158272759781
PRT,1962,2.66206417934772
PRT,1961,1.5489969698988
PRT,1960,3.04659277832691
QAT,2024,1.26734310292375
QAT,2023,3.02764899198902
QAT,2022,4.99527553740761
QAT,2021,2.30446565742003
QAT,2020,-2.5403150300476
QAT,2019,-0.666641124861147
QAT,2018,0.255815382724408
QAT,2017,0.394878914083005
QAT,2016,2.6765917009819
QAT,2015,1.8140772393776
QAT,2014,3.34972085659523
QAT,2013,3.22197756829293
QAT,2012,2.31534853431661
QAT,2011,1.13836623529202
QAT,2010,-2.42525675161714
QAT,2009,-4.86327801622565
QAT,2008,15.0501451570333
QAT,2007,13.7581625759964
QAT,2006,11.8358096197431
QAT,2005,8.81439532334683
QAT,2004,6.79933665008279
QAT,2003,2.26456504389469
QAT,2002,0.239999999999952
QAT,2001,1.47133434804683
QAT,2000,1.65033522434232
QAT,1999,2.18170320404723
QAT,1998,2.9513888888889
QAT,1997,4.83448981913322
QAT,1996,4.90453460620532
QAT,1995,2.9565217391303
QAT,1994,1.32158590308376
QAT,1993,-0.8733624454148
QAT,1992,3.06030603060311
QAT,1991,4.41729323308255
QAT,1990,3.0009680542111
QAT,1989,3.30000000000015
QAT,1988,4.60251046025085
QAT,1987,2.6852846401719
QAT,1986,0.757575757575709
QAT,1985,1.91256830693925
QAT,1984,1.10497237570068
QAT,1983,2.74361400094617
QAT,1982,5.69999999999979
QAT,1981,8.5205992510162
QAT,1980,6.79999999900022
ROU,2025,7.18903362292063
ROU,2024,5.72140574354439
ROU,2023,10.3971874764996
ROU,2022,13.7954887432521
ROU,2021,5.05232876096582
ROU,2020,2.63107311184743
ROU,2019,3.82785432599438
ROU,2018,4.62548443137779
ROU,2017,1.3390212110439
ROU,2016,-1.54479666813897
ROU,2015,-0.594156437495203
ROU,2014,1.06830987684298
ROU,2013,3.9847123554813
ROU,2012,3.33492267693442
ROU,2011,5.7892532881588
ROU,2010,6.09141668601891
ROU,2009,5.58742004264393
ROU,2008,7.85080255714482
ROU,2007,4.83732928313989
ROU,2006,6.55851412276983
ROU,2005,9.01491283343835
ROU,2004,11.8743635936399
ROU,2003,15.2734889936255
ROU,2002,22.5398862605386
ROU,2001,34.4770123493527
ROU,2000,45.6665940440238
ROU,1999,45.8037811326363
ROU,1998,59.0965827541167
ROU,1997,154.763480436309
ROU,1996,38.8293013382852
ROU,1995,32.2424847257597
ROU,1994,136.759392815441
ROU,1993,255.166861826698
ROU,1992,211.205587610082
ROU,1991,230.622494900178
RUS,2025,8.71986939402666
RUS,2024,8.43486410496723
RUS,2023,5.86571931748967
RUS,2022,13.7436797398232
RUS,2021,6.69445891957612
RUS,2020,3.38219796948068
RUS,2019,4.47202631837903
RUS,2018,2.87831382614981
RUS,2017,3.68333072334495
RUS,2016,7.04243725413707
RUS,2015,15.5343959935701
RUS,2014,7.82016970013845
RUS,2013,6.75466833903486
RUS,2012,5.07474300799149
RUS,2011,8.4404648593257
RUS,2010,6.84939230255025
RUS,2009,11.6473295764118
RUS,2008,14.1107677840442
RUS,2007,9.00729868861079
RUS,2006,9.66865454789265
RUS,2005,12.6853039507349
RUS,2004,10.8886157326216
RUS,2003,13.6632930228666
RUS,2002,15.7887307914463
RUS,2001,21.4770072117159
RUS,2000,20.7987606558704
RUS,1999,85.7464940960636
RUS,1998,27.6856798076742
RUS,1997,14.761329268806
RUS,1996,47.7520122009939
RUS,1995,197.414268084251
RUS,1994,307.722635553193
RUS,1993,874.245720380188
RWA,2025,5.913000168826
RWA,2024,1.77029240198635
RWA,2023,19.789546746467
RWA,2022,17.6892095588153
RWA,2021,-0.391346748300791
RWA,2020,9.85039902274207
RWA,2019,3.34787655037648
RWA,2018,-0.311210160390699
RWA,2017,8.27953672260832
RWA,2016,7.17434301982009
RWA,2015,2.52850284192421
RWA,2014,2.35449052820358
RWA,2013,5.92426867984854
RWA,2012,10.2710182318876
RWA,2011,3.0801706924026
RWA,2010,-0.246128693436934
RWA,2009,12.9443978401712
RWA,2008,15.4382138709255
RWA,2007,9.08072205873158
RWA,2006,8.88282654777923
RWA,2005,9.01408918092339
RWA,2004,12.2507102894391
RWA,2003,7.44970014007366
RWA,2002,1.99258542453993
RWA,2001,3.34285506749409
RWA,2000,3.89952980284712
RWA,1999,-2.40593209742259
RWA,1998,6.2100670945581
RWA,1997,12.0154225195686
RWA,1996,7.41137173526642
RWA,1993,12.3543887630448
RWA,1992,9.56041187600816
RWA,1991,19.6371658148373
RWA,1990,4.18576372649948
RWA,1989,1.01027824831114
RWA,1988,2.97864355658034
RWA,1987,4.13301490809125
RWA,1986,-1.11706657280676
RWA,1985,1.75933005651688
RWA,1984,5.36957038827376
RWA,1983,6.59300214307078
RWA,1982,12.5651365334134
RWA,1981,6.4506644718119
RWA,1980,7.24939299325274
RWA,1979,15.6733294423726
RWA,1978,13.2705337973878
RWA,1977,13.6551465066428
RWA,1976,7.1658615138318
RWA,1975,30.2260465749065
RWA,1974,31.0882993654484
RWA,1973,9.3736740756774
RWA,1972,3.092193808935
RWA,1971,0.488580074222891
RWA,1970,0.514885808022463
RWA,1969,0.484939553317571
RWA,1968,3.16193697269933
RWA,1967,1.45292730022852
WSM,2025,2.2119620764675
WSM,2024,2.17245530514377
WSM,2023,7.92164684826777
WSM,2022,10.9618822286844
WSM,2021,3.13320473174494
WSM,2020,-1.56891247740895
WSM,2019,0.982326569888117
WSM,2018,4.19745888663752
WSM,2017,1.74989677484705
WSM,2016,1.30471869303179
WSM,2015,0.724470134874729
WSM,2014,-0.40681608842489
WSM,2013,0.61008572090503
WSM,2012,2.0490188352116
WSM,2011,5.23541591478434
WSM,2010,0.777007268777692
WSM,2009,6.32495336235228
WSM,2008,11.565906838454
WSM,2007,5.57706393219629
WSM,2006,3.70008680555553
WSM,2005,1.85676392572949
WSM,2004,16.3131507905901
WSM,2003,0.115830115830107
WSM,2002,8.0503144654087
WSM,2001,3.83828463867725
WSM,2000,0.966782350024729
WSM,1999,0.265120132560355
WSM,1998,2.21883468834654
WSM,1997,6.86182355310877
WSM,1996,5.37461972030278
WSM,1995,-2.90352865746142
WSM,1994,12.0803818909762
WSM,1993,1.71509123658868
WSM,1992,9.03113792907172
WSM,1991,-1.81919798798399
WSM,1990,15.2384632724695
WSM,1989,6.46256171146444
WSM,1988,8.50786801086301
WSM,1987,4.56684949636828
WSM,1986,5.73355817902005
WSM,1985,9.09050118887493
WSM,1984,11.8600682594715
WSM,1983,16.4601356089933
WSM,1982,18.2962245891187
WSM,1981,20.5066244471294
WSM,1980,33.0472428985001
WSM,1979,11.1195509980497
WSM,1978,2.05865885702086
WSM,1977,14.6107902659428
WSM,1976,4.90368682691046
WSM,1975,8.78774222631875
WSM,1974,24.9876786595613
WSM,1973,11.7642429959867
WSM,1972,7.50682438580534
WSM,1971,4.76644423260296
WSM,1970,2.74240940254606
WSM,1969,4.13054563997966
WSM,1968,1.71161825726125
WSM,1967,-0.515995872032687
WSM,1966,2.86624203821646
WSM,1965,2.11382113821132
WSM,1964,5.30821917808229
WSM,1963,0.689655172413793
WSM,1962,2.65486725663724
SMR,2025,2.29519525025037
SMR,2024,1.24216507945569
SMR,2023,5.93190858629403
SMR,2022,5.32545321311365
SMR,2021,1.61551411551421
SMR,2020,-0.133368898372915
SMR,2019,0.472651967352852
SMR,2018,1.16333522293158
SMR,2017,1.01413313194508
SMR,2016,0.644075340346552
SMR,2015,0.145686073241066
SMR,2014,1.11296303373851
SMR,2013,1.60439298078082
SMR,2012,2.8273322422258
SMR,2011,2.89979584300123
SMR,2010,2.58541815582587
SMR,2009,2.19959237046011
SMR,2008,4.29320249287704
SMR,2007,2.49894575725803
SMR,2006,2.09525935611432
SMR,2005,1.68548890528347
SMR,2004,1.43083868527343
STP,2025,11.0474362281814
STP,2024,14.3519273571008
STP,2023,21.2589138473
STP,2022,18.0056351122841
STP,2021,8.13777038378732
STP,2020,9.81932791540146
STP,2019,7.72024525213248
STP,2018,7.86859628873909
STP,2017,5.6902961992902
STP,2016,5.43051966119156
STP,2015,5.24587835022454
STP,2014,6.99849943966421
STP,2013,8.10583270875476
STP,2012,10.6379353431628
STP,2011,14.3271667616801
STP,2010,13.34005235378
STP,2009,16.9574758025945
STP,2008,31.9901039492573
STP,2007,18.5485136325779
STP,2006,23.0770373451381
STP,2005,17.1522049354354
STP,2004,13.2858860871796
STP,2003,9.79241974934509
STP,2002,10.128724672229
STP,2001,9.22203707560889
STP,2000,12.2089456308977
STP,1999,12.7251770130085
STP,1998,50.4931357486254
STP,1997,35.81717824448
SAU,2025,2.08420853585036
SAU,2024,1.68792112375809
SAU,2023,2.32708518362706
SAU,2022,2.47407371925372
SAU,2021,3.06328988941548
SAU,2020,3.37234961012303
SAU,2019,-1.19298644533328
SAU,2018,2.46594308994843
SAU,2017,-0.834845735027162
SAU,2016,2.05347076823965
SAU,2015,1.22269318552328
SAU,2014,2.24185348779063
SAU,2013,3.51104209799866
SAU,2012,2.86627029905053
SAU,2011,5.8262163739404
SAU,2010,5.33941733020905
SAU,2009,5.0572227614833
SAU,2008,9.87024816760266
SAU,2007,4.16782358431579
SAU,2006,2.20902314069647
SAU,2005,0.479231671630955
SAU,2004,0.5155078977673
SAU,2003,0.612195358172966
SAU,2002,0.247186492339686
SAU,2001,-1.12094804896791
SAU,2000,-1.12499838517645
SAU,1999,-1.33375489653896
SAU,1998,-0.37126675171199
SAU,1997,0.0571506050626489
SAU,1996,1.22206054877756
SAU,1995,4.86843103056033
SAU,1994,0.564325478533149
SAU,1993,1.05579531442695
SAU,1992,-0.0770060064690921
SAU,1991,4.86111111111137
SAU,1990,2.07715133531156
SAU,1989,1.03264490339739
SAU,1988,0.907563025210523
SAU,1987,-1.54711673699019
SAU,1986,-3.203331464723
SAU,1985,-3.05876872913662
SAU,1984,-1.55903706534203
SAU,1983,0.191424196019064
SAU,1982,1.02103960396035
SAU,1981,2.79898218829488
SAU,1980,4.1692665536329
SAU,1979,1.08156690288337
SAU,1978,-1.58360185022086
SAU,1977,11.3990111699532
SAU,1976,31.5586605641125
SAU,1975,34.5761063381485
SAU,1974,21.4370078736641
SAU,1973,16.5137614681954
SAU,1972,4.33117970783497
SAU,1971,4.47499999974997
SAU,1970,0.177777777777784
SAU,1969,3.49586016559326
SAU,1968,1.58878504672938
SAU,1967,2.09923664219521
SAU,1966,1.55038759593042
SAU,1965,0.389105059342286
SAU,1964,2.79999999899983
SEN,2025,1.45900719841385
SEN,2024,0.804503298792438
SEN,2023,5.93947798773215
SEN,2022,9.69681899081073
SEN,2021,2.18032278088147
SEN,2020,2.54314685681662
SEN,2019,1.76011151192939
SEN,2018,0.460985642464188
SEN,2017,1.31815314847789
SEN,2016,0.837284942557434
SEN,2015,0.135211933635165
SEN,2014,-1.09025507446895
SEN,2013,0.710245486695176
SEN,2012,1.41822871177854
SEN,2011,3.40322829786971
SEN,2010,1.22868119673344
SEN,2009,-2.2480214785534
SEN,2008,7.34720236578406
SEN,2007,5.85330428467681
SEN,2006,2.11228583877117
SEN,2005,1.71133325855502
SEN,2004,0.514781781023016
SEN,2003,-0.0519970242714495
SEN,2002,2.33730187454299
SEN,2001,2.97450083919566
SEN,2000,0.731981981981597
SEN,1999,0.827250608272497
SEN,1998,1.15678070391341
SEN,1997,1.75316478097236
SEN,1996,2.75430663482407
SEN,1995,7.8640078457011
SEN,1994,32.2936668569552
SEN,1993,-0.586434615120184
SEN,1992,-0.109942967085665
SEN,1991,-1.75355690199309
SEN,1990,0.325098630183258
SEN,1989,0.447309340771316
SEN,1988,-1.82668225079295
SEN,1987,-4.14072378633809
SEN,1986,6.18477854456934
SEN,1985,13.0000576159794
SEN,1984,11.7840274796329
SEN,1983,11.6169845681475
SEN,1982,17.3763852168922
SEN,1981,5.91319372031625
SEN,1980,8.72902766072326
SEN,1979,9.65335985257037
SEN,1978,3.41965105587518
SEN,1977,11.3405856371037
SEN,1976,1.08309218710659
SEN,1975,31.6534233153685
SEN,1974,16.6010915093494
SEN,1973,11.2853107346839
SEN,1972,6.15488417411265
SEN,1971,3.87820263197536
SEN,1970,2.81024819857036
SEN,1969,4.02265345225706
SEN,1968,0.058333332832952
SRB,2025,3.8903678606001
SRB,2024,4.6705297488997
SRB,2023,12.3719043552519
SRB,2022,11.9815117344703
SRB,2021,4.08510285335102
SRB,2020,1.57553290083415
SRB,2019,1.84922984511086
SRB,2018,1.95984076293801
SRB,2017,3.13106248590115
SRB,2016,1.12231397417769
SRB,2015,1.39235822000187
SRB,2014,2.08244793880154
SRB,2013,7.69426362896655
SRB,2012,7.33038589596646
SRB,2011,11.1373976342129
SRB,2010,6.14255360247248
SRB,2009,8.11695092238082
SRB,2008,12.410986775178
SRB,2007,6.39170644391413
SRB,2006,11.7240229980834
SRB,2005,16.1199806482826
SRB,2004,11.0263627183464
SRB,2003,9.87617889729578
SRB,2002,19.4908321579689
SRB,2001,95.0052258100006
SRB,2000,71.1206287946541
SRB,1999,42.4539054642972
SRB,1998,30.1596997992844
SRB,1997,23.307866135801
SRB,1996,95.6009261208171
SRB,1995,82.6605151864663
SYC,2025,0.297589655467556
SYC,2024,0.311726050919668
SYC,2023,-1.03530088431952
SYC,2022,2.6260363285129
SYC,2021,9.76909936973542
SYC,2020,1.20266463987123
SYC,2019,1.80709400809982
SYC,2018,3.70291839111568
SYC,2017,2.85679575568437
SYC,2016,-1.01548191697626
SYC,2015,4.04194410725617
SYC,2014,1.38583454581263
SYC,2013,4.33893848329099
SYC,2012,7.11037062326403
SYC,2011,2.55926772230953
SYC,2010,-2.40463875108227
SYC,2009,31.7544407744178
SYC,2008,36.9647582875289
SYC,2007,5.32060027285142
SYC,2006,-0.353465498693756
SYC,2005,0.907187718073944
SYC,2004,3.85730391367399
SYC,2003,3.30255386407089
SYC,2002,0.174999999999924
SYC,2001,5.96962204168156
SYC,2000,6.26876876876878
SYC,1999,6.34730538922156
SYC,1998,2.57985257985242
SYC,1997,0.618046971569891
SYC,1996,-1.10024449877743
SYC,1995,-0.243902439024459
SYC,1994,1.73697270471464
SYC,1993,1.38364779874215
SYC,1992,3.24675324675323
SYC,1991,1.98675496688734
SYC,1990,3.88888888888912
SYC,1989,1.58013544018057
SYC,1988,1.8390804597701
SYC,1987,2.59433962264135
SYC,1986,0.236406619385411
SYC,1985,0.834326579261014
SYC,1984,4.09429280397012
SYC,1983,6.05263157894738
SYC,1982,-0.912646675358527
SYC,1981,10.5767903960918
SYC,1980,13.5715405108088
SYC,1979,12.480169222314
SYC,1978,11.7832512318923
SYC,1977,14.9591685227511
SYC,1976,14.8687336300478
SYC,1975,18.6113720103131
SYC,1974,24.4246673859205
SYC,1973,18.2397959188218
SYC,1972,20.940994987157
SYC,1971,14.5992928698164
SLE,2025,7.48750166612986
SLE,2024,28.6337500014115
SLE,2023,47.6428733253179
SLE,2022,27.2082883814653
SLE,2021,11.8739588840234
SLE,2020,13.4468711101052
SLE,2019,14.8049990906021
SLE,2018,16.0295447693699
SLE,2017,18.2215094003386
SLE,2016,10.8860609413903
SLE,2015,6.68943562498681
SLE,2014,4.63931171409667
SLE,2013,5.52412877994266
SLE,2012,6.58776239392585
SLE,2011,6.79138291952621
SLE,2010,7.18566275668163
SLE,2009,7.46901898540982
SLE,2008,8.21112432289608
SLE,2007,11.6499744518106
SGP,2025,0.902998495002676
SGP,2024,2.38951123595017
SGP,2023,4.83372362825798
SGP,2022,6.13095418919732
SGP,2021,2.31610315765146
SGP,2020,-0.172111865925382
SGP,2019,0.567829988405447
SGP,2018,0.438784215129623
SGP,2017,0.576763191179996
SGP,2016,-0.529809760375464
SGP,2015,-0.521975611895763
SGP,2014,1.03316955857629
SGP,2013,2.36439793742726
SGP,2012,4.58084479423094
SGP,2011,5.25115624639373
SGP,2010,2.82884527612958
SGP,2009,0.589142019610516
SGP,2008,6.63544058395309
SGP,2007,2.10980166714574
SGP,2006,0.965657519018511
SGP,2005,0.425106276569107
SGP,2004,1.66272719863072
SGP,2003,0.507905300237551
SGP,2002,-0.391676866585049
SGP,2001,0.997197956155943
SGP,2000,1.36162392448456
SGP,1999,0.0167098337370727
SGP,1998,-0.267502292876153
SGP,1997,2.00358618538962
SGP,1996,1.38318052481876
SGP,1995,1.72053384788524
SGP,1994,3.10013262599502
SGP,1993,2.28929964388641
SGP,1992,2.26307118702851
SGP,1991,3.42570173078643
SGP,1990,3.46075338652824
SGP,1989,2.34545627195895
SGP,1988,1.52318519232634
SGP,1987,0.523306521949755
SGP,1986,-1.38570336391441
SGP,1985,0.480122911465343
SGP,1984,2.60098522167485
SGP,1983,1.19641076769694
SGP,1982,3.916286779942
SGP,1981,8.18202196816849
SGP,1980,8.52694319425856
SGP,1979,4.07646537536398
SGP,1978,4.87254381306428
SGP,1977,3.16395014381583
SGP,1976,-1.84189298198423
SGP,1975,2.53653156878947
SGP,1974,22.3684210526316
SGP,1973,19.6367305751764
SGP,1972,2.08075813761874
SGP,1971,1.76100628930819
SGP,1970,0.4633529907327
SGP,1969,-0.273051879856979
SGP,1968,0.655391120507378
SGP,1967,3.34280096132817
SGP,1966,2.00579451749496
SGP,1965,0.178611297164573
SGP,1964,1.72609584374285
SGP,1963,2.20519962859835
SGP,1962,0.419580419580285
SGP,1961,0.400000000000083
SXM,2017,2.19201010962985
SXM,2016,0.111682655737579
SXM,2015,0.330027165141066
SXM,2014,1.88675466275266
SXM,2013,2.5286478853837
SXM,2012,4.01518421081576
SXM,2011,4.58475435650401
SXM,2010,1.33857621672882
SXM,2009,5.95763688760801
SXM,2008,-0.417929020080758
SXM,2007,4.43245754245754
SXM,2006,0.300601202404805
SVK,2025,4.00042823495829
SVK,2024,2.75760909424279
SVK,2023,10.5319476645211
SVK,2022,12.7741463637611
SVK,2021,3.1496062992126
SVK,2020,1.93694126694223
SVK,2019,2.6645613342544
SVK,2018,2.51403712883803
SVK,2017,1.31194588223247
SVK,2016,-0.520010196278358
SVK,2015,-0.325219777427765
SVK,2014,-0.0761653295419871
SVK,2013,1.40047368963025
SVK,2012,3.6061026352289
SVK,2011,3.91928599146291
SVK,2010,0.957018132975174
SVK,2009,1.61510464058236
SVK,2008,4.59817976325028
SVK,2007,2.75672371638135
SVK,2006,4.48333120449615
SVK,2005,2.70908494588383
SVK,2004,7.54850088183423
SVK,2003,8.55414305406653
SVK,2002,3.12714222984609
SVK,2001,7.32962019115532
SVK,2000,12.0357805974299
SVK,1999,10.5704416075224
SVK,1998,6.66565123195822
SVK,1997,6.14198999595657
SVK,1996,5.7758278615594
SVK,1995,9.84109579837761
SVK,1994,13.4155203422246
SVK,1993,23.287027664545
SVK,1992,9.89350519771172
SVN,2025,2.37284807226549
SVN,2024,1.96562656432505
SVN,2023,7.44687717385846
SVN,2022,8.83369886749452
SVN,2021,1.91706506089269
SVN,2020,-0.05485681576061
SVN,2019,1.63052260754335
SVN,2018,1.7386086198818
SVN,2017,1.42910743319306
SVN,2016,-0.0549995416705683
SVN,2015,-0.525552285820783
SVN,2014,0.199343826570844
SVN,2013,1.76920085881897
SVN,2012,2.59741386039003
SVN,2011,1.8028517194191
SVN,2010,1.80117022137138
SVN,2009,0.839262246793805
SVN,2008,5.64742380573939
SVN,2007,3.657495632841
SVN,2006,2.45792444195863
SVN,2005,2.45150132316477
SVN,2004,3.5929759424951
SVN,2003,5.54416421752897
SVN,2002,7.48077770703761
SVN,2001,8.37966587492208
SVN,2000,8.91174418658757
SVN,1999,6.1555875445156
SVN,1998,7.89116682856682
SVN,1997,8.35967990704302
SVN,1996,9.86445061546854
SVN,1995,13.4637296178669
SVN,1994,20.9918180471498
SVN,1993,31.7621306305932
SVN,1992,209.933731186822
SVN,1991,114.832935589747
SVN,1990,552.083528914324
SVN,1989,1281.44349404876
SVN,1988,198.753712862023
SVN,1987,132.072721014831
SVN,1986,95.8865052101643
SVN,1985,79.4063811481874
SVN,1984,53.6719669102484
SVN,1983,40.2134918436936
SVN,1982,30.1125435950715
SVN,1981,42.6229527318244
SLB,2025,3.36462189317825
SLB,2024,4.32183948388033
SLB,2023,5.88585897042164
SLB,2022,5.51812928576938
SLB,2021,-0.115437894412839
SLB,2020,2.96354992076065
SLB,2019,1.63485544012247
SLB,2018,3.46147484973729
SLB,2017,0.488686760261083
SLB,2016,0.512485626268792
SLB,2015,-0.57446928635949
SLB,2014,5.16590237925171
SLB,2013,5.3913638858756
SLB,2012,5.91200602491155
SLB,2011,7.34270706018
SLB,2010,1.05148163321038
SLB,2009,7.09271716876286
SLB,2008,17.3200651968774
SLB,2007,7.66602013484806
SLB,2006,11.2199870214146
SLB,2005,7.33066341633299
SLB,2004,6.98584202682567
SLB,2003,8.26946349334406
SLB,2002,10.9296341872692
SLB,2001,6.92583732057426
SLB,2000,7.88956186986721
SLB,1999,8.02036839296841
SLB,1998,12.3995038128069
SLB,1997,8.08400135486043
SLB,1996,11.7743563856637
SLB,1995,9.62921970116226
SLB,1994,13.2560325916638
SLB,1993,9.16866233321985
SLB,1992,10.7511603675285
SLB,1991,15.050130775937
SLB,1990,8.73759261848181
SLB,1989,14.9322478710301
SLB,1988,16.7375265724654
SLB,1987,10.9923664122135
SLB,1986,13.5718789407313
SLB,1985,9.56822107081143
SLB,1984,11.0471806674338
SLB,1983,6.23471882640582
SLB,1982,12.9834254143648
SLB,1981,16.3987138263664
SLB,1980,13.0909090909091
SLB,1979,8.05500982318267
SLB,1978,6.26304801670155
SLB,1977,8.61678004535154
SLB,1976,4.25531914893602
SLB,1975,10.0694444446641
SLB,1974,18.8531711555989
SLB,1973,3.2286995513524
SLB,1972,6.87754613015531
ZAF,2025,3.20550474112603
ZAF,2024,4.36115246518962
ZAF,2023,6.0752438457966
ZAF,2022,7.03987272546482
ZAF,2021,4.61874544887136
ZAF,2020,3.23238831615113
ZAF,2019,4.10285075461156
ZAF,2018,4.50987264867388
ZAF,2017,5.18618655524149
ZAF,2016,6.60290842394872
ZAF,2015,4.51869094892506
ZAF,2014,6.13282953059149
ZAF,2013,5.78016910069176
ZAF,2012,5.73797139141739
ZAF,2011,5.0008533879502
ZAF,2010,4.06749555950263
ZAF,2009,7.23809523809527
ZAF,2008,9.90998456005467
ZAF,2007,6.17781214809388
ZAF,2006,3.2439076541923
ZAF,2005,2.06285308223427
ZAF,2004,-0.692039437857687
ZAF,2003,5.67942414068799
ZAF,2002,9.494713780996
ZAF,2001,5.70189483049608
ZAF,2000,5.33895913599828
ZAF,1999,5.18148905111697
ZAF,1998,6.88054521037351
ZAF,1997,8.59777611252274
ZAF,1996,7.35411972085333
ZAF,1995,8.68042421392631
ZAF,1994,8.938563723594
ZAF,1993,9.71742729803028
ZAF,1992,13.874703748615
ZAF,1991,15.3347785733672
ZAF,1990,14.3209918914915
ZAF,1989,14.7308753982381
ZAF,1988,12.779553083028
ZAF,1987,16.1605948546791
ZAF,1986,18.6549230388755
ZAF,1985,16.2942252426421
ZAF,1984,11.526481434496
ZAF,1983,12.3032053006006
ZAF,1982,14.6390405853128
ZAF,1981,15.2542337674194
ZAF,1980,13.6602404681115
ZAF,1979,13.2936624628059
ZAF,1978,11.1356088829565
ZAF,1977,11.15195783193
ZAF,1976,11.0204105892452
ZAF,1975,13.4259248530376
ZAF,1974,11.7241315190611
ZAF,1973,9.43398376978394
ZAF,1972,6.42567638879175
ZAF,1971,5.95742085213486
ZAF,1970,4.99192455435617
ZAF,1969,3.23821721585667
ZAF,1968,1.98613362103222
ZAF,1967,3.53896580236233
ZAF,1966,3.48923715385175
ZAF,1965,4.06901853294584
ZAF,1964,2.53498854234898
ZAF,1963,1.33797064490693
ZAF,1962,1.24627519965495
ZAF,1961,2.10235059955978
ZAF,1960,1.28887692687992
SSD,2024,91.4408220769046
SSD,2023,2.38280434813754
SSD,2022,-6.68732094212668
SSD,2021,10.5167158294358
SSD,2020,29.6758435538572
SSD,2019,87.2413641500032
SSD,2018,83.5015294922
SSD,2017,187.851630279442
SSD,2016,379.999585624026
SSD,2015,52.7663304192143
SSD,2014,1.6742990629552
SSD,2013,-0.0580909784225664
SSD,2012,45.5258978371706
SSD,2011,46.8521757193597
SSD,2010,1.16962180301108
SSD,2009,5.00627361534047
ESP,2025,2.699932857627
ESP,2024,2.747147886618
ESP,2023,3.53236133492433
ESP,2022,8.39057634118637
ESP,2021,3.09313511976402
ESP,2020,-0.322753017299649
ESP,2019,0.699518994458648
ESP,2018,1.67498136863799
ESP,2017,1.95607633363954
ESP,2016,-0.202598000426358
ESP,2015,-0.500365709903243
ESP,2014,-0.151114837527235
ESP,2013,1.40858109183009
ESP,2012,2.44612782366809
ESP,2011,3.19610188833792
ESP,2010,1.79986457728769
ESP,2009,-0.287813083535241
ESP,2008,4.0753433595734
ESP,2007,2.7867974580495
ESP,2006,3.51557576832123
ESP,2005,3.36881409750383
ESP,2004,3.03924881090924
ESP,2003,3.03888839396661
ESP,2002,3.06565685902211
ESP,2001,3.58983413338117
ESP,2000,3.43351563418764
ESP,1999,2.31034813987063
ESP,1998,1.83432999908414
ESP,1997,1.97107395582926
ESP,1996,3.55884559338561
ESP,1995,4.67380337624701
ESP,1994,4.71841373967333
ESP,1993,4.56907173681805
ESP,1992,5.92453126228488
ESP,1991,5.9342134433593
ESP,1990,6.72181952228664
ESP,1989,6.791435840251
ESP,1988,4.83727066490357
ESP,1987,5.24801863489591
ESP,1986,8.79493932290324
ESP,1985,8.81445506678391
ESP,1984,11.2802765604036
ESP,1983,12.17407273517
ESP,1982,14.4150020548327
ESP,1981,14.5493457170323
ESP,1980,15.5619020957245
ESP,1979,15.6602355971771
ESP,1978,19.7736704973663
ESP,1977,24.5380632929204
ESP,1976,17.6248800527482
ESP,1975,16.9532859334983
ESP,1974,15.6803733985389
ESP,1973,11.4167076137085
ESP,1972,8.27228754941943
ESP,1971,8.23688714893596
ESP,1970,5.73114484293538
ESP,1969,2.16034713599861
ESP,1968,4.9543661173647
ESP,1967,6.39163108782109
ESP,1966,6.24036708297995
ESP,1965,13.2141378382198
ESP,1964,6.97924673989615
ESP,1963,8.74369768409137
ESP,1962,5.70647719271316
ESP,1961,0.809252873882238
ESP,1960,1.17777108409625
LKA,2025,-4.76386036960983
LKA,2024,-0.42936004906973
LKA,2023,16.5411742279832
LKA,2022,49.7211021114327
LKA,2021,7.01478071238195
LKA,2020,6.15394508391738
LKA,2019,3.52839358231811
LKA,2018,2.135037737132
LKA,2017,7.70413767850602
LKA,2016,3.9588884659307
LKA,2015,3.76836783062096
LKA,2014,3.1790022823606
LKA,2013,6.90845034828452
LKA,2012,7.54291373239437
LKA,2011,6.7167684358854
LKA,2010,6.2176488930462
LKA,2009,3.46496322106074
LKA,2008,22.5644955300126
LKA,2007,15.8421114924843
LKA,2006,10.0201836057035
LKA,2005,11.6396860971118
LKA,2004,7.57592582995856
LKA,2003,6.31463787051174
LKA,2002,9.55103167007251
LKA,2001,14.15845579912
LKA,2000,6.17627591012045
LKA,1999,4.69170563048438
LKA,1998,9.36424300683229
LKA,1997,9.57369626405162
LKA,1996,15.9358310447214
LKA,1995,7.67484873449805
LKA,1994,8.44871248698348
LKA,1993,11.7467370174946
LKA,1992,11.3834370512206
LKA,1991,12.1856307214389
LKA,1990,21.495252052759
LKA,1989,11.5675360890558
LKA,1988,13.9915489002075
LKA,1987,7.71716560559269
LKA,1986,7.97636193570627
LKA,1985,1.48118012235429
LKA,1984,16.6382537479217
LKA,1983,13.9643880065001
LKA,1982,10.8257491675687
LKA,1981,17.9689954960101
LKA,1980,26.1454101014465
LKA,1979,10.731921430873
LKA,1978,12.141597276466
LKA,1977,1.22487958802845
LKA,1976,1.3295186805823
LKA,1975,6.62599255320979
LKA,1974,12.3028867952472
LKA,1973,9.62664310171122
LKA,1972,6.34948605013613
LKA,1971,2.66538020859991
LKA,1970,5.86695607765968
LKA,1969,7.45695273372576
LKA,1968,5.86056644898579
LKA,1967,2.18923933203517
LKA,1966,-0.155601659973846
LKA,1965,0.222783306254021
LKA,1964,3.19564717604592
LKA,1963,2.27290539996214
LKA,1962,1.50357995251549
LKA,1961,1.1344436397999
LKA,1960,-1.54467680609201
KNA,2023,3.55711230848243
KNA,2022,2.66817533111249
KNA,2021,1.195688870384
KNA,2020,-1.16724501769353
KNA,2019,-0.329562063663977
KNA,2018,-1.03712214131572
KNA,2017,0.694916711613604
KNA,2016,-0.687037123294039
KNA,2015,-2.30187563045616
KNA,2014,0.247865392364942
KNA,2013,1.10698554000129
KNA,2012,0.816089281562459
KNA,2011,5.8351651957086
KNA,2010,0.850878649795844
KNA,2009,2.05793709041836
KNA,2008,5.30029675072584
KNA,2007,4.48088608614726
KNA,2006,8.48748575845879
KNA,2005,3.37781903988238
KNA,2004,2.31455462238093
KNA,2003,2.23543664374553
KNA,2002,2.04109102620208
KNA,2001,2.30344748349255
KNA,2000,2.14885532743696
KNA,1999,3.36303630363045
KNA,1998,3.44635865955273
KNA,1997,8.90518339116016
KNA,1996,2.08657385169121
KNA,1995,2.9568002509262
KNA,1994,1.44226958804943
KNA,1993,1.79486146433782
KNA,1992,2.85844672514458
KNA,1991,4.3237394435542
KNA,1990,4.01098407755617
KNA,1989,5.16996495562573
KNA,1988,0.232525033997813
KNA,1987,0.96301264865157
KNA,1986,-0.00668553372426752
KNA,1985,2.61954629955699
KNA,1984,2.71490470548818
KNA,1983,2.29153537034707
KNA,1982,5.92722298201993
KNA,1981,10.476363196689
KNA,1980,17.7366548046812
LCA,2025,2.02709512086274
LCA,2024,-0.674240853418779
LCA,2023,3.81914546156358
LCA,2022,9.65268564265764
LCA,2021,2.41070312174393
LCA,2020,-1.75580833517594
LCA,2019,0.539087559191757
LCA,2018,1.93561893150602
LCA,2017,0.104262078958441
LCA,2016,-3.07821765676927
LCA,2015,-0.983600952696996
LCA,2014,3.51695551369241
LCA,2013,1.46856511035428
LCA,2012,4.17763587102515
LCA,2011,2.76940794144093
LCA,2010,3.25034409180129
LCA,2009,-0.156936087168669
LCA,2008,5.54954769383937
LCA,2007,2.82310373736929
LCA,2006,2.39562082529168
LCA,2005,3.89827370759476
LCA,2004,1.46036814425245
LCA,2003,1.03425372426221
LCA,2002,-0.255536626916508
LCA,2001,5.30722081028547
LCA,2000,3.7107860871361
LCA,1999,3.50379784108942
LCA,1998,3.20194341679091
LCA,1997,-0.0055202870547238
LCA,1996,0.924842609615973
LCA,1995,5.62965921512378
LCA,1994,2.81591665153968
LCA,1993,0.848181596289603
LCA,1992,5.13889779944828
LCA,1991,6.14955053119049
LCA,1990,4.26755662855972
LCA,1989,4.37263766397329
LCA,1988,0.829472425646376
LCA,1987,7.02175303902781
LCA,1986,2.19025825433132
LCA,1985,1.42319898238732
LCA,1984,1.20548410365588
LCA,1983,1.47305853462301
LCA,1982,4.61406749873088
LCA,1981,15.1248443770346
LCA,1980,19.4777291132912
LCA,1979,9.3900427128736
LCA,1978,10.8775182920991
LCA,1977,8.86573190026188
LCA,1976,9.66911984668741
LCA,1975,17.7427876996523
LCA,1974,34.2206042268792
LCA,1973,13.440600697174
LCA,1972,7.88057628905351
LCA,1971,8.3913452492058
LCA,1970,13.3987625348182
LCA,1969,2.25438149968916
LCA,1968,3.96945410534389
LCA,1967,3.20717908718529
LCA,1966,2.47900839657731
VCT,2025,0.815322893749171
VCT,2024,3.62770736940927
VCT,2023,4.56457719814894
VCT,2022,5.66009779226552
VCT,2021,1.57272932500558
VCT,2020,-0.628131309354654
VCT,2019,0.91306972532459
VCT,2018,2.32414485367921
VCT,2017,2.15333648840511
VCT,2016,-0.149641647633284
VCT,2015,-1.73361194953959
VCT,2014,0.193858560794015
VCT,2013,0.805127804267928
VCT,2012,2.59844414147101
VCT,2011,3.1860311155246
VCT,2010,0.747109026311474
VCT,2009,0.421539125687215
VCT,2008,10.0662418245849
VCT,2007,7.23614701584807
VCT,2006,2.74067516070673
VCT,2005,3.7334291646702
VCT,2004,2.96003946719286
VCT,2003,0.205981708824254
VCT,2002,1.85550399046655
VCT,2001,0.9008584858665
VCT,2000,0.167679637488279
VCT,1999,1.01355044438875
VCT,1998,2.1424064726839
VCT,1997,0.443616029823348
VCT,1996,4.40790113846454
VCT,1995,1.73837289880567
VCT,1994,1.0089495525225
VCT,1993,4.29137553446651
VCT,1992,3.46353042727654
VCT,1991,5.49200387001333
VCT,1990,7.60609957743892
VCT,1989,2.83393160778396
VCT,1988,0.227229691346298
VCT,1987,3.30594679186221
VCT,1986,1.02766798418975
VCT,1985,2.13968510329097
VCT,1984,2.70195563584383
VCT,1983,5.4583879899022
VCT,1982,7.22825662243943
VCT,1981,12.7356566462516
VCT,1980,17.2074750037358
VCT,1979,15.6084783235704
VCT,1978,8.42952810284595
VCT,1977,10.1869132045143
VCT,1976,11.2889826175874
VCT,1975,6.79770679739963
SDN,2022,138.80846024176
SDN,2021,359.093040778999
SDN,2020,163.257782355458
SDN,2019,50.9940515002965
SDN,2018,63.2925073455888
SDN,2017,32.3516260968437
SDN,2016,17.750253831196
SDN,2015,16.9095706050977
SDN,2014,36.9066427863595
SDN,2013,36.5223449139154
SDN,2012,35.5590574147024
SDN,2011,18.0966171221351
SDN,2010,12.9776663898014
SDN,2009,11.256758706301
SDN,2008,14.2971224481434
SDN,2007,14.7542770780084
SDN,2006,7.19912990114709
SDN,2005,8.50585075933117
SDN,2004,9.65754628605945
SDN,2003,6.48943208673338
SDN,2002,22.2247241495905
SDN,2001,1.93529572095333
SDN,2000,7.12125897172291
SDN,1999,17.1664454201761
SDN,1998,24.6218785461586
SDN,1997,47.1685369647197
SDN,1996,132.823777374139
SDN,1995,68.3751929485422
SDN,1994,115.398144292738
SDN,1993,101.380423763812
SDN,1992,117.624468896394
SDN,1991,123.578126902936
SDN,1990,65.1580979966203
SDN,1989,66.7203219315898
SDN,1988,64.7005631001051
SDN,1987,20.557237745391
SDN,1986,24.453490125132
SDN,1985,45.40750323421
SDN,1984,34.14634146336
SDN,1983,30.5877747791383
SDN,1982,25.7128797492595
SDN,1981,24.5757243336576
SDN,1980,25.3523690119419
SDN,1979,31.138455010753
SDN,1978,19.2304044013514
SDN,1977,17.0763307914922
SDN,1976,1.67488426358217
SDN,1975,23.9630476370738
SDN,1974,26.1581023014198
SDN,1973,15.2890879478773
SDN,1972,13.5547507128621
SDN,1971,1.30366900859353
SDN,1970,4.02779565047173
SDN,1969,12.606868569676
SDN,1968,-10.0338953589389
SDN,1967,11.0135558877735
SDN,1966,1.71246319927017
SDN,1965,-2.44602939056201
SDN,1964,3.95083843356371
SDN,1963,4.68823253646181
SDN,1962,1.66287136567997
SDN,1961,8.76051146191632
SDN,1960,0.092240285829437
SUR,2025,9.2054681878919
SUR,2024,16.2296159130279
SUR,2023,51.5873159600861
SUR,2022,52.446027276241
SUR,2021,59.1196626251977
SUR,2020,34.889784309078
SUR,2017,21.9969430173304
SUR,2016,55.4123879763196
SUR,2015,6.89390359168238
SUR,2014,3.38341272749477
SUR,2013,1.92343604108305
SUR,2012,5.00686319367273
SUR,2011,17.7117796414558
SUR,2010,6.94108221639996
SUR,2009,-0.133636646714877
SUR,2008,14.6671427437912
SUR,2007,6.42627934470524
SUR,2006,11.2813043273975
SUR,2005,9.89800489561465
SUR,2004,9.98632511974878
SUR,2003,23.0022321778219
SUR,2002,15.5273989185702
SUR,2001,38.5862878872611
SUR,2000,59.401686545079
SUR,1999,98.7730914112164
SUR,1998,18.9753691994478
SUR,1997,7.14511160883929
SUR,1996,-0.701887251452818
SUR,1995,235.558815073605
SUR,1994,368.478068706267
SUR,1993,143.51155848349
SUR,1992,43.6661783854171
SUR,1991,25.9674625060223
SUR,1990,21.7399443397526
SUR,1989,0.769646742205996
SUR,1988,7.31328780803817
SUR,1987,53.3929532563242
SUR,1986,18.6879606879605
SUR,1985,10.8659529841192
SUR,1984,3.68874452760907
SUR,1983,4.41180807455269
SUR,1982,7.27640861779861
SUR,1981,8.79396984924597
SUR,1980,14.1097064496918
SUR,1979,14.8423081655328
SUR,1978,8.82352941179666
SUR,1977,9.73113276853737
SUR,1976,10.0695380302795
SUR,1975,8.44732842274659
SUR,1974,16.8761956821095
SUR,1973,12.9408133340937
SUR,1972,3.23428662488595
SUR,1971,0.215551652643419
SUR,1970,2.58804258797295
SUR,1969,11.2745098039219
SUR,1968,0.163666121112876
SUR,1967,10.6884057971016
SUR,1966,4.74383301707783
SUR,1965,1.93423597678913
SUR,1964,4.23387096774197
SUR,1963,2.05761316872425
SUR,1962,2.1008403361344
SUR,1961,1.70940170940175
SUR,1960,2.85714285714286
SWE,2025,0.679869285243995
SWE,2024,2.83581658224034
SWE,2023,8.5486248974891
SWE,2022,8.36929098869189
SWE,2021,2.16319736447143
SWE,2020,0.497367318853572
SWE,2019,1.78415097403835
SWE,2018,1.95353530127028
SWE,2017,1.79449904665599
SWE,2016,0.984269244577992
SWE,2015,-0.0467847449832812
SWE,2014,-0.179638494114635
SWE,2013,-0.044292970148682
SWE,2012,0.888377506923735
SWE,2011,2.9611507382214
SWE,2010,1.15798802715626
SWE,2009,-0.494460544378051
SWE,2008,3.43704910602875
SWE,2007,2.21216883436733
SWE,2006,1.36021468627693
SWE,2005,0.453170852576138
SWE,2004,0.373659828721824
SWE,2003,1.92565534892383
SWE,2002,2.15848213589266
SWE,2001,2.40595834145436
SWE,2000,0.899143734041715
SWE,1999,0.462175756339138
SWE,1998,-0.267132668354971
SWE,1997,0.658410256243526
SWE,1996,0.533131978766238
SWE,1995,2.455148578184
SWE,1994,2.15813800724629
SWE,1993,4.72817304626049
SWE,1992,2.37436725111881
SWE,1991,9.44462732944189
SWE,1990,10.3665533879493
SWE,1989,6.44327587426603
SWE,1988,5.8248986843944
SWE,1987,4.18857151771368
SWE,1986,4.23591011089791
SWE,1985,7.37257458126243
SWE,1984,8.04424238994429
SWE,1983,8.8730215236321
SWE,1982,8.58918509047119
SWE,1981,12.1039385302599
SWE,1980,13.7063223649005
SWE,1979,7.20978617047804
SWE,1978,9.99526541717736
SWE,1977,11.4418051091076
SWE,1976,10.2492246529784
SWE,1975,9.77987398822576
SWE,1974,9.91172530113231
SWE,1973,6.71799739819354
SWE,1972,6.00738969862494
SWE,1971,7.39554113837643
SWE,1970,7.01635885100763
SWE,1969,2.69199458555708
SWE,1968,1.94312582473228
SWE,1967,4.28931922993319
SWE,1966,6.40480825348423
SWE,1965,5.01277129643838
SWE,1964,3.38766231088349
SWE,1963,2.87174034485767
SWE,1962,4.76619721905826
SWE,1961,2.15797310981961
SWE,1960,4.14177915090215
CHE,2025,0.154376978290185
CHE,2024,1.06234041976595
CHE,2023,2.13540088016387
CHE,2022,2.83502798644451
CHE,2021,0.581814168489856
CHE,2020,-0.725874933313403
CHE,2019,0.362886179940674
CHE,2018,0.936335464113572
CHE,2017,0.533787839825876
CHE,2016,-0.434618664285815
CHE,2015,-1.14390867228178
CHE,2014,-0.0132025387515946
CHE,2013,-0.217323155115673
CHE,2012,-0.692552018105163
CHE,2011,0.2313492076509
CHE,2010,0.688238707219975
CHE,2009,-0.480481936423305
CHE,2008,2.42604117060157
CHE,2007,0.732350603122236
CHE,2006,1.05950928324805
CHE,2005,1.17195420333703
CHE,2004,0.802908730955226
CHE,2003,0.63827293088719
CHE,2002,0.642711506543278
CHE,2001,0.989020329832545
CHE,2000,1.55852919679008
CHE,1999,0.806444380959459
CHE,1998,0.0179384378439321
CHE,1997,0.52022542273664
CHE,1996,0.811634064628187
CHE,1995,1.7998277686715
CHE,1994,0.852116995120664
CHE,1993,3.29262180313607
CHE,1992,4.0370302077874
CHE,1991,5.85959663468677
CHE,1990,5.40395909218937
CHE,1989,3.15526979710909
CHE,1988,1.87246859731867
CHE,1987,1.44032188041723
CHE,1986,0.750309839410828
CHE,1985,3.43539935298266
CHE,1984,2.93145669136624
CHE,1983,2.94979443545725
CHE,1982,5.65510182392342
CHE,1981,6.49030964005718
CHE,1980,4.0225008483901
CHE,1979,3.64764010558783
CHE,1978,1.0287928948743
CHE,1977,1.29599916278313
CHE,1976,1.71547632285653
CHE,1975,6.69659522507839
CHE,1974,9.76741431913027
CHE,1973,8.75467033024633
CHE,1972,6.66000704160245
CHE,1971,6.57322111925785
CHE,1970,3.61598678629524
CHE,1969,2.48903598959374
CHE,1968,2.3958222695701
CHE,1967,4.00519621563881
CHE,1966,4.77597959563685
CHE,1965,3.41447860846188
CHE,1964,3.08055687101809
CHE,1963,3.44021288042959
CHE,1962,4.3159928775438
CHE,1961,1.84539787448657
CHE,1960,1.43879470321087
SYR,2019,13.4175653228571
SYR,2018,0.940983843906769
SYR,2017,18.0752696281771
SYR,2016,47.7051615298923
SYR,2015,38.4611429599733
SYR,2014,10.9271141804297
SYR,2013,40.0318378290723
SYR,2012,36.7022953364139
SYR,2011,4.7531638888563
SYR,2010,4.3974138315007
SYR,2009,2.92089711805367
SYR,2008,15.7453252219709
SYR,2007,3.90770950443607
SYR,2006,10.0241105377571
SYR,2005,7.24034939348535
SYR,2004,4.43314136719839
SYR,2003,5.79682944905841
SYR,2002,-0.130505282417402
SYR,2001,2.99999999999995
SYR,2000,-3.84615384615379
SYR,1999,-3.70370370370365
SYR,1998,-0.797165633303916
SYR,1997,1.88611136179086
SYR,1996,8.2498900991551
SYR,1995,7.97995780590686
SYR,1994,15.3284671532846
SYR,1993,13.2231404958679
SYR,1992,11.0091743119265
SYR,1991,9.00000000000003
SYR,1990,19.3968672229543
SYR,1989,11.3992172211349
SYR,1988,34.562211981567
SYR,1987,59.4843677088198
SYR,1986,36.0634920634916
SYR,1985,17.2529313232832
SYR,1984,9.22951819475496
SYR,1983,6.1272923408846
SYR,1982,14.3033292231811
SYR,1981,18.3941605839417
SYR,1980,19.2964123998608
SYR,1979,4.55207574654038
SYR,1978,4.80916030534371
SYR,1977,11.9658119658116
SYR,1976,11.4285714285715
SYR,1975,11.4649681528663
SYR,1974,15.5282817502668
SYR,1973,20.3596660244059
SYR,1972,2.09836065573833
SYR,1971,5.6094182825485
SYR,1970,4.63768115941983
SYR,1969,-1.98863636363599
SYR,1968,2.84879474068662
SYR,1967,6.45412130637526
SYR,1966,3.79338175948378
SYR,1965,-3.87897595034945
SYR,1964,5.39656582175021
SYR,1963,1.91666666666659
SYR,1962,-3.8461538461533
SYR,1961,1.95889088150075
SYR,1960,5.11890951276099
TJK,2016,6.00458082322139
TJK,2015,5.7145594964971
TJK,2014,6.10442765129667
TJK,2013,5.00964645344951
TJK,2012,5.83116601031462
TJK,2011,12.4315490430406
TJK,2010,6.44531440780658
TJK,2009,6.44823481066697
TJK,2008,20.4705219109964
TJK,2007,13.1491247062982
TJK,2006,10.0108651886461
TJK,2005,7.09193244083773
TJK,2004,7.14196508692253
TJK,2003,16.3034912049491
TJK,2002,12.2499847845885
TJK,2001,38.59188944886
TZA,2025,3.32697361316105
TZA,2024,3.05694676312373
TZA,2023,3.79923291384916
TZA,2022,4.35027204269101
TZA,2021,3.69091958802199
TZA,2020,3.29029062798325
TZA,2019,3.46428057999021
TZA,2018,3.49445848856181
TZA,2017,5.31871605228931
TZA,2016,5.17476629301493
TZA,2015,5.58816952959298
TZA,2014,6.13161432988012
TZA,2013,7.87072364573959
TZA,2012,16.0010938506338
TZA,2011,12.6909694699162
TZA,2010,6.20015595647403
TZA,2009,12.1422278742988
TZA,2008,10.2783937621135
TZA,2007,7.02551436974771
TZA,2006,7.25097262082546
TZA,2005,5.03457009267163
TZA,2004,4.73580143949058
TZA,2003,5.30356621509782
TZA,2002,5.31783366118203
TZA,2001,5.14746800222618
TZA,2000,5.92396109637479
TZA,1999,7.89043336058877
TZA,1998,12.7997540479609
TZA,1997,16.0906549283201
TZA,1996,20.9772596430629
TZA,1995,27.4277854195323
TZA,1994,34.0833640722984
TZA,1993,25.277264325323
TZA,1992,21.8468468468473
TZA,1991,28.695652173913
TZA,1990,35.8267716535433
TZA,1989,25.8498382611657
TZA,1988,31.1867182846932
TZA,1987,29.9493695378761
TZA,1986,32.4322015801837
TZA,1985,33.2821038251368
TZA,1984,36.1459415056028
TZA,1983,27.0559275305238
TZA,1982,28.9323346451693
TZA,1981,25.6500239272612
TZA,1980,30.197300103842
TZA,1979,12.9486277269529
TZA,1978,6.57500000000009
TZA,1977,11.6041381030119
TZA,1976,6.85935002653251
TZA,1975,26.0577568841573
TZA,1974,19.5983935742148
TZA,1973,10.3968078032167
TZA,1972,7.63540921001038
TZA,1971,4.77500000002375
TZA,1970,3.49288486418357
TZA,1969,16.4156626499998
TZA,1968,15.5988857954827
TZA,1967,12.1874999984368
TZA,1966,9.77701543927596
THA,2025,-0.133634356480207
THA,2024,0.398333333333422
THA,2023,1.22908986612448
THA,2022,6.07589952842433
THA,2021,1.23104516549814
THA,2020,-0.846087518861799
THA,2019,0.705524801910317
THA,2018,1.06683487370758
THA,2017,0.664415139830893
THA,2016,0.186235191075453
THA,2015,-0.898143410569433
THA,2014,1.89455652481545
THA,2013,2.18617704418967
THA,2012,3.00948610403357
THA,2011,3.81191694558332
THA,2010,3.24758842443725
THA,2009,-0.845716092316721
THA,2008,5.46848949649846
THA,2007,2.24154095286802
THA,2006,4.63747436011764
THA,2005,4.54036919634536
THA,2004,2.75914926231082
THA,2003,1.80434994635718
THA,2002,0.697308976625449
THA,2001,1.62690887314091
THA,2000,1.59196917460972
THA,1999,0.284726459223048
THA,1998,7.99472875027457
THA,1997,5.62579747129106
THA,1996,5.80510554737349
THA,1995,5.81818181818192
THA,1994,5.04774897680755
THA,1993,3.31219168428468
THA,1992,4.13914575077053
THA,1991,5.70985259891396
THA,1990,5.8639947437583
THA,1989,5.35546507986216
THA,1988,3.86273074733655
THA,1987,2.46646112823956
THA,1986,1.84167596806044
THA,1985,2.43173123433475
THA,1984,0.864898430279296
THA,1983,3.7265366212408
THA,1982,5.25907990316824
THA,1981,12.6629930710215
THA,1980,19.703500522778
THA,1979,9.89736596559927
THA,1978,7.92408985303782
THA,1977,7.60126687769027
THA,1976,4.14930555494793
THA,1975,5.33009708749865
THA,1974,24.3135598335014
THA,1973,15.5095497002705
THA,1972,4.83776673497443
THA,1971,0.484652665370717
THA,1970,-0.0880410855462474
THA,1969,2.45039085983105
THA,1968,1.79035960223026
THA,1967,4.30965682357123
THA,1966,4.03520425067445
THA,1965,0.166333998420151
THA,1964,-0.792079207921113
THA,1962,3.69609856262894
THA,1961,7.38699007717708
THA,1960,-0.765864332603765
TLS,2025,0.428322848346937
TLS,2024,2.06284153005468
TLS,2023,8.42035103310377
TLS,2022,7.00530945399787
TLS,2021,3.69792094666786
TLS,2020,0.495499215459571
TLS,2019,0.958812739703141
TLS,2018,2.63647201015892
TLS,2017,0.557215537430361
TLS,2016,-1.33853876185163
TLS,2015,0.552796026277853
TLS,2014,0.726275016139465
TLS,2013,11.0849085109954
TLS,2012,11.8003096701544
TLS,2011,13.499840238577
TLS,2010,6.76597680236481
TLS,2009,0.669681185965433
TLS,2008,9.06423621948942
TLS,2007,10.3009020174895
TLS,2006,3.93616259929866
TLS,2005,1.11167400387198
TLS,2004,3.23751394003321
TLS,2003,7.16515891441839
TGO,2025,0.433183451279109
TGO,2024,2.86262074089801
TGO,2023,5.48928568141131
TGO,2022,7.96757361617945
TGO,2021,4.1862150652352
TGO,2020,1.69928463299399
TGO,2019,0.674652770077525
TGO,2018,0.927755426457183
TGO,2017,-0.981889868943119
TGO,2016,1.28544847051417
TGO,2015,2.58500390801595
TGO,2014,0.19087507624975
TGO,2013,1.82539475909162
TGO,2012,2.57718174055848
TGO,2011,3.5635147290396
TGO,2010,1.44594517430864
TGO,2009,3.71360592035809
TGO,2008,8.69482814363902
TGO,2007,0.945673271705214
TGO,2006,2.22897779414027
TGO,2005,6.78292893028314
TGO,2004,0.393078681031669
TGO,2003,-0.930000884072214
TGO,2002,3.05981857535884
TGO,2001,3.91959133653146
TGO,2000,1.86260595463067
TGO,1999,-0.0532136248823534
TGO,1998,0.975338381088674
TGO,1997,8.25082508250802
TGO,1996,4.68749999999996
TGO,1995,16.4335034524163
TGO,1994,39.1627673796795
TGO,1993,-1.00688168855034
TGO,1992,1.39378663675938
TGO,1991,0.387081797870757
TGO,1990,1.01534150530809
TGO,1989,-0.839403116952551
TGO,1988,-0.150910979934777
TGO,1987,0.054008850482646
TGO,1986,4.12461526367686
TGO,1985,-1.81441438232162
TGO,1984,-3.52662871020549
TGO,1983,9.35546507986147
TGO,1982,11.1296733281827
TGO,1981,19.7165023624807
TGO,1980,12.3068572123795
TGO,1979,7.53925120772942
TGO,1978,0.442773093952961
TGO,1977,22.4570134066177
TGO,1976,11.6407308106915
TGO,1975,18.0121994976676
TGO,1974,12.8319316906201
TGO,1973,3.61531496573167
TGO,1972,7.7266076782348
TGO,1971,6.4920611363943
TGO,1970,4.48062015465095
TGO,1969,6.01577909270214
TGO,1968,0.296735906036536
TGO,1967,-2.31884058067624
TON,2025,5.59276642101027
TON,2024,3.18188924237472
TON,2023,6.35112980255182
TON,2022,10.9713652903022
TON,2021,5.64051140636743
TON,2020,-0.349737696727419
TON,2019,1.17954334821801
TON,2018,5.03209691984883
TON,2017,7.51706283551116
TON,2016,2.57815515245081
TON,2015,-1.05399831971283
TON,2014,2.51087633253696
TON,2013,0.77562932236742
TON,2012,1.14753853706055
TON,2011,6.27075302995692
TON,2010,3.53491239189831
TON,2009,1.42685972070539
TON,2008,10.4469875128223
TON,2007,5.8422487490138
TON,2006,6.14911606456568
TON,2005,8.66569221131751
TON,2004,10.9734053679554
TON,2003,11.6386219580734
TON,2002,10.3590607918507
TON,2001,8.29028318850332
TON,2000,6.32763551411153
TON,1999,4.46435467675891
TON,1998,3.27444554260469
TON,1997,2.12473132408038
TON,1996,2.99528023991141
TON,1995,1.46000630350972
TON,1994,1.01295206694856
TON,1993,0.960904460459173
TON,1992,7.93698012192874
TON,1991,10.5954493994793
TON,1990,9.70986384562655
TON,1989,4.07364364792932
TON,1988,9.92402339810402
TON,1987,4.685987787925
TON,1986,21.6738748768894
TON,1985,16.765
TON,1984,0.106451612903658
TON,1983,9.81355311787774
TON,1982,10.8378703800657
TON,1981,14.8992481203002
TON,1980,22.3933889164965
TON,1979,5.46001552795043
TON,1978,9.58437912111287
TON,1977,17.5379384484612
TON,1976,7.10957583547552
TTO,2025,0.994489987904821
TTO,2024,0.526884625776839
TTO,2023,4.62930242419968
TTO,2022,5.82838638517959
TTO,2021,2.05922746915458
TTO,2020,0.598986330824643
TTO,2019,1.00054293027237
TTO,2018,1.01856930188822
TTO,2017,1.88038440183532
TTO,2016,3.07066742464024
TTO,2015,4.66121598098264
TTO,2014,5.68441814595659
TTO,2013,5.19981740465611
TTO,2012,9.26028137068292
TTO,2011,5.1071328926456
TTO,2010,10.5492003179988
TTO,2009,6.97808725251547
TTO,2008,12.0303445477177
TTO,2007,7.89438834757299
TTO,2006,8.32960351465347
TTO,2005,6.87453459583516
TTO,2004,3.72154938995965
TTO,2003,3.8111062439687
TTO,2002,4.1500586166472
TTO,2001,5.536653263223
TTO,2000,3.55541319666877
TTO,1999,3.43913590881996
TTO,1998,5.61270907691201
TTO,1997,3.62607875843081
TTO,1996,3.40457442819624
TTO,1995,5.18220539517274
TTO,1994,8.81469401768106
TTO,1993,10.835235920852
TTO,1992,6.43985419198061
TTO,1991,3.78310214375795
TTO,1990,11.0644257703083
TTO,1989,11.4321318133567
TTO,1988,7.75849206743917
TTO,1987,10.7518589920742
TTO,1986,7.69367659323135
TTO,1985,7.62257405520196
TTO,1984,13.3347804066324
TTO,1983,15.1749999993332
TTO,1982,11.6347629431673
TTO,1981,14.3318866009395
TTO,1980,17.4703042795772
TTO,1979,14.7221703689992
TTO,1978,10.256586168874
TTO,1977,11.7448635390942
TTO,1976,10.6924643577729
TTO,1975,16.9790604656895
TTO,1974,22.0249772717617
TTO,1973,14.810745481571
TTO,1972,9.30106881253335
TTO,1971,3.53102076328998
TTO,1970,2.52390057362692
TTO,1969,2.43520271601535
TTO,1968,8.23205200691283
TTO,1967,2.13625866015493
TTO,1966,4.0943580499049
TTO,1965,1.78161798448849
TTO,1964,0.86379762440665
TTO,1963,3.76120358491645
TTO,1962,2.98335256339286
TTO,1961,1.52275769788992
TTO,1960,2.08000000007815
TUN,2025,5.15100197572676
TUN,2024,7.20661657168794
TUN,2023,9.32899597507865
TUN,2022,8.30646124447623
TUN,2021,5.706350208307
TUN,2020,5.63415115897625
TUN,2019,6.72007532863799
TUN,2018,7.30759176031652
TUN,2017,5.30884839565844
TUN,2016,3.62939937384381
TUN,2015,4.437371273215
TUN,2014,4.62555099534031
TUN,2013,5.31623531326689
TUN,2012,4.6118443220664
TUN,2011,3.24002842009531
TUN,2010,3.33897963601069
TUN,2009,3.66490330642919
TUN,2008,4.34502807623045
TUN,2007,2.96694432477349
TUN,2006,3.22525337438917
TUN,2005,2.01778641357144
TUN,2004,3.63228004956625
TUN,2003,2.71259247474352
TUN,2002,2.72103284850455
TUN,2001,1.98333333333337
TUN,2000,2.96230794738605
TUN,1999,2.6901248581158
TUN,1998,3.12536579655862
TUN,1997,3.65202620723071
TUN,1996,3.72514472690715
TUN,1995,6.24415028747146
TUN,1994,4.73323063996595
TUN,1993,3.9749563191613
TUN,1992,5.82434514637906
TUN,1991,8.19371509544085
TUN,1990,6.54529307282414
TUN,1989,7.74088603961336
TUN,1988,7.19696969696955
TUN,1987,8.2258064516129
TUN,1986,6.16438356164371
TUN,1985,7.25436179981635
TUN,1984,8.9000000000001
TUR,2025,34.8811629820306
TUR,2024,58.5064507300342
TUR,2023,53.8594087593315
TUR,2022,72.3088359891207
TUR,2021,19.5964926913324
TUR,2020,12.2789574462574
TUR,2019,15.1768215720022
TUR,2018,16.3324638988929
TUR,2017,11.1443110840764
TUR,2016,7.7751341532833
TUR,2015,7.67085364845885
TUR,2014,8.85457271364316
TUR,2013,7.49309030547693
TUR,2012,8.89156996512163
TUR,2011,6.471879671151
TUR,2010,8.56644420552976
TUR,2009,6.25097663090626
TUR,2008,10.4441283764885
TUR,2007,8.75618090972632
TUR,2006,9.59724212288446
TUR,2005,8.17916036802008
TUR,2004,8.59826168115262
TUR,2003,21.6024384490573
TUR,2002,44.964120947985
TUR,2001,54.4001887619074
TUR,2000,54.9153705812683
TUR,1999,64.8674876350757
TUR,1998,84.6413434846314
TUR,1997,85.6693616499779
TUR,1996,80.4121511388042
TUR,1995,89.1133172248499
TUR,1994,105.214986469202
TUR,1993,66.0938429820004
TUR,1992,70.0761038690374
TUR,1991,65.978567991895
TUR,1990,60.3038691346447
TUR,1989,63.2725524930958
TUR,1988,68.8096433837048
TUR,1987,38.8558434758409
TUR,1986,34.6100759738745
TUR,1985,44.9617301528779
TUR,1984,48.3923231346863
TUR,1983,31.3902710198445
TUR,1982,29.1375145022676
TUR,1981,37.6147825797716
TUR,1980,94.2608598807592
TUR,1979,63.5431082506343
TUR,1978,61.8970444383435
TUR,1977,25.9853378650602
TUR,1976,17.4556893891337
TUR,1975,21.2273552385835
TUR,1974,23.8981615766705
TUR,1973,13.9381652448957
TUR,1972,15.4164557223962
TUR,1971,19.0114086837675
TUR,1970,7.92395208301997
TUR,1969,4.92419394498296
TUR,1968,6.04623966197407
TUR,1967,13.9748929481675
TUR,1966,8.47199621539225
TUR,1965,4.55553368394828
TUR,1964,1.11963781543112
TUR,1963,6.36270692832311
TUR,1962,3.88832025146503
TUR,1961,3.17285699708268
TUR,1960,5.66473988439309
TUV,2011,0.5005807431527
UGA,2025,3.58082784438067
UGA,2024,3.32338033691819
UGA,2023,5.35094804280395
UGA,2022,7.1957888597581
UGA,2021,2.20457204757414
UGA,2020,3.31332289544502
UGA,2019,2.867588034469
UGA,2018,2.61601190952274
UGA,2017,5.20971705914209
UGA,2016,5.70637504616212
UGA,2015,5.58968606251725
UGA,2014,3.07570668958641
UGA,2013,4.90520875694557
UGA,2012,12.6790377224659
UGA,2011,16.5643496174515
UGA,2010,3.97655288478168
UGA,2009,13.0172561889185
UGA,2008,12.0508555482886
UGA,2007,6.1385108328505
UGA,2006,7.31067613561864
UGA,2005,8.44872642299532
UGA,2004,3.72128743978228
UGA,2003,8.68047651566884
UGA,2002,-0.287508511765196
UGA,2001,1.86512524084773
UGA,2000,3.39202158512998
UGA,1999,5.77736898687895
UGA,1998,0.0688041719983172
UGA,1997,8.16902144106963
UGA,1996,7.19164660433344
UGA,1995,6.55014018970371
UGA,1994,10.0367598792175
UKR,2025,12.7303341026903
UKR,2024,6.50198464669254
UKR,2023,12.8490222828559
UKR,2022,20.1836366617478
UKR,2021,9.36313917695223
UKR,2020,2.73249209419427
UKR,2019,7.88671745611133
UKR,2018,10.9518559353178
UKR,2017,14.4383227488749
UKR,2016,13.9127101997797
UKR,2015,48.6998646434424
UKR,2014,12.0718562874251
UKR,2013,-0.238948626045407
UKR,2012,0.568727971803862
UKR,2011,7.95572466274652
UKR,2010,9.37293105078978
UKR,2009,15.8811924594476
UKR,2008,25.226461707384
UKR,2007,12.8387796190181
UKR,2006,9.05252491133248
UKR,2005,13.5695764909248
UKR,2004,9.04806786050888
UKR,2003,5.17967781908315
UKR,2002,0.75742084639286
UKR,2001,11.9588085390459
UKR,2000,28.2030972388552
UKR,1999,22.6836718061345
UKR,1998,10.5771611482514
UKR,1997,15.940599414943
UKR,1996,80.3255014551742
UKR,1995,376.746174768209
UKR,1994,891.187748133705
UKR,1993,4734.91434744585
ARE,2025,1.250865245598
ARE,2024,1.66336510224894
ARE,2023,1.62670837213248
ARE,2022,5.29122604376849
ARE,2021,0.179935336174431
ARE,2020,-2.07940317940944
ARE,2019,-1.93108114782173
ARE,2018,3.06863379251997
ARE,2017,1.96682557818842
ARE,2016,1.61748808904198
ARE,2015,4.06996608361593
ARE,2014,2.34626865671643
ARE,2013,1.1011183637571
ARE,2012,0.662268900269009
ARE,2011,0.87734659568512
ARE,2010,0.877983288285867
ARE,2009,1.5618131744907
ARE,2008,12.2504202448139
GBR,2025,3.88306881626
GBR,2024,3.2715729463592
GBR,2023,6.79396706793963
GBR,2022,7.92204883147902
GBR,2021,2.51837109614213
GBR,2020,0.989486703772491
GBR,2019,1.73810460086513
GBR,2018,2.29283990345938
GBR,2017,2.55775577557747
GBR,2016,1.0084173681141
GBR,2015,0.36804684232536
GBR,2014,1.45112016293279
GBR,2013,2.29166666666659
GBR,2012,2.5732347965453
GBR,2011,3.8561124468282
GBR,2010,2.49265472467065
GBR,2009,1.96173173560109
GBR,2008,3.52140856342539
GBR,2007,2.38656150773327
GBR,2006,2.4556616643929
GBR,2005,2.0891364902507
GBR,2004,1.39039756680422
GBR,2003,1.37650038542013
GBR,2002,1.52040245947455
GBR,2001,1.53234960272418
GBR,2000,1.18295624210408
GBR,1999,1.7529508005142
GBR,1998,1.82056163731557
GBR,1997,2.20114313510882
GBR,1996,2.85178236397749
GBR,1995,2.69749518304432
GBR,1994,2.21901260504205
GBR,1993,2.55857796929705
GBR,1992,4.59154929577461
GBR,1991,7.46178295746934
GBR,1990,8.06346090938833
GBR,1989,5.76024909185262
GBR,1988,4.15535171583102
GBR,1987,4.14892232052945
GBR,1986,3.42760940369314
GBR,1985,6.07139434015119
GBR,1984,4.96071097821927
GBR,1983,4.60930327269779
GBR,1982,8.59886383332186
GBR,1981,11.8766265142296
GBR,1980,17.9659242656857
GBR,1979,13.4212799774012
GBR,1978,8.26314103860768
GBR,1977,15.8402667458768
GBR,1976,16.5595225588084
GBR,1975,24.2072876743291
GBR,1974,16.0440111889861
GBR,1973,9.19603316657812
GBR,1972,7.07109839479797
GBR,1971,9.44483742337133
GBR,1970,6.36656841727441
GBR,1969,5.44666363048887
GBR,1968,4.69742920620478
GBR,1967,2.48211441258618
GBR,1966,3.90961779211889
GBR,1965,4.77377455386914
GBR,1964,3.28158694697213
GBR,1963,2.01854355976229
GBR,1962,4.19649888238551
GBR,1961,3.4474962304662
GBR,1960,1.00357570390172
USA,2024,2.94952520485207
USA,2023,4.11633838374488
USA,2022,8.00279982052121
USA,2021,4.69785886363742
USA,2020,1.23358439630629
USA,2019,1.81221007526021
USA,2018,2.44258329692817
USA,2017,2.13011000365961
USA,2016,1.26158320570536
USA,2015,0.118627135552451
USA,2014,1.62222297740817
USA,2013,1.46483265562717
USA,2012,2.06933726526067
USA,2011,3.156841568622
USA,2010,1.6400434423899
USA,2009,-0.355546266299747
USA,2008,3.839100296651
USA,2007,2.85267248150138
USA,2006,3.22594410070404
USA,2005,3.3927468454955
USA,2004,2.67723669309172
USA,2003,2.27009497336115
USA,2002,1.58603162650601
USA,2001,2.82617111885407
USA,2000,3.37685727149929
USA,1999,2.18802719697358
USA,1998,1.55227909874364
USA,1997,2.33768993730735
USA,1996,2.93120419993441
USA,1995,2.80541968853662
USA,1994,2.60744159215453
USA,1993,2.95165696638559
USA,1992,3.02881967814969
USA,1991,4.23496396453849
USA,1990,5.39795643990325
USA,1989,4.82700303008944
USA,1988,4.07774110744413
USA,1987,3.6645632175169
USA,1986,1.89804772234276
USA,1985,3.54564415209365
USA,1984,4.30053547523429
USA,1983,3.21243523316065
USA,1982,6.13142700027493
USA,1981,10.3347153402771
USA,1980,13.5492019749684
USA,1979,11.2544711292795
USA,1978,7.63096383885606
USA,1977,6.5016839947284
USA,1976,5.74481263549085
USA,1975,9.14314686496535
USA,1974,11.0548048048048
USA,1973,6.17776006377038
USA,1972,3.27227824655283
USA,1971,4.29276668813051
USA,1970,5.83825533848251
USA,1969,5.46238620028745
USA,1968,4.27179615288537
USA,1967,2.77278562259309
USA,1966,3.0150753768844
USA,1965,1.58516926383662
USA,1964,1.27891156462591
USA,1963,1.23966942148753
USA,1962,1.19877334820186
USA,1961,1.07072414764724
USA,1960,1.45797598627791
URY,2025,4.65032720433324
URY,2024,4.84914366613156
URY,2023,5.86910359896119
URY,2022,9.10437983075437
URY,2021,7.74791402314762
URY,2020,9.75640636078194
URY,2019,7.88198870879619
URY,2018,7.60653360377047
URY,2017,6.2180938256186
URY,2016,9.6394134763508
URY,2015,8.66626987079328
URY,2014,8.87735333229828
URY,2013,8.57513504005397
URY,2012,8.09776580573602
URY,2011,8.0928320630299
URY,2010,6.69870886978132
URY,2009,7.06221874388574
URY,2008,7.87707374730888
URY,2007,8.11464561179313
URY,2006,6.39764974385131
URY,2005,4.6992773903564
URY,2004,9.15760507540997
URY,2003,19.3797301743995
URY,2002,13.9724725913515
URY,2001,4.3593406521727
URY,2000,4.76382472733251
URY,1999,5.65868803927908
URY,1998,10.8110703055616
URY,1997,19.8188093183779
URY,1996,28.3420486004309
URY,1995,42.2483197983755
URY,1994,44.7360421521933
URY,1993,54.1007924425194
URY,1992,68.4591938395374
URY,1991,101.971683202507
URY,1990,112.525905573023
URY,1989,80.4474367280735
URY,1988,62.1919564596004
URY,1987,63.5666624326724
URY,1986,76.3806364119544
URY,1985,72.2225644287756
URY,1984,55.3044235418763
URY,1983,49.1973796505637
URY,1982,18.9925012952182
URY,1981,34.0453358609474
URY,1980,63.4758304314673
URY,1979,66.8442861850437
URY,1978,44.5483436672392
URY,1977,58.1961750215737
URY,1976,50.623049560462
URY,1975,81.4053840067419
URY,1974,77.213413779201
URY,1973,96.9972653187058
URY,1972,76.4849237828812
URY,1971,23.9530889061731
URY,1970,16.3061449435998
URY,1969,20.9666666659998
URY,1968,125.336991126492
URY,1967,89.2752972850379
URY,1966,73.4626932061085
URY,1965,56.5565565566607
URY,1964,42.3694157015186
URY,1963,21.2546957175585
URY,1962,10.9074243811899
URY,1961,22.747263986796
URY,1960,38.5040374002647
UZB,2025,8.79638847052461
UZB,2024,9.62825465956682
UZB,2023,9.95659071258018
UZB,2022,11.4466436998836
UZB,2021,10.8492397508122
UZB,2020,12.8677297362606
UZB,2019,14.5257359560687
UZB,2018,17.5241796514055
UZB,2017,13.8757425441635
UZB,2016,8.130886695236
UZB,2015,8.75188196737508
UZB,2014,9.28309356162695
UZB,2013,11.8414333622049
UZB,2012,13.2088026688373
UZB,2011,13.7797446476602
VUT,2025,0.656455142231905
VUT,2024,1.14348948727412
VUT,2023,11.1825017088175
VUT,2022,6.67930581887121
VUT,2021,2.34328358208953
VUT,2020,5.32935073101715
VUT,2019,2.76252019386111
VUT,2018,2.33096379566866
VUT,2017,3.08452624403546
VUT,2016,0.842069084035061
VUT,2015,2.48326875660439
VUT,2014,0.798863838097023
VUT,2013,1.45893371757921
VUT,2012,1.34740362877658
VUT,2011,0.8737931047811
VUT,2010,2.76269469477348
VUT,2009,4.29706572955357
VUT,2008,4.84171322160149
VUT,2007,3.93548387096774
VUT,2006,2.04081632653062
VUT,2005,1.19920053297801
VUT,2004,1.41891891891893
VUT,2003,3.01624129930394
VUT,2002,1.96356754199195
VUT,2001,3.57755452095074
VUT,2000,2.53768844221106
VUT,1999,1.99897488467452
VUT,1998,3.28215987294863
VUT,1997,2.83070223189979
VUT,1996,0.906344410876219
VUT,1995,2.22970130416487
VUT,1994,2.30256079190869
VUT,1993,3.56585691999116
VUT,1992,4.0584415584416
VUT,1991,6.46913580246914
VUT,1990,4.7594412829797
VUT,1989,7.74804905239702
VUT,1988,8.76023037284009
VUT,1987,16.0393950052762
VUT,1986,4.76614133197763
VUT,1985,1.06615285806043
VUT,1984,5.5164001084304
VUT,1983,1.65334802976032
VUT,1982,6.67254556143448
VUT,1981,26.8456375838928
VUT,1980,11.2401493156364
VUT,1979,4.16936703391667
VUT,1978,6.4137931034485
VUT,1977,5.73650947982459
VEN,2016,254.948534781816
VEN,2015,121.738085297503
VEN,2014,62.1686499794829
VEN,2013,40.6394275161589
VEN,2012,21.0689956331876
VEN,2011,26.0902123160959
VEN,2010,28.1874647092039
VEN,2009,27.080941446613
VNM,2025,3.3099931421974
VNM,2024,3.62109273885844
VNM,2023,3.25289282667662
VNM,2022,3.15650749963112
VNM,2021,1.83471554810462
VNM,2020,3.22093436652515
VNM,2019,2.79582367452244
VNM,2018,3.53962805942641
VNM,2017,3.52025688811618
VNM,2016,2.66824816969082
VNM,2015,0.631200905175685
VNM,2014,4.08455446637625
VNM,2013,6.59267475899192
VNM,2012,9.09470339557193
VNM,2011,18.6777322770706
VNM,2010,9.20746648778413
VNM,2009,6.71698269988631
VNM,2008,23.1154483474477
VNM,2007,8.34444889773847
VNM,2006,7.41801715108469
VNM,2005,8.28457243128667
VNM,2004,7.75494748709606
VNM,2003,3.23464817293925
VNM,2002,3.83082838168468
VNM,2001,-0.43154451172818
VNM,2000,-1.71033727851111
VNM,1999,4.11710235771736
VNM,1998,7.26619804400963
VNM,1997,3.20952606261375
VNM,1996,5.67499999999992
PSE,2025,9.80840118100493
PSE,2024,53.6691458303782
PSE,2023,5.87110177678988
PSE,2022,3.74122391852077
PSE,2021,1.23748102831369
PSE,2020,-0.735332001092191
PSE,2019,1.58018333639455
PSE,2018,-0.195107773730735
PSE,2017,0.212570934228881
PSE,2016,-0.219106604907316
PSE,2015,1.43161145810476
PSE,2014,1.73298510037447
PSE,2013,1.72439933626931
PSE,2012,2.77908768282492
PSE,2011,2.8772435849594
PSE,2010,3.74915727597096
PSE,2009,2.75393485083151
PSE,2008,9.88999788691849
PSE,2007,1.85974379351111
PSE,2006,3.84234125624782
PSE,2005,4.10725070715931
PSE,2004,3.00417498638593
PSE,2003,4.40303221730888
PSE,2002,5.70951585976626
PSE,2001,1.22278475878898
PSE,2000,2.79819892435758
PSE,1999,5.54439180368747
PSE,1998,5.57964505838268
PSE,1997,7.08700591205709
YEM,2014,8.10472583623915
YEM,2013,10.9684421500198
YEM,2012,9.88538714484871
YEM,2011,19.5435617131144
YEM,2010,11.1748338605044
YEM,2009,5.40776098077522
YEM,2008,18.9762574318076
YEM,2007,7.9051177898873
YEM,2006,10.8447986914257
YEM,2005,11.8112639374949
YEM,2004,12.5150951495207
YEM,2003,10.8323607023242
YEM,2002,12.2385339389711
YEM,2001,11.9115912929855
YEM,2000,4.58999999999981
YEM,1999,8.66021949364346
YEM,1998,5.9765085214186
YEM,1997,2.17672667372646
YEM,1996,30.7337332718043
YEM,1995,55.0811068702292
YEM,1994,49.3941553813254
YEM,1993,35.7522980164491
YEM,1992,29.4117647058824
YEM,1991,36.0
ZMB,2025,13.9099095827735
ZMB,2024,14.9856262747939
ZMB,2023,10.884531691282
ZMB,2022,10.9932039209136
ZMB,2021,22.0207676245777
ZMB,2020,15.7330604721369
ZMB,2019,9.15031644316296
ZMB,2018,7.4945719272852
ZMB,2017,6.57731154205644
ZMB,2016,17.8697300795268
ZMB,2015,10.1105928909618
ZMB,2014,7.80687553566333
ZMB,2013,6.97767605490307
ZMB,2012,6.57589970757698
ZMB,2011,6.4293968107234
ZMB,2010,8.50176133365265
ZMB,2009,13.3952546325895
ZMB,2008,12.4455793463192
ZMB,2007,10.6573496000153
ZMB,2006,9.01957247226486
ZMB,2005,18.324439701174
ZMB,2004,17.9677891087286
ZMB,2003,21.4015783901995
ZMB,2002,22.2333446430947
ZMB,2001,21.3937821792546
ZMB,2000,26.0304117888121
ZMB,1999,26.7876966790029
ZMB,1998,24.4584563516656
ZMB,1997,24.4187215689412
ZMB,1996,43.0730979982882
ZMB,1995,34.9295874166667
ZMB,1994,54.6013218413016
ZMB,1993,183.312041464393
ZMB,1992,165.70652700999
ZMB,1991,97.6423231742383
ZMB,1990,107.023809523808
ZMB,1989,123.40425531915
ZMB,1988,51.0040160642574
ZMB,1987,47.0472440944876
ZMB,1986,55.8282208588966
ZWE,2022,104.705170628667
ZWE,2021,98.5461050920624
ZWE,2020,557.201817362051
ZWE,2019,255.304990757856
ZWE,2018,10.6188658669575
ZWE,2017,0.893962316050027
ZWE,2016,-1.54366960054161
ZWE,2015,-2.43096842383404
ZWE,2014,-0.19778481012661
ZWE,2013,1.63495041543822
ZWE,2012,3.72532666110646
ZWE,2011,3.4661297281749
ZWE,2010,3.02267002518892
