iso3,year,intentional_homicides
AFG,2021,4.0324584656778
AFG,2020,6.57810893906391
AFG,2019,7.16396695794585
AFG,2018,6.73324816708819
AFG,2017,6.79202120758186
AFG,2016,6.6799974594108
AFG,2015,9.95218590955213
AFG,2012,6.37433845786952
AFG,2011,4.19453539608613
AFG,2010,3.47545228477135
AFG,2009,4.05954969836362
ALB,2023,1.38708340817063
ALB,2022,1.6975478920699
ALB,2021,2.31608568885389
ALB,2020,2.12398982086583
ALB,2019,2.25302550996799
ALB,2018,2.28039848927055
ALB,2017,2.00121280396654
ALB,2016,2.72614352662554
ALB,2015,2.20793808941597
ALB,2014,4.6147231364138
ALB,2013,4.26472598705621
ALB,2012,5.39518158737926
ALB,2011,4.87720435898422
ALB,2010,4.06320641959299
ALB,2009,2.87018701294404
ALB,2008,3.10732240524797
ALB,2007,3.47350066343863
ALB,2006,3.11392865202781
ALB,2005,5.00624317533652
ALB,2004,4.22763729131083
ALB,2003,5.32377619293878
ALB,2002,6.89194828996724
ALB,2001,6.98868960005159
ALB,2000,4.13752044085122
ALB,1999,16.6844618578932
ALB,1998,20.559899007284
ALB,1997,41.3046638507867
ALB,1996,8.38037537919658
ALB,1995,7.94827910550865
ALB,1994,3.42569506817668
ALB,1993,5.82703558411989
ALB,1992,3.96039483308611
DZA,2023,1.16107238811947
DZA,2022,1.74812144835182
DZA,2021,1.55268752449532
DZA,2020,1.48494311952627
DZA,2019,1.19876531330297
DZA,2018,1.33631227453406
DZA,2017,1.25691727270348
DZA,2016,1.32678196793638
DZA,2015,1.36433389808261
DZA,2014,1.47174990719622
DZA,2013,1.24953885833513
DZA,2012,1.38925169697228
DZA,2011,0.758738181010027
DZA,2010,0.701885561676529
DZA,2009,0.780491763346444
DZA,2008,0.94206958499336
DZA,2007,0.792642962956723
DZA,2006,0.927922269616976
ASM,2018,25.5360106858383
ASM,2017,13.5695731399992
ASM,2015,7.56458262415371
ASM,2014,5.61104253170239
ASM,2013,5.55493834018442
ASM,2012,3.67046559856118
ASM,2011,9.10821469883688
ASM,2010,9.05329675801443
ASM,2009,3.6017864860971
ASM,2008,5.37364763201261
ASM,2007,1.78211822572309
ASM,2006,7.09540661114511
ASM,2005,10.5975237119593
ASM,2004,7.04002252807209
ASM,2003,5.26588322026312
ASM,2002,12.2674658044391
ASM,2001,1.75274084850184
AND,2020,2.58464719565779
AND,2011,1.28562796497949
AND,2008,1.19768367976334
AND,2004,1.34544231416078
AGO,2016,4.09826656345614
AGO,2015,4.45347324389499
AGO,2012,4.83370121625773
AGO,2011,4.35620071002768
ATG,2023,10.7163332993983
ATG,2022,10.771219302025
ATG,2021,17.3255801362224
ATG,2020,9.79901138862879
ATG,2019,3.28358699042834
ATG,2018,13.1975452565823
ATG,2017,22.1072644470973
ATG,2012,11.4600045840018
ATG,2010,7.03230759313412
ATG,2009,19.0084706497333
ATG,2008,19.2975685063682
ATG,2007,20.8068148438265
ATG,2006,13.6469654111458
ATG,2005,3.76834714013855
ATG,2004,5.08133308773557
ATG,2003,6.41980381079554
ATG,2002,6.49080901443556
ATG,2001,9.20217171252416
ATG,2000,6.67449807774455
ATG,1997,1.40740010977721
ATG,1996,4.3096327474627
ATG,1995,10.2656606319247
ATG,1994,7.48027078580245
ATG,1993,6.0987695732386
ATG,1992,3.10537307175741
ATG,1991,4.7328316531781
ATG,1990,1.58562786899543
ARG,2023,4.49291137824536
ARG,2022,4.31202462020709
ARG,2021,4.62126366336244
ARG,2020,5.35272149985868
ARG,2019,5.13191495105041
ARG,2018,5.33872203870925
ARG,2017,5.23155985787317
ARG,2016,5.97945616037571
ARG,2015,6.52528743235621
ARG,2014,7.50277667235654
ARG,2013,7.2142387373598
ARG,2012,6.28057846262278
ARG,2011,6.01715853502966
ARG,2010,5.7739778082346
ARG,2009,6.46679948327286
ARG,2008,5.86530605419315
ARG,2007,5.34525993519266
ARG,2006,5.32783270151026
ARG,2005,5.6047423259877
ARG,2004,6.02330247756233
ARG,2003,7.72167974407433
ARG,2002,9.38748649102565
ARG,2001,8.31631763979875
ARM,2023,2.20833575400906
ARM,2022,2.74222289100063
ARM,2021,3.13550776151398
ARM,2020,2.59435451162573
ARM,2019,2.51379877522903
ARM,2018,1.71823401969337
ARM,2017,2.40140228170953
ARM,2016,2.98068464955971
ARM,2015,2.56745781452856
ARM,2014,2.46370989542236
ARM,2013,2.15567534571216
ARM,2012,2.22410225395655
ARM,2011,2.42878652522919
ARM,2010,1.91055986909936
ARM,2009,3.29314060878627
ARM,2008,3.27703809810168
ARM,2007,2.58839277280399
ARM,2006,2.64180737077633
ARM,2005,1.92924911296119
ARM,2004,2.74603388341134
ARM,2002,2.25812680200155
ARM,2001,2.85311376029208
ARM,2000,2.91141445632454
ARM,1999,2.84154951589468
ARM,1998,2.89864016374512
ARM,1997,3.08044046602136
ARM,1996,3.47695018399624
ARM,1995,3.50709423184281
ARM,1994,4.66621688694975
ARM,1993,7.76061963335416
ARM,1992,8.53896490667401
ARM,1991,5.14668537551365
ARM,1990,5.01108138714052
ABW,2014,1.93475053810249
ABW,2013,5.85037661799478
ABW,2012,3.93068241560088
ABW,2011,1.98057060239055
ABW,2010,3.99546514705809
ABW,2009,4.03936359826509
ABW,2008,5.1122392118972
ABW,2007,3.10600805491422
ABW,2006,5.24150221453469
ABW,2005,6.36739891754218
ABW,2004,2.14563497385007
ABW,2003,4.33322500270827
ABW,2002,5.47174663624376
ABW,2001,4.42943358618017
ABW,1999,2.31290078233869
ABW,1995,7.90326404805185
AUS,2023,0.854406035826682
AUS,2022,0.839663105025691
AUS,2021,0.743554074825619
AUS,2020,0.858459424254959
AUS,2019,0.882951478402183
AUS,2018,0.879787384450029
AUS,2017,0.841048385412525
AUS,2016,0.933005940041915
AUS,2015,0.985468432815397
AUS,2014,1.02985300162206
AUS,2013,1.05438607284246
AUS,2012,1.06333429077178
AUS,2011,1.10321388892905
AUS,2010,1.04328595693519
AUS,2009,1.20736293068024
AUS,2008,1.2213046917262
AUS,2007,1.21691956283382
AUS,2006,1.36470308152627
AUS,2005,1.27620846840694
AUS,2004,1.31193813318786
AUS,2003,1.52375535865531
AUS,2002,1.86778958584828
AUS,2001,1.79185252403083
AUS,2000,1.89207133777963
AUS,1999,2.03596185527632
AUS,1998,1.78593227563009
AUS,1997,1.96704523731198
AUS,1996,1.93386535571719
AUS,1995,1.96735685247661
AUS,1994,1.7879658555513
AUS,1993,1.87892384044585
AUS,1992,1.71516925030892
AUS,1991,1.95929365734864
AUS,1990,2.18377608517614
AUT,2023,0.876191031111463
AUT,2022,0.871514782049046
AUT,2021,0.724875548626241
AUT,2020,0.728584791296886
AUT,2019,0.86703158562286
AUT,2018,0.972669073494819
AUT,2017,0.795565065715095
AUT,2016,0.617996363091403
AUT,2015,0.509021333026224
AUT,2014,0.491353494620118
AUT,2013,0.719220332146561
AUT,2012,0.960671644685274
AUT,2011,0.917401680155648
AUT,2010,0.729220953530514
AUT,2009,0.611139601001334
AUT,2008,0.696842970941948
AUT,2007,0.542367847855454
AUT,2006,0.737614857062635
AUT,2005,0.656199514789066
AUT,2004,0.721845781686185
AUT,2003,0.61556629267321
AUT,2002,0.804292546441553
AUT,2001,0.870405077197159
AUT,2000,1.02334627242376
AUT,1999,0.750573015586587
AUT,1998,0.965097862489974
AUT,1997,0.828125812637664
AUT,1996,1.24357572236205
AUT,1995,0.981092399848233
AUT,1994,1.10856993848067
AUT,1993,1.01169833103288
AUT,1992,1.23681706022101
AUT,1991,1.32780896051895
AUT,1990,1.15891082955944
AZE,2023,2.16122820563689
AZE,2022,1.78722260168325
AZE,2021,1.7001534193041
AZE,2020,2.15091148557269
AZE,2019,1.66164299896889
AZE,2018,1.96219351122527
AZE,2017,1.82574937607272
AZE,2016,1.71253212771072
AZE,2015,2.16347016513122
AZE,2014,2.45038540616903
AZE,2013,2.32523663491333
AZE,2012,2.15439538519976
AZE,2011,2.27956547808754
AZE,2010,2.25214132449197
AZE,2008,2.14701734840338
AZE,2007,2.14083972909202
AZE,2002,2.54619986576002
AZE,2001,2.64185728383987
AZE,2000,2.76459853289117
AZE,1999,2.98748042012122
AZE,1998,3.48874704640183
AZE,1997,3.57852915269565
AZE,1996,5.10791622302286
AZE,1995,5.73887608581187
AZE,1994,6.55811561550412
AZE,1993,6.36983841532279
AZE,1992,7.615673163394
AZE,1991,4.8808445036769
AZE,1990,4.54980634281726
BHS,2022,32.1981392997156
BHS,2021,30.0222265391437
BHS,2020,18.4407464713126
BHS,2019,24.0704681959437
BHS,2018,23.1718729111893
BHS,2017,31.2431975620062
BHS,2016,28.6041558488412
BHS,2015,37.8879787412108
BHS,2014,31.9122778565412
BHS,2013,31.4023111045433
BHS,2012,29.2966539226222
BHS,2011,34.1646737273659
BHS,2010,25.5797974025621
BHS,2009,23.9794933987487
BHS,2008,20.3842002901258
BHS,2007,22.0753988076454
BHS,2006,17.5098672407607
BHS,2005,15.1209384287019
BHS,2004,12.949479372068
BHS,2003,14.8979120576251
BHS,2002,15.6808819893008
BHS,2001,13.1163142546883
BHS,2000,22.8511433291645
BHS,1997,14.7955876984338
BHS,1996,16.6520824898455
BHS,1995,13.2687146927795
BHS,1994,17.5374103315582
BHS,1993,12.0134756872995
BHS,1992,14.3393243730043
BHS,1991,9.97396083795519
BHS,1990,16.307627077184
BHR,2022,0.195636140255462
BHR,2021,0.0665883809268237
BHR,2019,0.269238704006036
BHR,2018,0.333861836620704
BHR,2017,0.40485966551844
BHR,2016,0.279797762177498
BHR,2015,0.219034059796298
BHR,2014,0.685532521662828
BHR,2013,0.874958141207108
BHR,2012,0.739947200656415
BHR,2011,0.994424592783129
BHR,2010,0.164847301944209
BHR,2009,1.09833893134157
BHR,2008,0.535373224289705
BHR,2007,0.378284574027927
BHR,2002,1.06355046380771
BHR,2001,1.28579602560448
BHR,1997,0.961530756965088
BHR,1996,1.31450739656881
BHR,1995,0.842854782863751
BGD,2018,2.34217668208578
BGD,2017,2.18822635384583
BGD,2016,2.23304324758363
BGD,2015,2.53163478437081
BGD,2014,2.85759633031455
BGD,2013,2.80645239116244
BGD,2012,2.65299368492385
BGD,2011,2.58218128044816
BGD,2010,2.62020241832397
BGD,2009,2.7963784334228
BGD,2008,2.74227810461832
BGD,2007,2.61032424254411
BGD,2006,2.84551231101236
BGD,2005,2.48210654779569
BGD,2004,2.73052626299689
BGD,2003,2.46221986613972
BGD,2002,2.52134727497062
BGD,2001,2.68848229951461
BGD,2000,2.48468340032929
BRB,2023,7.43794627677661
BRB,2022,15.2310515092909
BRB,2021,11.3416257157186
BRB,2020,14.5545939268294
BRB,2019,17.0692460193985
BRB,2018,9.9746892260888
BRB,2017,10.7077463406277
BRB,2016,7.86845375942203
BRB,2015,11.1115093730958
BRB,2014,8.98156264819578
BRB,2013,8.64350926476149
BRB,2012,7.94403069284586
BRB,2011,9.7776844270458
BRB,2010,11.2627546154587
BRB,2009,6.93120776295269
BRB,2008,8.43372831294266
BRB,2007,9.21528188625762
BRB,2006,12.9628909469021
BRB,2005,10.7924646267668
BRB,2004,8.23051425749538
BRB,2003,12.416471013184
BRB,2002,9.46439117464452
BRB,2001,9.52651323899545
BRB,2000,7.63175267015947
BRB,1999,8.76132067385984
BRB,1998,7.62090566842964
BRB,1995,6.4875715302464
BRB,1994,7.64466087328783
BRB,1993,8.04514475514027
BRB,1992,8.45287426541641
BRB,1991,8.09646358037186
BRB,1990,13.148659126813
BLR,2019,2.38463165310244
BLR,2018,2.38395844908102
BLR,2017,2.5274359757027
BLR,2016,3.23189754442635
BLR,2015,3.43617510284546
BLR,2014,3.58925893151456
BLR,2013,3.51842837615655
BLR,2012,3.59291188230382
BLR,2011,3.93761674954488
BLR,2010,4.22516594181188
BLR,2009,5.12235971019014
BLR,2008,5.79262527444136
BLR,2007,6.7864785114628
BLR,2002,10.0167626319454
BLR,2001,9.75038903448508
BLR,2000,10.1388075821466
BLR,1999,9.70194605698071
BLR,1998,10.2771879609885
BLR,1997,10.0865766139214
BLR,1996,9.54346099516161
BLR,1995,9.4141057724796
BLR,1994,8.10346868537203
BLR,1993,7.38186093198924
BLR,1992,5.81352018287338
BLR,1991,4.56155643837205
BLR,1990,4.98710984271411
BEL,2021,1.08030153549307
BEL,2002,3.08720442799957
BEL,2001,2.74132280198769
BEL,2000,2.06794627670662
BEL,1997,1.42415668316462
BEL,1996,1.18145476364776
BEL,1995,1.40077229903727
BEL,1994,1.18623897545331
BEL,1993,1.43490345712787
BEL,1992,1.20397149301638
BEL,1991,1.02242863470673
BEL,1990,1.04078369840703
BLZ,2022,28.0582917218107
BLZ,2021,31.6178339760185
BLZ,2020,26.0995390360826
BLZ,2019,34.7304566666278
BLZ,2018,37.609161907442
BLZ,2017,38.0491503919464
BLZ,2016,37.8388012229062
BLZ,2015,33.3957281531601
BLZ,2014,35.2513810373364
BLZ,2013,28.9789741443153
BLZ,2012,43.3594287320507
BLZ,2011,37.8859632506156
BLZ,2010,40.2816593545567
BLZ,2009,31.028680737267
BLZ,2008,33.841336699944
BLZ,2007,32.7592029719689
BLZ,2006,31.9579266947688
BLZ,2005,28.9564420040003
BLZ,2004,29.0774177044667
BLZ,2003,25.3999545075442
BLZ,2002,33.9832466500136
BLZ,2001,25.7671255764891
BLZ,2000,17.026648781764
BEN,2017,1.1274974068
BMU,2023,6.18257133141674
BMU,2022,13.8999359058511
BMU,2021,10.8278678381388
BMU,2020,10.8726041440154
BMU,2018,7.83318450282778
BMU,2017,7.86429374710004
BMU,2016,12.6086511107434
BMU,2015,6.30283548811522
BMU,2014,6.29633710588865
BMU,2013,7.86491226690366
BMU,2012,9.42714388963957
BMU,2011,12.5524653826541
BMU,2010,10.9846136946748
BMU,2009,9.439156768662
BMU,2008,7.89895654784003
BMU,2007,4.7611868051643
BMU,2006,4.77452314450094
BMU,2005,3.18923314888935
BMU,2004,1.5985932379506
BMU,2003,3.20584746577758
BMU,2002,1.60920465060144
BMU,2001,4.84907261486241
BMU,1999,3.27201040499309
BMU,1997,3.32352892301045
BMU,1996,6.6875094043101
BMU,1994,10.1361624488968
BMU,1993,5.10069624503745
BMU,1992,1.71210889012541
BMU,1991,5.17384105960265
BMU,1990,1.73736285691948
BTN,2020,2.46751324015657
BTN,2019,1.04599228057697
BTN,2018,1.18458616482332
BTN,2017,1.72337338408889
BTN,2016,1.20342414282773
BTN,2015,1.62026847848689
BTN,2013,3.30909878073498
BTN,2012,4.60071701477597
BTN,2011,4.51100049761974
BTN,2010,2.28039770135912
BTN,2009,2.30551536914183
BTN,2008,2.62256292876172
BTN,2007,2.06294638844396
BTN,2006,1.34168257430126
BTN,2005,1.66196908586412
BTN,2004,2.30576078961547
BTN,2003,0.784112623664362
BTN,2002,3.04287978142514
BTN,2001,3.11070253579559
BTN,2000,3.01576743741864
BTN,1999,2.23145702127952
BTN,1998,1.93173935567712
BTN,1997,1.25291638662494
BTN,1996,2.18665466436218
BTN,1995,2.91976663765149
BTN,1994,3.60686928254861
BTN,1993,3.42544474442126
BTN,1992,4.67310747801043
BTN,1991,2.00072192716205
BTN,1990,3.39393198899687
BOL,2023,4.41843313132273
BOL,2022,4.01584677979597
BOL,2021,3.50161189331694
BOL,2020,3.62211536699793
BOL,2019,4.25827764835632
BOL,2018,4.98767505522938
BOL,2017,6.58463782839173
BOL,2016,5.74238712195448
BOL,2015,4.92977342561603
BIH,2023,1.22446173133237
BIH,2022,1.09211115070447
BIH,2021,0.986160622452258
BIH,2020,1.3032872085846
BIH,2019,1.25540534198886
BIH,2018,1.15146147032772
BIH,2017,1.22496031638975
BIH,2016,1.29570864177198
BIH,2015,1.61998987932639
BIH,2014,1.40259182137488
BIH,2013,1.27393509411472
BIH,2012,1.71656816607988
BIH,2011,1.36298129441799
BIH,2010,1.46924881899287
BIH,2009,1.82999406669529
BIH,2008,1.67192542098005
BIH,2007,1.64448112135673
BIH,2004,1.64212058622739
BIH,2002,2.14899585184106
BIH,2001,1.96198627662379
BIH,2000,2.37993841729047
BIH,1990,1.64094651593337
BWA,2021,11.3681767255945
BWA,2020,9.3410798076921
BWA,2010,14.9032725963493
BWA,2009,14.5177033093833
BWA,2008,14.4104744148694
BWA,2007,14.6504737073704
BWA,2006,13.9235904298522
BWA,2005,15.8162746748832
BWA,2004,14.3319908850751
BWA,2003,17.5701744036911
BWA,2002,14.6151696864186
BWA,2001,12.4397431689457
BRA,2023,19.2752957673079
BRA,2022,20.0811754127452
BRA,2021,20.5048626655709
BRA,2020,21.8129091470528
BRA,2019,21.2445602088385
BRA,2018,27.1606152370358
BRA,2017,31.1611756216413
BRA,2016,30.1193623667804
BRA,2015,28.8503019791216
BRA,2014,29.8537931807395
BRA,2013,28.6404106359245
BRA,2012,28.6413621085766
BRA,2011,26.7470983503833
BRA,2010,26.9945684769237
BRA,2009,26.7914479705158
BRA,2008,26.3359303856077
BRA,2007,25.3144591379199
BRA,2006,26.3403064568888
BRA,2005,25.7693915381983
BRA,2004,26.4918363852054
BRA,2003,28.2710884352715
BRA,2002,27.848196026942
BRA,2001,27.2006084949971
BRA,2000,26.0748466246634
BRA,1999,25.0021056965213
BRA,1998,24.7990574348239
BRA,1997,24.3049302659348
BRA,1996,23.6865994083929
BRA,1995,21.0220886836161
BRA,1994,18.7432334815665
BRA,1993,17.865892961495
BRA,1992,16.8315196406125
BRA,1991,18.5523881422863
BRA,1990,19.6463430965049
VGB,2006,8.16559833421794
VGB,2004,17.4821354428443
VGB,2003,9.03607653556826
VGB,2002,4.66646445320703
VGB,2001,4.8086170417388
VGB,1999,5.06829527888295
VGB,1996,10.9370300494901
VGB,1995,11.2110765436251
VGB,1990,6.36760164284122
BRN,2013,0.486378957300791
BRN,2012,0.986299073002159
BRN,2011,0.25038277266371
BRN,2010,0.254886167837444
BRN,2009,0.779316928711984
BRN,2008,0.264695216692739
BRN,2007,0.808903329311286
BRN,2006,0.822678504096253
BRN,2005,0.557234223654314
BRN,2004,0.566715923725704
BRN,2003,0.865458678675387
BRN,2000,1.22540009313041
BRN,1999,1.25230306360291
BRN,1998,1.28046916390165
BRN,1997,2.6200172593637
BRN,1996,3.01734470313519
BGR,2023,1.08890737415431
BGR,2022,1.11341216291447
BGR,2021,1.29412653402161
BGR,2020,0.995146569224991
BGR,2019,1.18988414972527
BGR,2018,1.30965598682543
BGR,2017,1.45569963291636
BGR,2016,1.10839328712128
BGR,2015,1.75548173553612
BGR,2014,1.55050575213407
BGR,2013,1.50042683013702
BGR,2012,1.92701571481315
BGR,2011,1.73441146879584
BGR,2010,1.9898896128905
BGR,2009,2.00320205170625
BGR,2008,2.28250164569032
BGR,2007,2.3329723596816
BGR,2006,2.43446129167281
BGR,2005,2.58607823120566
BGR,2004,3.14861867259915
BGR,2003,3.16487749649733
BGR,2002,3.2434732256055
BGR,2001,3.8847432008165
BGR,2000,4.14973052687391
BGR,1999,4.05331911985956
BGR,1998,4.68162809330743
BGR,1997,4.84355676733719
BGR,1996,5.28258322661631
BGR,1995,5.91080617413618
BGR,1994,5.845370350844
BGR,1993,5.78749294427837
BGR,1992,5.3977634682523
BGR,1991,4.31242817650872
BGR,1990,2.57300621772053
BFA,2017,1.25044051977478
BFA,2016,1.12086279620408
BFA,2015,0.646029930732339
BFA,2014,0.739223164024124
BFA,2013,0.708730048883044
BFA,2012,0.693972911642403
BFA,2011,0.55963484448214
BFA,2010,0.788198249930744
BFA,2009,0.891613012477695
BFA,2008,1.02792938601642
BFA,2007,0.659555211401829
BFA,2006,0.498945237000072
BFA,2005,0.469380905212251
BFA,2004,0.598592111354095
BFA,2003,0.640082233972341
BFA,2002,0.634502436611376
BDI,2016,5.64974214487878
BDI,2015,4.17285957648643
BDI,2014,5.22232594341804
BDI,2013,4.98115757408239
BDI,2012,4.96473671628838
CPV,2020,6.99464423976475
CPV,2019,6.41893469025722
CPV,2018,6.03800044798068
CPV,2017,7.40895274452956
CPV,2016,12.0962746400627
CPV,2015,8.97747531926147
CPV,2014,12.687246682041
CPV,2013,10.54224217873
CPV,2006,7.13226790836055
CPV,2005,9.07000497819591
CPV,2004,4.38075430330883
CPV,2003,3.16868159608604
KHM,2011,1.82033262639221
KHM,2010,2.28264433104936
KHM,2009,2.31844508682262
KHM,2008,2.3695199469996
KHM,2007,2.83923226581572
KHM,2006,2.93276041858556
KHM,2005,3.333531261752
KHM,2004,3.85813800219876
KHM,2003,3.90009384744488
KHM,2002,3.30604459301852
KHM,2001,3.21523493650583
KHM,2000,4.58180534605208
KHM,1999,4.73677435123924
KHM,1998,6.57645260921587
KHM,1997,2.73961190156548
KHM,1996,5.01792867958715
KHM,1995,3.96267024884072
KHM,1994,3.27951838486642
KHM,1993,6.95187417130962
KHM,1992,5.28775526592325
CMR,2022,6.76008919336955
CMR,2020,4.58593823145619
CMR,2017,4.16103693703584
CMR,2016,3.35548128633803
CMR,2015,3.78238510747147
CMR,2012,4.22883189715635
CMR,2011,4.12706343595528
CMR,2010,5.07929961186829
CMR,2009,6.68097609322311
CMR,2008,4.17787035373775
CMR,2003,6.20036459628944
CMR,2002,6.55621886133867
CMR,2001,4.9315814918857
CMR,2000,3.07792769766784
CAN,2023,1.97968887560784
CAN,2022,2.27195104620383
CAN,2021,2.08300518200199
CAN,2020,2.00409191032713
CAN,2019,1.82357460879594
CAN,2018,1.77503663024043
CAN,2017,1.80664809278477
CAN,2016,1.69447965211893
CAN,2015,1.69900457240782
CAN,2014,1.47330111088167
CAN,2013,1.44219466327057
CAN,2012,1.57205168149969
CAN,2011,1.76238467720832
CAN,2010,1.62880268220815
CAN,2009,1.80332678612386
CAN,2008,1.83562569798247
CAN,2007,1.8040520550306
CAN,2006,1.85596882167745
CAN,2005,2.04684481799773
CAN,2004,1.9450604450874
CAN,2003,1.72443676408719
CAN,2002,1.84553461879682
CAN,2001,1.77486867333404
CAN,2000,1.76745915413225
CAN,1999,1.76146925228784
CAN,1998,1.84306153027948
CAN,1997,1.94949354586228
CAN,1996,2.12986066159284
CAN,1995,1.99259098999575
CAN,1994,2.04478059204049
CAN,1993,2.17130131394599
CAN,1992,2.57192445510508
CAN,1991,2.67782712086616
CAN,1990,2.36420719847115
CYM,2020,4.3677976836113
CYM,2019,2.97057644035825
CYM,2018,10.6156307580319
CYM,2017,4.64860425657196
CYM,2014,8.31110113778974
CYM,2013,8.52442247037763
CYM,2010,16.6363207852343
CYM,2009,15.2037781388675
CYM,2008,7.81990752959346
CYM,2007,4.02519773783887
CYM,2006,2.07331232376845
CYM,2005,6.41196900881646
CYM,2004,11.0249936606286
CYM,2003,6.82834674344763
CYM,2001,4.86748278127966
CYM,2000,10.0821696829158
CYM,1998,2.70844900667633
CYM,1997,5.6269870297949
CYM,1996,2.92885803825089
CYM,1995,6.10817579329933
CYM,1994,6.379178361827
CYM,1993,6.67200427008273
CYM,1992,3.49393801753957
CYM,1991,7.32748355895877
CYM,1990,7.69260356167545
CAF,2016,20.120400654
CHI,2010,0.0
CHI,2008,0.639218619159939
CHI,2006,1.307198086262
CHI,2005,0.659308780674341
CHL,2023,6.34829073035101
CHL,2022,6.80201256720408
CHL,2021,4.65658124495601
CHL,2020,5.75613878004137
CHL,2019,4.81306553520039
CHL,2018,4.36665251518391
CHL,2017,4.19745439747334
CHL,2016,3.39405749254204
CHL,2015,2.32163505387454
CHL,2014,2.4518317226161
CHL,2013,3.14355060592079
CHL,2012,2.47729352143792
CHL,2011,3.66532251337043
CHL,2010,3.14874215608169
CHL,2009,3.70376238471268
CHL,2008,3.4918963063576
CHL,2007,3.6949106294991
CHL,2006,3.57376612166027
CHL,2005,3.52319921168418
CHL,2003,3.20129769251024
CHN,2020,0.5018560705357
CHN,2019,0.518362801144556
CHN,2018,0.530299683323493
CHN,2017,0.565721900260259
CHN,2016,0.614934212808057
CHN,2015,0.658962453224414
CHN,2014,0.726466059590713
CHN,2013,0.771569105292682
CHN,2012,0.824083830524219
CHN,2011,0.883293080721741
CHN,2010,0.992185694923539
CHN,2009,1.09249548072451
CHN,2008,1.11041885098023
CHN,2007,1.21578178296856
CHN,2006,1.3636011505677
CHN,2005,1.5854633417248
CHN,2004,1.89778004857568
CHN,2003,1.88433167405903
CHN,2002,2.04185850578199
CHN,1997,2.10048890051469
CHN,1996,2.06434925045202
CHN,1995,2.24204895736743
COL,2023,24.9134420347488
COL,2022,24.9488076386337
COL,2021,25.5801274097033
COL,2020,22.6427030734102
COL,2019,23.3990612924966
COL,2018,23.8207594532571
COL,2017,25.5510587151196
COL,2016,26.1438669043183
COL,2015,27.2152782480106
COL,2014,28.654305199833
COL,2013,33.4159707994424
COL,2012,35.9613009153726
COL,2011,35.6322084408409
COL,2010,34.5241750628259
COL,2009,35.7272410703666
COL,2008,36.8840024517578
COL,2007,39.7776140409658
COL,2006,40.9429758324124
COL,2005,42.9894132012747
COL,2004,48.6481875848116
COL,2003,57.4608630160922
COL,2002,70.3960948977152
COL,2001,70.1095871523678
COL,2000,67.8921586309151
COL,1999,63.3339923743845
COL,1998,61.0946739886429
COL,1997,62.4980646140821
COL,1996,64.0379653259786
COL,1995,62.3410428739553
COL,1994,77.0879503653693
COL,1993,82.5777689589525
COL,1992,83.4819991124854
COL,1991,85.8773343009539
COL,1990,74.9998416310372
CRI,2023,17.7454798727379
CRI,2022,12.908902016219
CRI,2021,11.6205820666553
CRI,2020,11.3222838436969
CRI,2019,11.2610056078008
CRI,2018,11.7995456872358
CRI,2017,12.2731177810203
CRI,2016,11.8759050112518
CRI,2015,11.5607212354156
CRI,2014,10.0060434824472
CRI,2013,8.71474107995362
CRI,2012,8.72653951862736
CRI,2011,10.282368146525
CRI,2010,11.5672606575735
CRI,2009,11.6672085436857
CRI,2008,11.5313873891892
CRI,2007,8.42418151029137
CRI,2006,8.12248146668412
CRI,2005,7.86156142343543
CRI,2004,6.66654365306355
CRI,2003,7.24850496564873
CRI,2002,6.33019318130238
CRI,2001,6.41066095411089
CRI,2000,6.3234257019066
CRI,1999,6.34369738129583
CRI,1998,5.92147933357451
CRI,1997,5.67305227231407
CRI,1996,5.22241837760737
CRI,1995,5.20483280040371
CRI,1994,5.27364800109182
CRI,1993,4.75139301191842
CRI,1992,4.87172445039336
CRI,1991,4.12219690610385
CRI,1990,4.45269349515938
HRV,2023,0.667347104040825
HRV,2022,0.79344217483012
HRV,2021,0.840847880426335
HRV,2020,1.01164453441337
HRV,2019,0.827828171469303
HRV,2018,0.596292847367914
HRV,2017,1.12767209256717
HRV,2016,1.06371572584033
HRV,2015,0.884378611088172
HRV,2014,0.853185902809328
HRV,2013,1.08429254920125
HRV,2012,1.19739770261642
HRV,2011,1.14463944324737
HRV,2010,1.44147646249121
HRV,2009,1.13675103331249
HRV,2008,1.64556385535216
HRV,2007,1.43653043608314
HRV,2006,1.71462996431716
HRV,2005,1.5762830596396
HRV,2004,1.92572926265103
HRV,2003,1.60215999030345
HRV,2002,1.69539490101855
HRV,2001,1.883250336631
HRV,2000,2.3346638991268
HRV,1999,2.53088246627428
HRV,1998,2.36185004838981
HRV,1997,2.61953225365686
HRV,1996,2.67409040924323
HRV,1995,3.59357140383083
HRV,1994,3.0584872593687
HRV,1993,4.60913041249074
HRV,1992,8.09245472695023
HRV,1991,9.05670012395452
HRV,1990,2.83346730256291
CUB,2019,4.46315139638841
CUB,2018,4.37333981763351
CUB,2017,4.58755196224978
CUB,2016,5.0773983694805
CUB,2015,5.4899907667934
CUB,2014,5.31642685963406
CUB,2013,5.96556919518143
CUB,2012,5.49403130120381
CUB,2011,4.72500681542416
CUB,2010,4.47005149587839
CUB,2009,5.00233759678583
CUB,2008,4.56084730447061
CUB,2007,5.0322165961706
CUB,2006,5.10703924232108
CUB,2005,6.07322282317137
CUB,2004,5.87253607071815
CUB,2003,5.72734441639899
CUB,2002,5.91370923052175
CUB,2001,5.42886606152906
CUB,2000,5.28395235315237
CUB,1999,5.50024676599715
CUB,1998,7.41297065963431
CUB,1997,6.7921847867063
CUB,1996,6.67760748256935
CUB,1995,7.79836860325543
CUB,1994,8.27666968491059
CUB,1993,7.39782037335748
CUB,1992,6.2396846446692
CUW,2007,16.9198131011414
CUW,2006,11.8028917084686
CUW,2005,17.1829254591476
CUW,2004,27.3704659321146
CUW,2003,29.0714379882565
CUW,2002,26.7304542121027
CUW,2001,6.90841514048262
CYP,2023,0.81785876397005
CYP,2022,0.600884802872229
CYP,2021,1.21459779542909
CYP,2020,1.15185477415008
CYP,2019,1.16579872951254
CYP,2018,1.18041688389616
CYP,2017,0.558091105183829
CYP,2016,1.05083409956653
CYP,2015,1.2300107871946
CYP,2014,0.915293345276525
CYP,2013,1.01360340232875
CYP,2012,1.88776871744135
CYP,2011,0.785002954663899
CYP,2010,0.709335250902962
CYP,2009,1.71268223164298
CYP,2008,0.824911218930063
CYP,2007,1.21187996608601
CYP,2006,1.42258572975803
CYP,2005,1.93021966382329
CYP,2004,1.57190147518041
CYP,2002,0.203782197587219
CYP,2001,0.726045427625199
CYP,2000,0.84417883295442
CYP,1999,1.07384452986281
CYP,1998,0.765405424318898
CYP,1997,0.668473029341509
CYP,1996,1.13598863102578
CYP,1995,1.04324239737103
CYP,1994,0.828728954724169
CYP,1993,0.605301594545991
CYP,1992,0.246809828707809
CYP,1991,0.125165218087876
CYP,1990,0.634235660407395
CZE,2023,0.767827757917044
CZE,2022,0.81512474266184
CZE,2021,0.44631485186264
CZE,2020,0.729848861096918
CZE,2019,0.862160849844266
CZE,2017,0.626106269301682
CZE,2016,0.617169777139044
CZE,2015,0.836150868791633
CZE,2014,0.77016509724927
CZE,2013,0.856232600342731
CZE,2012,0.999301916232803
CZE,2011,0.81939793117267
CZE,2010,0.984323877723848
CZE,2009,0.902026099357503
CZE,2008,1.09844658935947
CZE,2007,1.2188582915689
CZE,2006,1.26157390952584
CZE,2005,1.05056807279853
CZE,2004,1.30585839749053
CZE,2003,1.59041271893056
CZE,2002,1.35749240097239
CZE,2001,1.31939840124098
CZE,2000,1.86581671388844
CZE,1999,1.6778232155716
CZE,1998,1.69500994430188
CZE,1997,1.81905712335474
CZE,1996,1.68024329145869
CZE,1995,1.70674238396516
CZE,1994,2.00536128981351
DNK,2023,0.840599404536194
DNK,2022,0.982567307766424
DNK,2021,0.631746832067094
DNK,2020,0.823111601929511
DNK,2019,0.859901642730301
DNK,2018,1.00106587626187
DNK,2017,1.23153392928012
DNK,2016,0.977619325858153
DNK,2015,1.09083852229384
DNK,2014,1.31117471686599
DNK,2013,0.854802453817294
DNK,2012,0.840498959524879
DNK,2011,0.825726922413442
DNK,2010,0.75704832266481
DNK,2002,0.892863952273446
DNK,2001,0.970361429775316
DNK,2000,1.08621178676501
DNK,1999,0.977111262625992
DNK,1998,0.923785438954562
DNK,1997,1.66507884999816
DNK,1996,1.29202206773692
DNK,1995,1.12738279040616
DNK,1994,1.4405929711164
DNK,1993,1.36837477742228
DNK,1992,1.19890930193119
DNK,1991,1.31927541901788
DNK,1990,0.797506333853658
DMA,2023,27.063396005142
DMA,2022,28.4318346763634
DMA,2021,14.8805095086456
DMA,2020,22.1982152634928
DMA,2019,19.151302656875
DMA,2018,19.0687133752356
DMA,2017,27.7386435803289
DMA,2016,22.9863590325616
DMA,2015,12.7822752449936
DMA,2014,12.7889957796314
DMA,2011,8.68891511654007
DMA,2010,21.7838030163306
DMA,2009,18.8777881040892
DMA,2008,10.1664391320766
DMA,2007,10.1673989614728
DMA,2006,7.26675532108158
DMA,2005,11.6389876990449
DMA,2004,11.6534836632726
DMA,2003,11.6735491967139
DMA,2002,13.1642459081136
DMA,2001,1.46438612933458
DMA,2000,2.91923924625243
DMA,1999,10.1641510392844
DMA,1998,13.0199856780158
DOM,2023,10.9166976980638
DOM,2022,12.3678475675698
DOM,2021,10.5362752855436
DOM,2020,8.72977662309348
DOM,2019,9.41799066618377
DOM,2018,9.90534873528498
DOM,2017,11.3998115468654
DOM,2016,15.3154603364407
DOM,2014,17.5463639644216
DOM,2013,19.4038895577301
DOM,2012,22.5214243986665
DOM,2011,25.2674003329003
DOM,2010,25.1930337290323
DOM,2009,24.4964939070773
DOM,2008,25.0074949363479
DOM,2007,22.3252575336375
DOM,2006,22.9521262431175
DOM,2005,25.9511238657765
DOM,2004,24.5911758206467
DOM,2003,21.1789386478885
DOM,2002,14.4483285859447
DOM,2001,12.5569312052756
DOM,2000,14.0956805476114
DOM,1999,12.621048404207
DOM,1998,13.4891845559306
DOM,1997,12.6986791232798
DOM,1996,12.8471764252819
DOM,1995,12.7660402538477
DOM,1994,12.9816540810284
DOM,1993,12.245588839344
DOM,1992,10.8358887859159
DOM,1991,12.4386066404351
ECU,2023,45.7228145164847
ECU,2022,27.4126359684417
ECU,2021,14.1156873894402
ECU,2020,7.81941728300383
ECU,2019,6.84543557226847
ECU,2018,5.8300670929869
ECU,2017,5.78775543057783
ECU,2016,5.81031174018927
ECU,2015,6.45509329915208
ECU,2014,8.16956550602398
ECU,2013,10.9127986726241
ECU,2012,12.3425125579607
ECU,2011,15.2875203821371
ECU,2010,17.4043449177688
ECU,2009,17.705436773059
ECU,2008,17.886543943386
ECU,2007,15.8631866106051
ECU,2002,14.5070142098716
ECU,2001,12.8420209514706
ECU,2000,14.4453488439446
ECU,1999,13.4875122235591
ECU,1998,13.409254126692
ECU,1997,10.9429833738619
ECU,1996,12.3838470232859
ECU,1995,11.8383919002488
ECU,1994,10.0156548466405
ECU,1993,8.30175052181792
ECU,1992,8.55433754089328
ECU,1991,10.7733041261241
ECU,1990,8.51659203032212
EGY,2017,1.31152527182627
EGY,2016,1.50721254822527
EGY,2015,1.71791733156895
EGY,2014,2.96323170829365
EGY,2012,2.36901703981789
EGY,2011,2.96729523596304
EGY,2010,2.06174997223112
EGY,2009,1.04226623284087
EGY,2008,1.12618921636092
EGY,2007,0.806870502327317
EGY,2006,0.663841988774831
EGY,2005,0.643641850868097
EGY,2004,0.405146398550175
EGY,2003,0.604982061960747
EGY,1994,0.359334033635439
EGY,1993,0.387820648304042
EGY,1992,0.448921657242118
EGY,1991,0.479768132059843
EGY,1990,0.460643114640646
SLV,2022,7.89768799960639
SLV,2021,17.343956146806
SLV,2020,21.5087446038674
SLV,2019,38.5386955905095
SLV,2018,53.7958771232068
SLV,2017,63.764040219627
SLV,2016,85.0858022421141
SLV,2015,107.638231074992
SLV,2014,63.6220773963139
SLV,2013,40.9360792814407
SLV,2012,42.4273897096406
SLV,2011,71.7719022936632
SLV,2010,65.7026379683301
SLV,2009,72.4503614995274
SLV,2008,52.7258860134014
SLV,2007,58.1880552418794
SLV,2006,65.4247078983383
SLV,2005,64.6399118153084
SLV,2004,64.8994757581223
SLV,2003,55.9464014802791
SLV,2002,47.3555199373003
SLV,2001,60.1535507350797
SLV,2000,59.7472879846202
SLV,1999,65.0163119923982
SLV,1998,94.9533743902383
SLV,1997,112.463209490916
SLV,1996,116.996819794925
SLV,1995,138.438377957597
SLV,1994,134.281182661434
ERI,2012,15.6075665087306
EST,2023,1.53599045052794
EST,2022,1.48138107676406
EST,2021,1.95231911106406
EST,2020,3.1586796568621
EST,2019,1.95957029638124
EST,2018,2.11805990251629
EST,2017,2.2012646645026
EST,2016,2.50788654321279
EST,2015,3.42315697228612
EST,2014,3.11917057450557
EST,2013,3.94561276314676
EST,2012,4.76328730334428
EST,2011,4.89694750660617
EST,2010,5.25743203736382
EST,2009,5.24529824578493
EST,2008,6.43195514982716
EST,2007,7.16041454324946
EST,2002,10.2940696734533
EST,2001,9.86909758628527
EST,2000,10.2362424543503
EST,1999,11.1857022501429
EST,1998,13.8888642841832
EST,1997,12.5220190559805
EST,1996,14.9165197668283
EST,1995,16.9330874593967
EST,1994,20.4646699834792
EST,1993,18.7457373389828
EST,1992,14.0889695704228
EST,1991,7.60197101860343
EST,1990,7.514470928709
SWZ,2021,12.5145709802017
SWZ,2017,11.224366891744
SWZ,2016,10.0912782213252
SWZ,2015,9.8003828274542
SWZ,2014,10.3845906755176
SWZ,2013,9.02662855423499
SWZ,2012,9.25379283160277
SWZ,2011,15.3869069051876
SWZ,2010,18.7109252012774
SWZ,2009,16.9207263968308
SWZ,2008,19.7615590321936
SWZ,2007,11.0937421209218
SWZ,2006,11.7111567672043
SWZ,2005,12.882041738742
SWZ,2004,13.6047005172116
SWZ,2003,12.6558545045467
SWZ,2002,12.6481735895753
SWZ,2001,17.5060617117218
SWZ,2000,12.2909872015295
SWZ,1999,11.0595644859922
SWZ,1998,16.1819835679312
SWZ,1994,15.6505399178861
SWZ,1993,17.9137944968617
SWZ,1992,18.4436134218627
SWZ,1991,18.7185603885533
SWZ,1990,18.6834795057704
ETH,2012,8.51054794891045
FJI,2023,2.0559533103824
FJI,2022,3.91550343585426
FJI,2021,1.74537013300811
FJI,2020,2.95093899971911
FJI,2014,2.17963577196433
FJI,2013,2.07343789644269
FJI,2012,2.18598705786362
FJI,2011,2.19060809637799
FJI,2010,2.19679070845402
FJI,2009,3.19651161380849
FJI,2008,1.88178202543948
FJI,2007,2.33896764650848
FJI,2006,2.4708953794818
FJI,2005,2.60658968538463
FJI,2004,2.63047739733704
FJI,2003,2.88588295320483
FJI,1997,1.60071219379453
FJI,1996,1.61733886794988
FJI,1995,3.0047098827412
FJI,1994,4.40378423470408
FJI,1993,1.89784771416895
FJI,1992,3.31064269761354
FJI,1991,2.1804488133228
FJI,1990,4.13802378329169
FIN,2023,0.98193498501344
FIN,2022,1.23893509757691
FIN,2021,1.28133981222055
FIN,2020,1.75419179501202
FIN,2019,1.46692385524251
FIN,2018,1.59543516989979
FIN,2017,1.21632504271661
FIN,2016,1.34656386925302
FIN,2015,1.49642750743994
FIN,2014,1.61122466990035
FIN,2013,1.63631426279538
FIN,2012,1.64389487458514
FIN,2011,2.04148255432524
FIN,2010,2.20011725879187
FIN,2009,2.24767232458861
FIN,2008,2.50311619145414
FIN,2007,2.43915813118889
FIN,2006,2.25967394424093
FIN,2005,2.26835951096456
FIN,2004,2.83083034374696
FIN,2003,1.97584671266105
FIN,2002,2.5381950279836
FIN,2001,3.00695589855842
FIN,2000,2.85923954080999
FIN,1999,2.76835847570698
FIN,1998,2.19266416069085
FIN,1997,2.70431961555859
FIN,1996,2.98553100449557
FIN,1995,2.85830491750805
FIN,1994,2.88889061392561
FIN,1993,2.56582829871768
FIN,1992,3.09391949621471
FIN,1991,3.07147358931606
FIN,1990,3.048184375047
FRA,2023,1.33506280409367
FRA,2022,1.23873280289769
FRA,2021,1.11071518973766
FRA,2020,1.04999178555921
FRA,2019,1.14560504750237
FRA,2018,1.06227847973755
FRA,2017,1.08754298245582
FRA,2016,1.19686224509648
FRA,2015,1.55892963521539
FRA,2014,1.2242533397519
FRA,2013,1.20675158408277
FRA,2012,1.22388195514924
FRA,2011,1.34308688468283
FRA,2010,1.25517676645729
FRA,2009,1.29780685062321
FRA,2008,1.62630919084507
FRA,2007,1.59051931320511
FRA,2006,1.41660322639846
FRA,2005,1.58377199706769
FRA,2004,1.61830161158403
FRA,2003,1.62492873135846
FRA,2002,1.85488321960253
FRA,2001,1.74776357833476
FRA,2000,1.76687009797043
FRA,1999,1.61295208990693
FRA,1998,1.63494276577466
FRA,1997,1.64422406112757
FRA,1996,2.00580187184137
FRA,1995,2.29584021763191
FRA,1994,2.42414351074412
FRA,1993,2.62797009819845
FRA,1992,2.33168800485519
FRA,1991,2.36592102904818
FRA,1990,2.37760015691108
PYF,2009,0.37108298714383
PYF,2008,3.35346655289721
PYF,2007,2.62725286933546
PYF,2006,1.13971803375845
GEO,2019,2.02806499553233
GEO,2018,2.34526705345127
GEO,2017,2.39924552955963
GEO,2016,1.02846555312855
GEO,2010,4.79988767749478
GEO,2009,5.35859118044788
GEO,2008,6.67310210823087
GEO,2007,8.31739166597355
GEO,2006,8.08188677777051
GEO,2005,10.009609722088
GEO,2004,7.34700690211851
GEO,2002,7.07390645461259
GEO,2001,6.24757030684241
GEO,2000,5.52172440449704
GEO,1999,5.47627549526066
GEO,1998,5.30979136453116
GEO,1997,6.06982664681585
GEO,1996,5.61006903501618
GEO,1995,7.9378887611473
GEO,1994,11.4540012363584
GEO,1993,16.9537999297132
GEO,1992,14.5442539147182
GEO,1991,7.78881420322801
GEO,1990,4.95515811313085
DEU,2023,0.910722780231795
DEU,2022,0.815829208272123
DEU,2021,0.830375419597212
DEU,2020,0.935085587265765
DEU,2019,0.745579302641966
DEU,2018,0.945201062768242
DEU,2017,0.97829217789703
DEU,2016,1.163604165425
DEU,2015,0.83092148321361
DEU,2014,0.87986543465844
DEU,2013,0.841543300830081
DEU,2012,0.814420905242925
DEU,2011,0.91271260058552
DEU,2010,0.981060169496516
DEU,2009,0.992150728625981
DEU,2008,1.02452477446076
DEU,2007,1.09227050411144
DEU,2006,1.20927315205162
DEU,2005,1.27244558514126
DEU,2004,1.3545661001062
DEU,2003,1.33598638063576
DEU,2002,1.42807834640079
DEU,2001,1.44140608883251
DEU,2000,1.66753754956225
DEU,1999,1.62344247009
DEU,1998,1.95337413007635
DEU,1997,2.1847407558703
DEU,1996,2.33761906350592
DEU,1995,2.47744783321797
DEU,1994,2.38340932371506
DEU,1993,1.65425621686023
DEU,1992,1.43077958781143
DEU,1991,1.40343106642978
DEU,1990,1.16801384915652
GHA,2022,1.83111773115644
GHA,2021,1.85431966533681
GHA,2020,1.74047705817606
GHA,2019,1.82667713193775
GHA,2018,1.63198244300232
GHA,2017,2.02943487003652
GHA,2016,1.87009855981462
GHA,2015,1.82951897503029
GHA,2014,1.93640928203346
GHA,2013,2.01196278014916
GHA,2012,2.09468981730321
GHA,2011,1.62099472513754
GHA,2010,1.65652636352875
GHA,2009,1.71743458952278
GHA,2008,1.77319982485734
GHA,2007,1.68765456155898
GHA,2006,1.78813996205498
GHA,2005,1.75060061637178
GHA,2004,2.06691897101457
GHA,2003,2.04726505813928
GHA,2002,1.93445170691966
GHA,2001,2.14706465642242
GIB,2010,3.20020481310804
GRC,2023,0.839605274224601
GRC,2022,1.12365161805833
GRC,2021,0.841244735958326
GRC,2020,0.72901495405944
GRC,2019,0.727708640014711
GRC,2018,0.922574259889262
GRC,2017,0.799737128265793
GRC,2016,0.779545903374914
GRC,2015,0.859447721666469
GRC,2014,0.982267185579143
GRC,2013,1.39502562128674
GRC,2012,1.50249393628294
GRC,2011,1.65633803374762
GRC,2010,1.58206940071031
GRC,2009,1.36837464729468
GRC,2008,1.30000599447209
GRC,2007,1.17692468944918
GRC,2006,0.99853818548455
GRC,2005,1.20203980691416
GRC,2004,1.01394257823949
GRC,2002,0.863154597737589
GRC,2001,1.21735690880249
GRC,1999,1.44482396707554
GRC,1998,1.6486487777658
GRC,1997,1.91106937511326
GRC,1996,1.59885261038705
GRC,1995,1.43546567005422
GRC,1994,1.27075007073922
GRC,1993,1.44054157448601
GRC,1992,1.32240728899315
GRC,1991,1.33894214256357
GRC,1990,1.01379472430973
GRL,2016,5.35131374752502
GRL,2015,7.14017957551632
GRL,2014,7.12085877556833
GRL,2013,12.3865305327978
GRL,2012,14.0899644228398
GRL,2011,1.75949467312988
GRL,2010,19.4296514143903
GRL,2009,17.6923825446954
GRL,2008,14.11905896472
GRL,2007,14.0889718572787
GRL,2006,14.064079462049
GRL,2005,17.559416676178
GRL,2004,19.3299535202481
GRL,2003,8.8087876465562
GRL,2002,21.2044105173876
GRL,2001,30.135966389534
GRL,2000,23.1281745643453
GRL,1999,19.59753783661
GRL,1998,10.6857585552854
GRL,1997,19.6080178967727
GRL,1996,5.35723852211647
GRL,1995,19.6993167918767
GRL,1994,10.762331838565
GRL,1993,21.5213823901289
GRL,1992,23.317130916722
GRD,2023,13.6657527694502
GRD,2022,6.84269499542395
GRD,2021,4.28494911622925
GRD,2020,12.0335909094816
GRD,2019,13.7953035613438
GRD,2018,10.3724576674071
GRD,2017,10.3951904918658
GRD,2016,9.55441674628681
GRD,2015,5.23213226830374
GRD,2014,7.00945838791219
GRD,2013,5.28694916598377
GRD,2012,12.4141539089067
GRD,2011,3.56891121441126
GRD,2010,8.96169770401305
GRD,2009,6.29190860553329
GRD,2008,14.427932477276
GRD,2007,9.95281461073185
GRD,2006,10.8957683559648
GRD,2005,10.0241947609913
GRD,2004,5.48834869308697
GRD,2003,8.26567723448808
GRD,2002,12.9145930288872
GRD,2001,5.55622436033967
GRD,2000,13.9598514671804
GUM,2019,4.32611490161179
GUM,2011,2.40178212233477
GUM,2010,1.80156916674423
GUM,2009,3.00891239852443
GUM,2008,0.603525797710223
GUM,2007,0.605081474220504
GUM,2006,6.67317807072356
GUM,2005,4.25880126912278
GUM,2004,5.4941868450853
GUM,2003,4.90386884602771
GUM,2002,1.23217201121277
GUM,2001,4.95879550857097
GUM,2000,1.24949239371505
GTM,2023,23.3657267272051
GTM,2022,22.0474401521257
GTM,2021,20.2458705569498
GTM,2020,18.1882859775834
GTM,2019,25.9415998284592
GTM,2018,28.9035441420162
GTM,2017,32.8054740415143
GTM,2014,33.4975903480006
GTM,2013,33.5015723155484
GTM,2012,34.1624967821479
GTM,2011,38.4055692334411
GTM,2010,41.1031293722721
GTM,2009,45.7103110094951
GTM,2008,45.1519299292567
GTM,2007,42.3453198203345
GTM,2006,44.0248234172562
GTM,2005,40.7866100416894
GTM,2004,35.1905874431052
GTM,2003,33.8260706875462
GTM,2002,29.6482816428349
GTM,2001,26.9854300399802
GTM,2000,24.8256222306266
GTM,1999,23.2426519734587
GTM,1998,29.7150274998665
GTM,1997,36.8216098457559
GTM,1996,34.1946514708495
GTM,1995,31.6106008380106
GTM,1994,32.249015367069
GTM,1993,33.0376188660244
GTM,1992,28.0290411951818
GNB,2017,1.11876398954435
GNB,2016,3.49365287883821
GUY,2023,19.1201580922439
GUY,2022,15.94378052595
GUY,2021,16.0641191344505
GUY,2020,19.4431699054406
GUY,2019,16.8386645453251
GUY,2018,14.0230217590554
GUY,2017,14.9646346644701
GUY,2016,18.5973900789472
GUY,2015,19.6367594865976
GUY,2014,19.7552732658118
GUY,2013,20.6660742392051
GUY,2012,18.6255047478288
GUY,2011,17.4227001700724
GUY,2010,18.6851899182723
GUY,2009,15.5565660675394
GUY,2008,20.9380650710006
GUY,2007,15.1943455894448
GUY,2006,20.158992524703
GUY,2005,18.6617672956471
GUY,2004,17.1821756569231
GUY,2003,27.3882307923651
GUY,2002,18.7258070429986
GUY,2001,10.4646637736232
GUY,2000,9.93682272708255
GUY,1999,11.9034694035054
GUY,1998,14.7986047403991
GUY,1997,11.4136605774132
GUY,1996,11.5709390605975
GUY,1995,14.3725997593578
GUY,1994,14.2890880981819
GUY,1993,15.5385811681693
GUY,1992,14.0016615305016
GUY,1991,25.673220023507
GUY,1990,12.0017042420024
HTI,2023,41.1518089717388
HTI,2022,18.9766582756746
HTI,2021,14.1983189542019
HTI,2020,11.3840030566048
HTI,2018,6.77773609475147
HTI,2016,9.63317380185292
HTI,2015,10.1774724071475
HTI,2014,9.44739032712553
HTI,2013,10.1639909561024
HTI,2012,10.2584264457666
HTI,2011,9.21844574684968
HTI,2010,6.90584205676174
HTI,2009,6.17157780979269
HTI,2008,5.22517870924341
HTI,2007,5.18494241513337
HND,2023,31.4424316507577
HND,2022,34.9679353875888
HND,2021,38.2025965034663
HND,2020,35.7028493255269
HND,2019,41.0111655865032
HND,2018,37.9817721287217
HND,2017,40.2998017393682
HND,2016,54.7151729955654
HND,2015,55.7305404552518
HND,2014,64.9996731259012
HND,2013,72.3455871413622
HND,2012,82.2941714854712
HND,2011,83.1793333078082
HND,2010,74.5408954410341
HND,2009,64.4696634518731
HND,2008,55.6000203180321
HND,2007,45.7956895764454
HND,2006,40.7218024373527
HND,2005,42.9506250338895
HND,2004,49.8561822453764
HND,2003,57.211379965735
HND,2002,52.2131990441944
HND,2001,51.6129566869927
HND,2000,48.2838225250265
HND,1999,40.0439780684616
HND,1995,26.7264265382613
HND,1994,30.1554471915719
HND,1993,23.0954315392858
HND,1992,18.1185382601554
HND,1991,13.7357886112473
HND,1990,9.94948286192036
HKG,2023,0.376205815214825
HKG,2022,0.401826165982334
HKG,2021,0.307297589591109
HKG,2020,0.293715731634873
HKG,2019,0.320606459178181
HKG,2018,0.642467632514136
HKG,2017,0.322368700739292
HKG,2016,0.377969277712184
HKG,2015,0.298652959762826
HKG,2014,0.368877630379286
HKG,2013,0.853484868195093
HKG,2012,0.37494474772537
HKG,2011,0.237996256318888
HKG,2010,0.492845502651016
HKG,2009,0.665301477471795
HKG,2008,0.512770221894904
HKG,2007,0.258199816534686
HKG,2006,0.504971079584885
HKG,2005,0.492148352041243
HKG,2004,0.65329459731901
HKG,2003,0.758138341731295
HKG,2002,1.01152130091608
HKG,2001,0.974279249246982
HKG,2000,0.641344592361377
HKG,1999,0.952161516215953
HKG,1998,0.981394222302199
HKG,1997,1.58960869678035
HKG,1996,1.22174438441854
HKG,1995,1.18178366284457
HKG,1994,1.58880909076842
HKG,1993,1.45700653264127
HKG,1992,1.87514437960631
HKG,1991,1.63465642187213
HKG,1990,2.46376423250957
HUN,2023,0.722657964901225
HUN,2022,0.970642654757226
HUN,2021,0.772570691377117
HUN,2020,0.820558561392627
HUN,2019,0.66527835015882
HUN,2018,0.879849987623273
HUN,2017,1.63505483999481
HUN,2016,2.05901168254688
HUN,2015,2.24611505942905
HUN,2014,1.48030354739537
HUN,2013,1.55723130947025
HUN,2012,1.2504256741433
HUN,2011,1.45777335776427
HUN,2010,1.38288629112252
HUN,2009,1.38980848439085
HUN,2008,1.8069900965961
HUN,2007,1.53476927609169
HUN,2006,1.7313531031967
HUN,2005,1.62929455718258
HUN,2004,2.07222219853654
HUN,2003,2.25542422106006
HUN,2002,2.00227539364808
HUN,2001,2.49835492180838
HUN,2000,2.01165790099003
HUN,1999,2.47558769644657
HUN,1998,2.8190401090393
HUN,1997,2.8116665482167
HUN,1996,2.63049716881822
HUN,1995,2.86744240025079
HUN,1994,3.02709774730736
HUN,1993,2.87731718173541
HUN,1992,2.94075846885409
HUN,1991,2.95813060021337
HUN,1990,1.93617724055442
ISL,2023,1.29013114183057
ISL,2022,1.05164773481651
ISL,2021,0.536705993798362
ISL,2020,1.36383225954273
ISL,2019,0.277239086829896
ISL,2018,0.850210001870462
ISL,2017,0.873282362752761
ISL,2016,0.297997309084299
ISL,2015,0.906477233068894
ISL,2014,0.305331857562688
ISL,2013,0.308751086417885
ISL,2012,0.311681349455571
ISL,2011,0.940035157314884
ISL,2010,0.628618485155174
ISL,2009,0.31386137370846
ISL,2007,0.641744518298543
ISL,2006,0.0
ISL,2005,1.01066419166236
ISL,2002,1.39078673328535
ISL,2001,0.350812569614369
ISL,2000,1.77758816837315
ISL,1999,0.720855800005767
ISL,1997,0.737505277772144
ISL,1996,0.37180249851279
IND,2022,2.81530423021647
IND,2021,2.92249230234054
IND,2020,2.93529734667461
IND,2019,2.94997162020176
IND,2018,3.0299149142336
IND,2017,3.07665739913599
IND,2016,3.14894003612781
IND,2015,3.341278725169
IND,2014,3.60868879736221
IND,2013,3.54043488192346
IND,2012,3.71306379435684
IND,2011,3.77728016164146
IND,2010,3.73628378136533
IND,2009,3.7391329622536
IND,2008,3.80808186808269
IND,2007,3.80976850285027
IND,2006,3.83338811896998
IND,2005,3.9054234629053
IND,2004,4.09246015023157
IND,2003,3.96945564811633
IND,2002,4.16690817646815
IND,2001,4.30652763410509
IND,2000,4.55297901231507
IND,1999,4.60217795989072
IND,1998,4.83888188255162
IND,1997,4.74591109090452
IND,1996,4.7885099027111
IND,1995,4.83036026191718
IND,1994,5.04248055851768
IND,1993,5.19965773114987
IND,1992,5.50280867727189
IND,1991,5.49524644015231
IND,1990,5.10559748651998
IDN,2022,0.303768746039586
IDN,2004,0.62256871069078
IDN,2003,0.726511653296908
IDN,2000,1.02000302761334
IDN,1999,0.98119915381385
IDN,1998,0.837833916521102
IRN,2014,2.37540050451863
IRN,2013,2.53311940143072
IRN,2009,2.89702198565026
IRQ,2013,9.46375217111484
IRQ,2012,8.01370560566433
IRQ,2011,8.18993599583675
IRQ,2010,8.66796030041971
IRQ,2009,8.49684774933008
IRQ,2008,15.86412056276
IRQ,1994,6.29102354357219
IRQ,1993,5.82255427331476
IRQ,1992,7.63352730434032
IRQ,1991,6.59077667800485
IRQ,1990,6.64345798130851
IRL,2023,0.654270171245596
IRL,2022,0.861054139659655
IRL,2021,0.437512696568737
IRL,2020,0.622164323030526
IRL,2019,0.648627918850972
IRL,2018,0.779878238431558
IRL,2017,0.789978006388635
IRL,2016,0.694224869533058
IRL,2015,0.574164266695474
IRL,2014,1.00896508411924
IRL,2013,1.01628510386596
IRL,2012,1.10866383834203
IRL,2011,0.917110164037163
IRL,2010,1.1844494941962
IRL,2009,1.1690096855761
IRL,2008,1.13687038975372
IRL,2007,1.77534469569112
IRL,2006,1.4524064559467
IRL,2005,1.25141867559474
IRL,2004,0.737814168958707
IRL,2003,0.926636672021959
IRL,2002,1.32367963592701
IRL,2001,1.34611068498654
IRL,2000,0.973022299304289
IRL,1999,1.01254017686146
IRL,1998,1.02396247339213
IRL,1997,1.03477596079288
IRL,1996,1.15431898065939
IRL,1995,1.19090580018207
IRL,1994,0.696348473945356
IRL,1993,0.643154791698941
IRL,1992,0.702558803469292
IRL,1991,0.650772721871057
IRL,1990,0.483776690956051
IMN,2015,1.19627241515438
IMN,2014,3.57600500640701
IMN,2013,2.37694835485462
IMN,2012,2.37150869454375
IMN,2011,1.18507984475454
ISR,2022,1.62581066709758
ISR,2021,1.9344902218508
ISR,2020,1.67038317453709
ISR,2019,1.6402012873501
ISR,2018,1.45709789694358
ISR,2017,1.62644474784814
ISR,2016,1.33982857867757
ISR,2015,1.49014483400625
ISR,2014,1.63349469475113
ISR,2013,1.69045803541161
ISR,2012,1.68248807914477
ISR,2011,1.9676021588745
ISR,2010,2.04450617338639
ISR,2009,1.99830809914273
ISR,2008,1.69428815224534
ISR,2007,1.93897123931142
ISR,2006,2.23552448582389
ISR,2005,2.51181369892658
ISR,2004,2.40359632431166
ISR,2003,2.62962837661199
ISR,2002,3.2562481805909
ISR,2001,3.0830759577264
ISR,2000,2.51996726333437
ISR,1999,2.30403876974084
ISR,1998,2.53879871643864
ISR,1997,2.7627866103318
ISR,1996,2.12744621084101
ISR,1995,2.09160540706143
ISR,1994,2.68368917933648
ISR,1993,2.77229163328284
ISR,1992,3.00570599999435
ISR,1991,2.3431504012802
ISR,1990,3.23432414396571
ITA,2023,0.568072449338316
ITA,2022,0.540095240763765
ITA,2021,0.50728829294141
ITA,2020,0.475691584209703
ITA,2019,0.527189893600108
ITA,2018,0.595578796289962
ITA,2017,0.622616360456986
ITA,2016,0.668010320924807
ITA,2015,0.774242762514025
ITA,2014,0.782999237037301
ITA,2013,0.827647126909968
ITA,2012,0.87557696185202
ITA,2011,0.914393555930683
ITA,2010,0.879260233986606
ITA,2009,0.984909015398894
ITA,2008,1.03254300197422
ITA,2007,1.06752438557289
ITA,2006,1.06374952167439
ITA,2005,1.04238414237751
ITA,2002,1.12154817534866
ITA,2001,1.23722291409081
ITA,2000,1.33747271243561
ITA,1999,1.43079765038568
ITA,1998,1.55378306019741
ITA,1997,1.52651001019431
ITA,1996,1.66718882215848
ITA,1995,1.76296351100176
ITA,1994,1.68756125246512
ITA,1993,1.87333513571146
ITA,1992,2.58380791474806
ITA,1991,3.39550878435906
ITA,1990,3.14563261130983
JAM,2023,49.4403451527686
JAM,2022,53.1146007388142
JAM,2021,51.9438139904003
JAM,2020,47.0901768054208
JAM,2019,47.462677157099
JAM,2018,45.7076395408315
JAM,2017,58.4921283339315
JAM,2016,48.1865109798695
JAM,2015,43.1395301537823
JAM,2014,35.9731672387176
JAM,2013,43.1801420202774
JAM,2012,39.7485238581317
JAM,2011,41.0433859018324
JAM,2010,52.6456053926273
JAM,2009,61.4907955622864
JAM,2008,59.3990133306575
JAM,2007,58.3683288436272
JAM,2006,49.611852049312
JAM,2005,62.2984441577624
JAM,2004,55.0477598256135
JAM,2003,36.7007287070841
JAM,2002,39.5747662958568
JAM,2001,43.4003466693187
JAM,2000,34.0130054689232
JAM,1999,32.975583009466
JAM,1998,33.4275583172746
JAM,1997,40.740263940392
JAM,1996,36.6414632817877
JAM,1995,31.1981218730632
JAM,1994,27.957105235675
JAM,1993,26.8172514521419
JAM,1992,26.0650694662971
JAM,1991,23.5748022017866
JAM,1990,22.858324190704
JPN,2023,0.229153196964695
JPN,2022,0.231204479818001
JPN,2021,0.226767585297115
JPN,2020,0.251772416452194
JPN,2019,0.251776994076062
JPN,2018,0.26317151259777
JPN,2017,0.240822214259524
JPN,2016,0.284680826905949
JPN,2015,0.285207237530428
JPN,2014,0.309836473839101
JPN,2013,0.289687941924583
JPN,2012,0.335344134410932
JPN,2011,0.345052544691282
JPN,2010,0.362756174607419
JPN,2009,0.394718973722555
JPN,2008,0.510315592739754
JPN,2007,0.448130523589302
JPN,2006,0.48360414937829
JPN,2005,0.502684120166819
JPN,2004,0.546880856818189
JPN,2003,0.545933396760037
JPN,2002,0.519278415107055
JPN,2001,0.547696989948495
JPN,2000,0.533741479197123
JPN,1999,0.580434481076274
JPN,1998,0.612410126937131
JPN,1997,0.562305291398125
JPN,1996,0.517561767782069
JPN,1995,0.576099822503167
JPN,1994,0.599424390556901
JPN,1993,0.572733291050931
JPN,1992,0.541067647465003
JPN,1991,0.51578066666879
JPN,1990,0.547813038978693
JOR,2023,0.987830151085125
JOR,2022,1.11937678075855
JOR,2021,1.03014940057956
JOR,2020,0.993996674252794
JOR,2019,1.14319003336944
JOR,2018,0.898463493612211
JOR,2017,1.29956090475235
JOR,2016,1.4790583574967
JOR,2015,1.77061077375796
JOR,2014,2.08150620974155
JOR,2013,2.05210109500865
JOR,2012,2.21427674702976
JOR,2011,1.89828811842751
JOR,2010,1.75413508224255
JOR,2009,1.4282206743764
JOR,2008,1.71677110834457
JOR,2007,1.64049034842404
JOR,1997,0.832295441101721
JOR,1996,0.916027550851743
JOR,1995,0.736517107398504
JOR,1994,4.318843795093
JOR,1993,3.79483118693465
JOR,1992,3.41595213306224
JOR,1991,3.09055886627062
JOR,1990,3.31317084807234
KAZ,2022,2.55058633787163
KAZ,2021,2.84649159527772
KAZ,2020,3.11054491665357
KAZ,2017,4.90565829350323
KAZ,2015,4.71683271705767
KAZ,2014,5.07400953678053
KAZ,2013,6.37940291294929
KAZ,2012,7.31533714170016
KAZ,2011,8.3206363060125
KAZ,2010,8.23790230340836
KAZ,2009,10.6559350790615
KAZ,2008,11.0005007145455
KAZ,2004,13.1922962667978
KAZ,2003,12.6433726548997
KAZ,2002,12.5633296080858
KAZ,2001,13.8678890954092
KAZ,2000,14.9989331404008
KAZ,1999,15.3598555681854
KAZ,1998,16.1748127235001
KAZ,1997,16.0877622648852
KAZ,1996,15.990470775907
KAZ,1995,14.6259510155562
KAZ,1994,14.9556100303269
KAZ,1993,14.9700533807443
KAZ,1992,10.8465974094114
KAZ,1991,8.75070896947669
KAZ,1990,8.59855027276496
KEN,2022,4.87166844718499
KEN,2021,5.25374641584713
KEN,2020,3.56012051055805
KEN,2019,3.07795502113628
KEN,2018,3.12505555114881
KEN,2017,5.01242276948533
KEN,2016,4.90863183219284
KEN,2015,4.8015943416874
KEN,2014,5.00527231064574
KEN,2012,5.40918613326198
KEN,2011,5.31122951314829
KEN,2010,4.62996723697198
KEN,2009,4.72044629980071
KEN,2008,3.09944678223884
KEN,2007,2.8963347284418
KEN,2006,2.99685605964534
KEN,2005,3.02711294215376
KEN,2004,3.45600857857553
KIR,2012,7.12479070927292
KIR,2011,9.94148082875799
KIR,2010,3.67971739770386
KIR,2009,0.939258173894258
KIR,2008,6.71640000959486
KIR,2001,4.42798709241763
KIR,2000,3.38550776974033
KIR,1996,1.21032406426821
KOR,2023,0.477306316584835
KOR,2022,0.49630655708926
KOR,2021,0.472531479878428
KOR,2020,0.593924062354197
KOR,2019,0.573715197653771
KOR,2018,0.59836299503258
KOR,2017,0.584621875068617
KOR,2016,0.693986349015599
KOR,2015,0.73552614730237
KOR,2014,0.745957747469183
KOR,2013,0.702999427944201
KOR,2012,0.877023564282435
KOR,2011,0.820312091704541
KOR,2010,0.993727389936438
KOR,2009,1.09643755353408
KOR,2008,0.888451063800414
KOR,2007,0.893348650348504
KOR,2006,0.865877155391301
KOR,2005,0.858964633866176
KOR,2004,0.880428906223651
KOR,2003,0.81369986339581
KOR,2002,0.783818725484695
KOR,2001,0.865486201280152
KOR,2000,0.791086129840636
KOR,1999,0.827274200757047
KOR,1998,0.817013515783673
KOR,1997,0.603759904845466
KOR,1996,0.539859337441754
KOR,1995,0.502942515384837
KOR,1994,0.495289536990376
KOR,1993,0.682661899987434
KOR,1992,0.53701944266852
KOR,1991,0.487307198226096
KOR,1990,0.471927627916195
XKX,2021,1.89497747704421
XKX,2020,2.11257513202167
XKX,2019,1.36748864129747
XKX,2018,2.48905241208978
XKX,2017,2.71474940317931
XKX,2016,2.15692969005204
XKX,2015,2.36085035581387
XKX,2014,3.04038656027525
XKX,2013,2.25625933114568
XKX,2012,4.98192116165116
XKX,2011,3.45991989727386
XKX,2010,5.92595077267969
XKX,2009,4.06757410716052
XKX,2008,6.27478679607165
KWT,2020,0.249991818449578
KWT,2019,0.360182418888326
KWT,2018,0.855810403300653
KWT,2017,1.10718395103166
KWT,2012,1.8279755171148
KWT,2011,1.88329056827335
KWT,2010,2.03847866298902
KWT,2009,1.75282705964334
KWT,2008,1.43319401807446
KWT,2007,2.35257855568823
KWT,2006,1.90296284972493
KWT,2005,1.83298551315547
KWT,2004,1.99321334034512
KWT,2003,1.37448510129244
KWT,2002,1.11651921735886
KWT,2001,1.94211356235168
KWT,1996,0.924723731560792
KGZ,2020,1.74734308054439
KGZ,2019,2.19768195988342
KGZ,2018,2.91877015081634
KGZ,2017,3.26347187848511
KGZ,2016,2.99621670022045
KGZ,2015,5.1182002192939
KGZ,2014,5.47521345205193
KGZ,2013,5.25185158302322
KGZ,2012,6.75966182479206
KGZ,2011,8.46332327339597
KGZ,2010,16.7641099769876
KGZ,2009,7.85422557335847
KGZ,2008,7.93534652630682
KGZ,2007,8.02409698047058
KGZ,2006,8.70349363308218
KGZ,2005,9.67422872162259
KGZ,2004,8.31515014402673
KGZ,2003,8.37731757493411
KGZ,2002,8.23403408769907
KGZ,2001,7.7778062113238
KGZ,2000,8.73857279190491
KGZ,1999,8.90741045121074
KGZ,1998,8.87863470413882
KGZ,1997,9.32920864722012
KGZ,1996,11.2109487983656
KGZ,1995,11.7167926386129
KGZ,1994,12.0828324637825
KGZ,1993,12.2216562396016
KGZ,1992,10.5069561437854
KGZ,1991,8.28124183330403
KGZ,1990,13.7895233924514
LVA,2023,2.49681788529087
LVA,2022,3.56181584561495
LVA,2021,3.02293132059141
LVA,2020,3.68203328189884
LVA,2019,3.39556267869149
LVA,2018,4.35777769938389
LVA,2017,4.16968239374774
LVA,2016,3.52065424981236
LVA,2015,3.38748763187818
LVA,2014,3.20938906771761
LVA,2013,2.48384260386188
LVA,2012,3.44042305407829
LVA,2002,9.25865435409853
LVA,2001,9.36577455169373
LVA,2000,10.0493494840736
LVA,1999,9.57829566567482
LVA,1998,10.3725444556883
LVA,1997,11.178552303501
LVA,1996,10.9035925099643
LVA,1995,11.5851129689306
LVA,1994,13.8027675738879
LVA,1993,15.0946634319102
LVA,1992,9.90505488605076
LBN,2020,2.24466989542556
LBN,2019,3.14085853124481
LBN,2018,2.87427415177788
LBN,2017,3.99342351327765
LBN,2016,3.7165552530385
LBN,2015,3.56896263234324
LBN,2014,3.78131966638362
LBN,2013,4.10903820386976
LBN,2012,3.70530098694703
LBN,2011,3.29669003490076
LBN,2010,3.2333006961713
LBN,2009,2.90448074244136
LBN,2008,3.71546935666648
LSO,2008,38.2397413122181
LSO,2007,45.820633466418
LSO,1994,43.2119611538476
LSO,1993,34.9670021921418
LSO,1992,34.1647740360529
LSO,1991,29.7984371832389
LSO,1990,28.6788499283858
LBR,2012,3.08709483452429
LBR,2011,3.81410073040029
LBR,2010,3.17820882063815
LBR,2009,3.67737734519985
LBR,2008,4.63229096754295
LBR,2007,2.72550152294211
LIE,2021,5.12242598094458
LIE,2020,2.57951350375319
LIE,2019,2.60145681581686
LIE,2018,2.62271004629083
LIE,2017,2.64197302545541
LIE,2014,2.69088462832156
LIE,2010,2.77789352334125
LIE,2009,0.0
LIE,2008,2.82139179257128
LIE,2007,0.0
LIE,2004,2.90794887825872
LIE,1999,3.05558101873071
LTU,2023,2.62779952622526
LTU,2022,2.37848472418186
LTU,2021,2.57650105788629
LTU,2020,3.6126075712028
LTU,2019,3.36307869103253
LTU,2018,3.28280899974951
LTU,2017,3.53442753319048
LTU,2016,5.33266506558917
LTU,2015,5.91926942449559
LTU,2014,5.42076007920446
LTU,2013,6.69289628495243
LTU,2012,6.75962941837572
LTU,2011,6.96681994220841
LTU,2010,7.06971693208504
LTU,2009,7.96648008664495
LTU,2008,9.31692408317012
LTU,2007,8.57220488869441
LTU,2006,8.80785660809442
LTU,2005,11.1971869776715
LTU,2004,10.1578494263184
LTU,2002,8.50742461528947
LTU,2001,10.1641115299608
LTU,2000,10.5702145067909
LTU,1999,8.77117909768411
LTU,1998,8.76606871836834
LTU,1997,10.9419324796014
LTU,1996,11.250901634756
LTU,1995,13.8404946405304
LTU,1994,12.7226776393605
LTU,1993,11.3037442430044
LTU,1992,7.19396345331341
LTU,1991,5.78158443781183
LTU,1990,4.87143142276244
LUX,2022,1.5306610542428
LUX,2021,0.624732536382861
LUX,2020,0.475739656230524
LUX,2019,0.644991719918795
LUX,2018,0.493339099919257
LUX,2017,0.335291716366678
LUX,2016,0.856889217934349
LUX,2015,0.877907630070794
LUX,2014,0.719063635334068
LUX,2013,0.18404224873862
LUX,2011,0.771331163321661
LUX,2010,1.97079284996354
LUX,2009,1.00364020301634
LUX,2008,1.63602360373054
LUX,2007,1.45751348199971
LUX,2006,1.48033480943861
LUX,2005,0.859543131337116
LUX,2004,0.436399659171866
LUX,2003,0.6639547802531
LUX,2002,1.34412064826939
LUX,2001,2.03734452514592
LUX,2000,0.917152470866079
LUX,1999,1.39568315201083
LUX,1998,0.943052590506525
LUX,1997,0.954725713269613
LUX,1996,0.966705455723078
LUX,1995,0.489923498445718
LUX,1994,1.49034998385454
MAC,2023,0.560293537784445
MAC,2022,0.283947120527744
MAC,2021,0.432026405453901
MAC,2020,0.29279726058883
MAC,2019,0.29807414296232
MAC,2018,0.303595174051113
MAC,2017,0.309332005267924
MAC,2016,0.157651248637302
MAC,2015,0.160725450392893
MAC,2014,0.163852768456376
MAC,2013,0.167016566373219
MAC,2012,0.680914229490225
MAC,2011,0.694887797335974
MAC,2010,0.355362554203895
MAC,2009,0.909946258573969
MAC,2008,0.746366129905025
MAC,2007,1.14881896623525
MAC,2006,1.9656154882638
MAC,2005,0.807411227658679
MAC,2004,0.829531314807134
MAC,2003,1.70556418997427
MAC,2002,0.438583025959729
MAC,2001,1.79724796405504
MAC,2000,2.28671259910041
MAC,1999,8.59960139685417
MAC,1998,5.67630850736738
MAC,1997,7.22771394635591
MAC,1996,4.17661171146492
MAC,1995,2.00655642311252
MAC,1994,3.33229519521482
MAC,1993,3.14690953815169
MAC,1992,0.805913254183697
MAC,1991,3.31246937691071
MWI,2012,1.77598671180007
MWI,2011,2.24696688131315
MWI,2010,3.50724242187769
MWI,2009,2.22287241240285
MWI,2008,5.58082927903377
MWI,2007,5.08237011984744
MWI,2006,6.2203093403021
MWI,2005,1.55762857746883
MWI,2004,3.28780615094934
MWI,2003,2.46273593215458
MWI,2002,4.77255051159721
MWI,2001,7.76326626834498
MWI,2000,6.18596313059929
MYS,2023,0.734492430713877
MYS,2022,0.691732496782795
MYS,2021,0.708818550137325
MYS,2020,0.746542626101193
MYS,2019,0.9270169844912
MYS,2018,0.981435762735261
MYS,2017,1.1713566700858
MYS,2016,1.4344275283881
MYS,2015,1.59447772809976
MYS,2014,1.66144687296396
MYS,2013,2.07792968739967
MYS,2012,2.02947587841498
MYS,2011,1.81743121597224
MYS,2010,1.88443680805509
MYS,2009,1.99468244682113
MYS,2008,2.16539253688213
MYS,2007,2.41495895208709
MYS,2006,2.22576283384124
MYS,2005,2.33781672263912
MYS,2004,1.96778903559431
MYS,2003,2.28933999827064
MYS,2002,2.34415745618505
MYS,2001,2.19751834720607
MYS,2000,2.39900911780206
MYS,1999,2.62084286351063
MYS,1998,2.87126605600909
MYS,1997,2.52628996517626
MYS,1996,2.14387594641691
MYS,1995,1.9478029631051
MYS,1994,1.69521916913474
MYS,1993,1.86309708994844
MYS,1992,1.94323497387583
MYS,1991,2.09350287108381
MYS,1990,1.75515616375798
MDV,2019,0.615093155858455
MDV,2015,0.934243286294184
MDV,2013,0.749867835793941
MDV,2012,2.58519510467455
MDV,2011,0.802838838131633
MDV,2010,1.66300804895896
MDV,2009,1.72277654152609
MDV,2008,1.48734271350805
MDV,2007,0.924559062373836
MDV,2002,2.74333369911116
MDV,2001,2.44100185690498
MDV,1997,2.24125211284704
MDV,1995,0.779274417589782
MDV,1990,0.444915065713955
MLT,2023,0.562898250512237
MLT,2022,1.51460075124197
MLT,2021,0.38140534520521
MLT,2020,1.35081285163347
MLT,2019,0.992032983112623
MLT,2018,1.65099085247881
MLT,2017,1.92347764758684
MLT,2016,1.09825180278033
MLT,2015,0.898915795186531
MLT,2014,1.3809468462051
MLT,2013,1.63378670914512
MLT,2012,2.81287028800276
MLT,2011,0.70649991698626
MLT,2010,0.946408439124052
MLT,2009,0.950582766647378
MLT,2008,1.43208686084173
MLT,2007,0.958780814316515
MLT,2006,0.0
MLT,2005,0.967774324705222
MLT,2004,1.70400258034676
MLT,2002,1.47941942650306
MLT,2001,1.48963031099757
MLT,2000,1.00026256892434
MLT,1999,2.51959933331402
MLT,1998,1.26976226241161
MLT,1994,0.786464422971053
MLT,1993,1.85078936166275
MLT,1992,1.60087728074985
MLT,1991,0.807903450151684
MLT,1990,1.08722832882134
MHL,1994,4.19186150089601
MHL,1992,4.31150633252493
MHL,1991,10.9727327590937
MRT,2020,0.999971522550119
MRT,2019,1.07437639165317
MRT,2018,1.22184990380814
MUS,2022,2.27249663925174
MUS,2021,2.65703154091809
MUS,2020,2.72750722204948
MUS,2019,2.09909272547754
MUS,2018,2.87081302588736
MUS,2017,2.55684129376169
MUS,2016,1.62563423926317
MUS,2015,1.62504048091912
MUS,2014,1.47058311329411
MUS,2013,2.71111133488538
MUS,2012,2.17194008548136
MUS,2011,2.48781940296999
MUS,2010,2.57267916079206
MUS,2009,2.97113619375561
MUS,2000,2.13705334044041
MUS,1999,1.90730260558267
MUS,1998,2.59391325703045
MUS,1997,2.02651611903587
MUS,1996,2.90007616964763
MUS,1995,2.15550595975843
MUS,1994,2.35489486702694
MUS,1993,1.85447903047836
MUS,1992,2.77362727817692
MUS,1991,2.6290953826739
MUS,1990,1.83650766030301
MEX,2023,24.8589948436701
MEX,2022,25.8814968854168
MEX,2021,27.9675034061893
MEX,2020,29.0010048931398
MEX,2019,29.150867187807
MEX,2018,29.4484283285099
MEX,2017,25.9959360229634
MEX,2016,20.0889396309777
MEX,2015,17.1484302942078
MEX,2014,16.7050327254596
MEX,2013,19.4881727966757
MEX,2012,22.2285552341782
MEX,2011,23.6134785680132
MEX,2010,22.6686472946558
MEX,2009,17.6812940453664
MEX,2008,12.6895495806052
MEX,2007,8.15173722925145
MEX,2006,9.74512148491559
MEX,2005,9.37610715749773
MEX,2004,8.93632612354424
MEX,2003,9.79524704840011
MEX,2002,9.93415725652767
MEX,2001,10.2748177070264
MEX,2000,10.8866310831903
MEX,1999,12.6127898786382
MEX,1998,14.2882186700123
MEX,1997,14.4137694382077
MEX,1996,15.6891033012258
MEX,1995,17.182014381969
MEX,1994,17.7449486456044
MEX,1993,18.2992621284592
MEX,1992,19.2853005228938
MEX,1991,17.9176802336618
MEX,1990,17.4993603611294
FSM,2019,0.906766290056401
MDA,2023,2.54314378217647
MDA,2022,2.46711784221268
MDA,2021,2.18269955950808
MDA,2020,3.03017368760082
MDA,2019,3.88747276359475
MDA,2018,5.26353672252251
MDA,2017,4.41522186881311
MDA,2016,6.17704523511996
MDA,2015,5.74963619861434
MDA,2014,4.81645276331263
MDA,2013,6.71802976908606
MDA,2012,6.57549697046181
MDA,2011,6.07207895051986
MDA,2010,7.29627258213572
MDA,2009,6.63750839806703
MDA,2008,6.2442055888815
MDA,2007,5.6343213777967
MDA,2006,6.68142956581036
MDA,2005,7.42102283004968
MDA,2004,6.84513524022656
MDA,2003,7.78918984978218
MDA,2002,9.67914129361844
MDA,2001,9.80960768729548
MDA,2000,10.2244020112084
MDA,1999,9.13932456184126
MDA,1998,8.68313939252062
MDA,1997,9.50514035235142
MDA,1996,9.11648601399996
MDA,1995,9.10695025679561
MDA,1994,9.04282284005073
MDA,1993,8.70007307386958
MDA,1992,11.1991117914865
MDA,1991,6.50719038928369
MDA,1990,6.51517316431626
MCO,2001,3.08194902456313
MNG,2023,5.91503475082916
MNG,2022,5.96571485950299
MNG,2021,6.16826672303943
MNG,2020,6.2295157189674
MNG,2019,6.34259904548525
MNG,2018,6.18744290031966
MNG,2017,6.15262900871161
MNG,2016,6.05101532090771
MNG,2015,7.18959068215609
MNG,2014,7.31195279430739
MNG,2013,7.29343322765452
MNG,2012,7.11868784339173
MNG,2011,9.68970892806502
MNG,2010,8.84617719300064
MNG,2009,8.2166309111906
MNG,2008,8.04729990312873
MNG,2007,11.3114993277327
MNG,2006,12.9992952911794
MNG,2005,15.5258847316187
MNG,2004,13.0958385318503
MNG,2003,13.6013688607961
MNE,2023,0.789201202111271
MNE,2022,2.60311804733607
MNE,2021,2.48405855422824
MNE,2020,2.96084285326556
MNE,2019,3.76021900823406
MNE,2018,2.2734838704439
MNE,2017,2.41891202175086
MNE,2016,4.48539323682796
MNE,2015,2.70638148835062
MNE,2014,3.16768705786018
MNE,2013,1.57927361310165
MNE,2012,2.68333491176563
MNE,2011,3.31917415785834
MNE,2010,2.37308541446332
MNE,2009,3.32048621405277
MNE,2008,3.79240081884254
MNE,2007,1.89460172708736
MNE,2002,4.26024411198762
MAR,2023,1.70500474577332
MAR,2022,1.65554646642091
MAR,2021,1.93752077304373
MAR,2020,2.93295948896857
MAR,2019,2.77264595868349
MAR,2018,1.42300060045045
MAR,2017,2.14690397826667
MAR,2016,1.69600616957935
MAR,2015,1.24539159959094
MAR,2014,1.03786663735302
MAR,2013,1.26969766486025
MAR,2012,1.14824532150367
MAR,2011,1.33991288287498
MAR,2010,1.38910211811739
MAR,2009,1.34870280078742
MAR,2008,1.34781265903932
MAR,2007,1.65777028677951
MAR,2006,1.61839760600646
MAR,2005,1.54489022780839
MAR,2004,1.56912399329637
MAR,2003,1.7246384434996
MAR,2002,1.58229248940382
MAR,2001,1.88445856997879
MAR,2000,1.62190105414949
MAR,1999,1.92670118661066
MAR,1998,2.01291392895891
MAR,1997,2.68985755036216
MAR,1994,0.707669920826543
MAR,1993,0.577795791819552
MAR,1992,0.523550480588602
MAR,1991,0.500019879822641
MAR,1990,0.36511995154489
MOZ,2011,3.58999788532633
MOZ,2010,3.80447436621262
MOZ,2009,3.67546173099644
MOZ,2008,4.56023813334375
MOZ,2007,3.98823072642875
MOZ,2006,4.30074700463675
MOZ,2005,5.3633248753027
MOZ,2004,5.69547466312653
MOZ,2003,5.38353149868699
MOZ,2002,5.48571293538495
MOZ,2001,5.93384443153743
MMR,2023,2.57510107248619
MMR,2022,3.90276297667527
MMR,2021,28.6567343550508
MMR,2020,2.96322722719558
MMR,2019,2.8855992129134
MMR,2018,2.77776467862348
MMR,2017,2.68234254369858
MMR,2016,2.60021730748139
MMR,2015,2.54849103640211
MMR,2014,2.42691467314289
MMR,2013,2.46306117021369
MMR,2012,2.88136755643538
MMR,2011,2.13477102911342
MMR,2010,1.63388087176703
MMR,2009,1.80639479787891
MMR,2008,1.63460845088229
MMR,2007,1.55636224574386
MMR,2006,1.62602866324403
MMR,2005,1.42500695375989
MMR,2004,1.57854127171045
MMR,2003,1.63712444533972
MMR,2002,1.76066037136134
MMR,2001,2.00126112222443
MMR,2000,2.29847796378963
MMR,1995,3.7859106268082
MMR,1990,5.13847622053973
NAM,2021,11.2077806904171
NAM,2020,11.1039385450139
NAM,2019,12.0354899812092
NAM,2018,18.4687504668112
NAM,2012,17.6793243946426
NAM,2011,14.350110071867
NAM,2010,14.8828532230738
NAM,2009,18.6772510841109
NAM,2008,17.2931273008652
NAM,2004,18.1248783522014
NAM,2002,18.3071640536188
NAM,2001,19.008663211721
NAM,2000,20.8946541027478
NAM,1999,21.3356691856642
NAM,1998,23.4887486297028
NAM,1997,19.3575484227298
NAM,1996,21.4445810971181
NAM,1995,23.2809179797032
NPL,2020,2.13004129984372
NPL,2019,1.95325811107588
NPL,2018,2.34689208986609
NPL,2017,2.24909570287775
NPL,2016,2.20708210796159
NPL,2015,2.1492523495048
NPL,2014,2.01645182571012
NPL,2013,2.19644830684281
NPL,2012,2.33158518920432
NPL,2011,2.47228294102196
NPL,2010,2.97345260913609
NPL,2009,2.96617589765324
NPL,2008,3.30492322037202
NPL,2007,3.13940777256144
NPL,2006,2.29621777735944
NPL,2005,3.33720291767318
NPL,2004,3.5976952610666
NPL,2003,2.94681426508019
NPL,2002,3.38742407363328
NPL,2001,3.39924065453341
NPL,2000,2.58692590461642
NPL,1999,2.61137742324944
NPL,1998,2.74489105041786
NPL,1997,2.47637084622437
NPL,1990,1.81309983065955
NLD,2023,0.690893081283378
NLD,2022,0.798685419651381
NLD,2021,0.710637312796065
NLD,2020,0.686068183497271
NLD,2019,0.712758090417298
NLD,2018,0.574010651743461
NLD,2017,0.762328497745067
NLD,2016,0.546362553519554
NLD,2015,0.607922883579319
NLD,2014,0.722251091061564
NLD,2013,0.736721493873159
NLD,2012,0.857217506852641
NLD,2011,0.848611455055905
NLD,2010,0.858612976325238
NLD,2009,0.923031739705049
NLD,2008,0.903763742179582
NLD,2007,0.86502275645006
NLD,2006,0.776046758999861
NLD,2005,1.05674155563289
NLD,2004,1.16282145658851
NLD,2003,1.23419738555447
NLD,2002,1.19719664433762
NLD,2001,1.24824619864232
NLD,2000,1.12088359004318
NLD,1999,1.27351102095183
NLD,1998,1.11201623897532
NLD,1997,1.32285042212284
NLD,1996,1.34910253032172
NLD,1995,1.23995886291917
NLD,1994,1.10426245955154
NLD,1993,1.2475860509483
NLD,1992,1.26335482236609
NLD,1991,1.16792443990765
NLD,1990,0.898151125968822
NCL,2009,3.10982139906977
NCL,2008,4.33369447453954
NCL,2007,4.78612025127131
NCL,2006,3.23171606142684
NZL,2022,1.46149415952832
NZL,2021,1.15511953382508
NZL,2020,1.02566226716727
NZL,2019,2.28484272415384
NZL,2018,1.12225498980074
NZL,2017,0.727234722175039
NZL,2016,1.06049711862933
NZL,2015,1.04030555507995
NZL,2014,0.950700013685658
NZL,2013,1.03281407483097
NZL,2012,0.929351914175937
NZL,2011,0.889862312060794
NZL,2010,0.98901264452666
NZL,2009,1.55658150539553
NZL,2008,1.19667072126864
NZL,2007,1.13656126994621
NZL,2006,1.17170499815875
NZL,2005,1.47520928927198
NZL,2004,1.10188506824525
NZL,2003,1.09382358838026
NZL,2002,1.51855734015571
NZL,2001,1.31046023491927
NZL,2000,1.34799747198628
NZL,1999,1.17323323133591
NZL,1998,1.28562661572437
NZL,1997,1.5885833807702
NZL,1996,1.28707772622167
NZL,1995,1.06138954670094
NZL,1994,1.5700179473573
NZL,1993,1.15904912114103
NZL,1992,1.88539284533879
NZL,1991,1.53988385975946
NZL,1990,1.86483565610858
NIC,2021,11.3473196321723
NIC,2019,7.94304819024202
NIC,2018,10.65611679854
NIC,2017,6.82368909372622
NIC,2016,7.26815838263741
NIC,2015,8.52113297894743
NIC,2014,8.6540960289815
NIC,2013,9.92672854383165
NIC,2012,11.4042929452756
NIC,2011,12.682480356333
NIC,2010,13.682036444762
NIC,2009,14.1781256977468
NIC,2008,13.1980225202019
NIC,2007,12.9883276955078
NIC,2006,13.3238467052683
NIC,2005,13.6463048137106
NIC,2004,12.2512960818705
NIC,2003,12.185846245133
NIC,2002,10.7574705924444
NIC,2001,10.5546083051206
NIC,2000,9.47710001137849
NIC,1999,11.3241413333581
NIC,1998,13.0844610149098
NIC,1997,14.1176773904877
NIC,1996,13.9958486029733
NIC,1995,15.2274500741019
NIC,1994,15.9364599055704
NIC,1993,17.1092468069475
NIC,1992,18.9578854934536
NIC,1991,17.1845629099381
NIC,1990,16.1439153174766
NER,2012,4.41784034939735
NER,2011,4.83806653628145
NGA,2023,15.7466808233499
NGA,2019,21.099298161443
NGA,2016,32.4390092901434
MKD,2023,1.52854990019388
MKD,2022,0.978137007650662
MKD,2021,0.756303996391349
MKD,2020,0.587601972312729
MKD,2019,1.21203114814657
MKD,2018,1.30226748209447
MKD,2017,1.59721486945216
MKD,2016,0.968765224591646
MKD,2015,1.26239291120934
MKD,2014,1.75189774323035
MKD,2013,1.09274417865374
MKD,2012,1.43048214400664
MKD,2011,1.47026715489338
MKD,2010,2.09602218858838
MKD,2009,1.69853564389181
MKD,2008,1.69014030096087
MKD,2007,2.01731819640226
MKD,2006,2.20176495393285
MKD,2004,2.34833978367957
MKD,2003,3.36310320258709
MKD,2002,2.8922855032866
MKD,2001,2.66176128260113
MKD,2000,2.28460045619096
MKD,1999,1.85538993216597
MKD,1998,2.35574959952257
NOR,2023,0.724747049690651
NOR,2022,0.549772609467286
NOR,2021,0.536233629966067
NOR,2020,0.576285998471727
NOR,2019,0.523586594350632
NOR,2018,0.470654459145075
NOR,2017,0.530624369587454
NOR,2016,0.515662484007301
NOR,2015,0.462448150409719
NOR,2014,0.564488422634429
NOR,2013,0.905489619398107
NOR,2012,0.538013921608383
NOR,2011,2.24108049961155
NOR,2010,0.593148682739496
NOR,2009,0.600585363631139
NOR,2008,0.713072143396291
NOR,2007,0.63707658297604
NOR,2006,0.708079443938776
NOR,2005,0.713803047463144
NOR,2004,0.78401608975242
NOR,2002,1.01365927914722
NOR,2001,0.819734419341124
NOR,2000,1.06883592856346
NOR,1999,0.739613970814833
NOR,1998,0.857533647476493
NOR,1997,0.862658716434205
NOR,1996,0.981480938327732
NOR,1995,0.963525401798696
NOR,1994,0.760988150030889
NOR,1993,0.881289800091005
NOR,1992,1.07319655443247
NOR,1991,1.17326206157397
NOR,1990,1.10811435598692
OMN,2023,0.138633928990513
OMN,2022,0.253687667354583
OMN,2021,0.24442141451561
OMN,2020,0.30956353421169
OMN,2019,0.500953881532248
OMN,2018,0.282739155186279
OMN,2017,0.374664193442209
OMN,2016,0.364391855614282
OMN,2015,0.38232739411622
OMN,2014,0.29981718647055
OMN,2013,2.53005219471595
OMN,2012,1.09948801917507
OMN,2011,1.10505749061595
OMN,2010,1.74074125114327
OMN,2009,1.3782011048703
OMN,2008,1.78943388784209
OMN,2007,1.43959124946404
OMN,2006,4.81152539272585
OMN,2005,2.15464496735916
OMN,2004,1.74649173472787
OMN,2003,1.48066954184488
OMN,2002,1.19804521807739
PAK,2023,4.33487075793336
PAK,2022,4.07754321000689
PAK,2021,3.78657227562101
PAK,2020,3.55316509010108
PAK,2019,3.47225684652177
PAK,2018,3.63153404981254
PAK,2017,3.68829384464626
PAK,2016,3.86846723526245
PAK,2015,4.36557663665432
PAK,2014,6.19607584212452
PAK,2013,6.60289823456376
PAK,2012,6.66740103101875
PAK,2011,6.80258538196207
PAK,2010,6.62018826058729
PAK,2009,6.42618722690055
PAK,2008,6.36361817693574
PAK,2007,5.72161914634586
PAK,2006,5.5920801274736
PAK,2005,5.5752755168276
PAK,2004,5.61283467417069
PAK,2003,5.59271505599106
PAK,2002,5.79944378334808
PAK,2001,6.02307111869464
PAK,2000,5.75029069524098
PAK,1999,6.19797206100045
PAK,1998,6.99278957469395
PAK,1997,6.52766592359976
PAK,1996,6.54026430686155
PAK,1990,7.06724574289916
PLW,2018,11.2268096213758
PLW,2015,16.8828610821914
PAN,2023,11.7072934419645
PAN,2022,11.3389170493456
PAN,2021,12.6570480772218
PAN,2020,11.6461589453797
PAN,2019,11.3349220328569
PAN,2018,9.62124332136356
PAN,2017,9.22242063167726
PAN,2016,10.0519063068018
PAN,2015,11.8938357734005
PAN,2014,15.5186126360303
PAN,2013,17.3318403029072
PAN,2012,16.9448445310514
PAN,2011,14.8639320731842
PAN,2010,12.677292626363
PAN,2009,15.7671135605313
PAN,2008,14.0831048875658
PAN,2007,8.11638724767199
PAN,2006,6.54810061378814
PAN,2005,10.9869362611305
PAN,2004,9.47355777770635
PAN,2003,10.5649025160456
PAN,2002,12.0152977748691
PAN,2001,9.9689317914936
PAN,2000,9.93233884821742
PAN,1999,9.65505372613931
PAN,1998,9.71003284824635
PAN,1997,11.1044699721912
PAN,1996,8.92013493862192
PAN,1995,13.8371118680945
PAN,1994,12.0994379005715
PAN,1993,11.7777590404338
PAN,1992,12.1421032113911
PAN,1991,11.7212472124661
PAN,1990,11.3211404379327
PNG,2010,9.34037927179888
PNG,2009,9.41073158244219
PNG,2008,8.39481935232785
PNG,2007,7.46767591349243
PNG,2006,9.04009057874364
PNG,2005,9.22596029165051
PNG,2003,9.94448560311182
PNG,2002,7.93382380682253
PNG,2001,7.6111531673875
PNG,2000,8.39795317499971
PNG,1999,8.41226452085377
PNG,1998,9.71665028352973
PRY,2023,6.7795163925492
PRY,2022,7.57344466296988
PRY,2021,7.85436422886151
PRY,2020,7.28375188027935
PRY,2019,8.50337786708883
PRY,2018,7.73254240471022
PRY,2017,8.53492626715061
PRY,2016,10.7054970567084
PRY,2015,10.0176925113933
PRY,2014,9.52253702792393
PRY,2013,10.0962064841382
PRY,2012,11.0055811353826
PRY,2011,11.2990930113132
PRY,2010,12.9139714270104
PRY,2009,14.4765607993953
PRY,2008,14.8390325698951
PRY,2007,14.0842878975945
PRY,2006,13.4782946324326
PRY,2005,16.2809142348236
PRY,2004,22.4380260884275
PRY,2003,24.1249473264161
PRY,2002,26.0770664744718
PRY,2001,25.3291976446545
PRY,2000,19.5064839944888
PER,2021,8.60480803979216
PER,2020,5.79501314909191
PER,2019,7.3499267457301
PER,2018,7.68710269227761
PER,2017,7.9394377010568
PER,2016,7.88881315592262
PER,2015,7.37746900609372
PER,2014,6.89338555748064
PER,2013,6.75097413739705
PER,2012,6.65981599009637
PER,2011,5.5180019181967
PHL,2023,4.34759149828352
PHL,2019,4.2994572517325
PHL,2018,5.16236715828629
PHL,2017,7.64708050157393
PHL,2016,10.4510468515231
PHL,2012,8.46913560836537
PHL,2011,8.64032540631909
PHL,2010,8.97369523950398
PHL,2009,9.62872513157651
PHL,2008,6.27837847973801
PHL,2007,6.54623986266116
PHL,2002,7.88863329981838
PHL,2001,7.18905777250657
PHL,2000,7.20247586332285
PHL,1999,7.3347410214259
PHL,1998,7.80171541157697
PHL,1994,9.33941787376518
PHL,1993,11.4881217256382
PHL,1992,12.5792315824779
PHL,1991,13.5239141267332
PHL,1990,14.7658089952637
POL,2023,0.802314721828908
POL,2022,0.703386223722305
POL,2021,0.717659927064458
POL,2020,0.69686389242182
POL,2019,0.661855188726895
POL,2018,0.713892149018161
POL,2017,0.750229542138962
POL,2016,0.67950291225801
POL,2015,0.778752821607014
POL,2014,0.750030452020356
POL,2013,0.797192575262003
POL,2012,1.0693406632409
POL,2011,1.10446216454824
POL,2010,1.00799699931893
POL,2009,1.01836330071281
POL,2008,0.857987263994944
POL,2002,1.87290370805637
POL,2001,2.02889838935666
POL,2000,2.23482252627397
POL,1999,1.93534675125864
POL,1998,1.98035630053945
POL,1997,2.10439521324408
POL,1996,2.27585734681098
POL,1995,2.2233999841573
POL,1994,2.39148895941217
POL,1993,2.36324011082264
POL,1992,2.24148158532643
POL,1991,2.22525405442468
POL,1990,1.78423829119899
PRT,2022,0.719971949892832
PRT,2021,0.789147831496343
PRT,2020,0.78106023430457
PRT,2019,0.705776821960449
PRT,2018,0.784476811591817
PRT,2017,0.735661094098411
PRT,2016,0.637904765071273
PRT,2015,0.96429532624377
PRT,2014,0.884088459392736
PRT,2013,1.37689714793445
PRT,2012,1.16045143463187
PRT,2011,1.07984686066494
PRT,2010,1.1721711445495
PRT,2005,1.28534783916604
PRT,2002,1.14279743752163
PRT,2001,1.01406904912049
PRT,2000,1.12805303055093
PRT,1999,1.06707167094564
PRT,1998,1.23037242241284
PRT,1997,1.12753493219435
PRT,1996,1.05287738974611
PRT,1995,1.08655014894958
PRT,1994,1.43021646326171
PRT,1993,1.402392472514
PRT,1992,1.43235243994931
PRT,1991,1.52523293783729
PRT,1990,1.55031373802425
PRI,2023,14.5896581532053
PRI,2022,17.6490453393793
PRI,2021,19.4269659812923
PRI,2020,16.9729272652066
PRI,2019,19.2516608739342
PRI,2018,20.1819536860636
PRI,2017,21.5903710503968
PRI,2016,20.2531208577657
PRI,2015,17.4342096389883
PRI,2014,19.7455156433427
PRI,2013,25.6184967764778
PRI,2012,27.8355055997358
PRI,2011,32.0057767848175
PRI,2010,27.726661419239
PRI,2009,25.5956168309387
PRI,2008,23.3120906130826
PRI,2007,20.5682169229389
PRI,2006,20.7350481897879
PRI,2005,21.7769172595927
PRI,2004,22.192056586322
PRI,2003,21.4921376348086
PRI,2002,21.5182856224394
PRI,2001,21.0332353967846
PRI,2000,19.265769452259
PRI,1999,15.6279813075639
PRI,1998,17.2918749139716
PRI,1997,19.3294496446478
PRI,1996,23.3336469576204
PRI,1995,23.3918255316361
PRI,1994,27.140717254145
PRI,1993,26.2289276753816
PRI,1992,23.9574621949028
PRI,1991,22.861655225812
PRI,1990,16.9441363121878
QAT,2022,0.0691454145354033
QAT,2021,0.319717852547547
QAT,2020,0.428055468854506
QAT,2019,0.393149056031246
QAT,2018,0.362168986600472
QAT,2017,0.443342737741158
QAT,2016,0.461649967761444
QAT,2015,0.247185127859597
QAT,2014,0.405702920880718
QAT,2013,0.442773711639193
QAT,2012,0.367046174933158
QAT,2011,0.220878544410392
QAT,2010,0.234023576120117
QAT,2009,0.504397876611039
QAT,2008,0.840961260769122
QAT,2007,0.744666327429784
QAT,2006,0.513963884785744
QAT,2005,0.726913675972171
QAT,2004,0.646552420853902
QAT,2001,0.737544713648265
QAT,2000,0.155041403806887
QAT,1999,0.489795518534271
QAT,1998,0.344506838460743
QAT,1994,1.00108216982558
QAT,1993,0.825517573721299
QAT,1992,1.27752806835627
QAT,1991,0.87940596127316
QAT,1990,0.908728450356733
ROU,2023,1.10887485110282
ROU,2022,1.28868853637199
ROU,2021,1.26765356960595
ROU,2020,1.44901611032613
ROU,2019,1.25118311157138
ROU,2018,1.27564870308368
ROU,2017,1.29511300787888
ROU,2016,1.54724790736617
ROU,2015,1.70600204986966
ROU,2014,1.62758998394145
ROU,2013,1.0865815600829
ROU,2012,1.05166802858503
ROU,2011,1.01074789871675
ROU,2010,1.3018428319408
ROU,2009,1.25383156711961
ROU,2008,1.45761745573163
ROU,2007,1.81594153262399
ROU,2006,1.69711228263622
ROU,2005,2.0411638640929
ROU,2004,2.2753588333156
ROU,2003,3.22319955303114
ROU,2002,3.01331880019475
ROU,2001,3.18888061508443
ROU,2000,2.52196954118502
ROU,1999,2.55344193822665
ROU,1998,2.51739961773668
ROU,1997,3.09216078120564
ROU,1996,3.20292291114639
ROU,1995,3.345437668207
ROU,1994,3.41005330735072
ROU,1993,3.22647718095903
ROU,1992,3.66177386320525
ROU,1991,3.59953421330034
ROU,1990,3.46999262844531
RUS,2021,6.76512531955806
RUS,2020,7.30812673633554
RUS,2019,7.64469087376708
RUS,2018,8.17044875503453
RUS,2017,9.09316032017364
RUS,2016,10.8822499466091
RUS,2015,11.4556968970425
RUS,2014,11.3961892650078
RUS,2013,11.0875143078155
RUS,2012,11.2598822758413
RUS,2011,11.2292273482455
RUS,2010,11.5955549228756
RUS,2009,12.2743494414076
RUS,2008,12.6470810308557
RUS,2007,17.6400957311458
RUS,2006,20.0162456079663
RUS,2005,24.6448972080224
RUS,2004,27.039519153371
RUS,2003,28.6458525438416
RUS,2002,30.3221540432851
RUS,2001,29.3743483488237
RUS,2000,28.0061484707895
RUS,1999,25.9606678936515
RUS,1998,22.7269138890421
RUS,1997,23.6686557817611
RUS,1996,26.3923491157494
RUS,1995,30.5189640696838
RUS,1994,32.300784146238
RUS,1993,30.4181125508508
RUS,1992,22.7725711471779
RUS,1991,15.1363246478469
RUS,1990,14.1932240689117
RWA,2020,3.61247427164444
RWA,2019,3.16215359253131
RWA,2018,2.28219163427022
RWA,2017,3.85180847120042
RWA,2016,3.28881602035978
RWA,2015,2.51717737303246
RWA,2014,3.76602860932266
RWA,2013,3.23617593979811
RWA,2012,2.36382585584116
RWA,2010,2.82043606558473
RWA,2008,1.46874802541362
RWA,2007,2.80630226378016
RWA,2006,3.43038564632014
WSM,2018,6.26258538794308
WSM,2017,3.40774385449907
WSM,2013,3.02619932061825
WSM,2010,8.28918908417413
WSM,2009,8.35450242411109
SMR,2002,3.63762026882014
STP,2011,3.23189666549062
STP,2010,3.30029372614163
STP,2009,2.8113025608155
STP,2008,8.05556035053196
STP,2007,2.35710771098324
STP,2006,2.41490479237856
STP,1994,6.02715988925094
STP,1993,6.13181877409613
STP,1992,9.36695027710561
STP,1991,5.56896970082699
STP,1990,6.50512278419255
SAU,2019,0.935259944754359
SAU,2018,0.737688493612268
SAU,2007,1.1847116316888
SAU,2006,1.18830462202966
SAU,2005,1.4445602578613
SAU,2004,1.53028956535709
SAU,2003,1.33072394336726
SAU,2002,1.59120897796954
SAU,2001,1.34378654519932
SAU,2000,1.06937181885064
SAU,1999,1.18923936153487
SEN,2015,0.267518151792543
SRB,2023,1.31400205013848
SRB,2022,1.08964325742373
SRB,2021,1.1264836301447
SRB,2020,1.21601456438015
SRB,2019,1.26325112750546
SRB,2018,1.49572244747486
SRB,2017,1.21580435389435
SRB,2016,1.62782274638115
SRB,2015,1.39329072000109
SRB,2014,1.63272026762776
SRB,2013,1.91034319590384
SRB,2012,1.50178377781355
SRB,2011,1.75156114676202
SRB,2010,1.78478121117552
SRB,2009,2.07397700915681
SRB,2008,1.87811591167972
SRB,2007,2.28518309996179
SRB,2006,2.07684499553911
SRB,2005,1.94982632618366
SRB,2004,2.16763741135982
SRB,2003,2.31855480790214
SRB,2002,2.62579425352805
SRB,2001,3.17567065132744
SRB,2000,2.96311487314067
SYC,2022,7.96669919735506
SYC,2021,4.06545380628113
SYC,2020,7.48185649799237
SYC,2019,8.49975138227207
SYC,2018,7.82336578581363
SYC,2017,6.22629006506473
SYC,2016,10.926871909744
SYC,2015,6.52805431341189
SYC,2014,15.2884013587567
SYC,2013,17.6310698631143
SYC,2012,4.0183639231287
SYC,2011,16.490765171504
SYC,2010,9.47657706036579
SYC,2009,14.952791899859
SYC,2008,6.48315729760393
SYC,2007,8.74622818909345
SYC,2006,9.95872661082403
SYC,2004,11.3435917214468
SLE,2020,2.22431228940123
SLE,2015,1.76195053608056
SLE,2012,1.72490642764247
SLE,2011,2.92770708400218
SLE,2010,2.61943582816115
SLE,2009,2.60913512702566
SLE,2008,3.12143616599424
SLE,2007,2.33069723938478
SLE,2006,1.79572602981332
SLE,2005,1.79943971990539
SLE,2004,2.09122346188414
SGP,2023,0.0690954942050905
SGP,2022,0.123896338057884
SGP,2021,0.108180423309996
SGP,2020,0.177931178177524
SGP,2019,0.211656543163604
SGP,2018,0.159733932962686
SGP,2017,0.196285615913482
SGP,2016,0.32270038551043
SGP,2015,0.253378095590325
SGP,2014,0.256508913684751
SGP,2013,0.315657239686991
SGP,2012,0.20780832213766
SGP,2011,0.30874685632986
SGP,2010,0.374235722020857
SGP,2009,0.402530508038786
SGP,2008,0.561711146908061
SGP,2007,0.391601028170255
SGP,2006,0.385744866530007
SGP,2004,0.479298211558636
SGP,2003,0.652450495318668
SGP,2002,0.747547711931284
SGP,2001,0.777422484904642
SGP,2000,1.01604735276297
SGP,1999,0.983220460464831
SGP,1998,1.02526838001829
SGP,1997,1.00088960648576
SGP,1996,0.900517388172113
SGP,1995,1.52817595644359
SGP,1994,1.43366365138918
SGP,1993,1.74809788865943
SGP,1992,1.3327281301251
SGP,1991,1.62612461662518
SGP,1990,1.54626066467495
SVK,2023,1.12358440823663
SVK,2022,0.767376066253057
SVK,2021,1.0105169087957
SVK,2020,1.15489878274585
SVK,2019,1.39433538407656
SVK,2018,1.23088635575335
SVK,2017,1.47175143295698
SVK,2016,1.10553043442371
SVK,2015,0.885563434200239
SVK,2014,1.32958329289954
SVK,2013,1.44166216994369
SVK,2012,1.38763718875067
SVK,2011,1.77840071202719
SVK,2010,1.65063908479667
SVK,2009,1.44844846564276
SVK,2008,1.59877437213017
SVK,2007,1.52501423191635
SVK,2006,1.5250576267202
SVK,2005,1.72968710332277
SVK,2004,2.00891418467334
SVK,2003,2.5482701895541
SVK,2002,2.25003777181177
SVK,2001,2.19353809701647
SVK,2000,2.39776996241077
SVK,1999,2.62174178855597
SVK,1998,2.38148573452834
SVK,1997,2.60718340483068
SVK,1996,2.46157128248889
SVK,1995,2.39060998281376
SVK,1994,2.41426956835667
SVK,1993,2.57211303779692
SVK,1991,2.42200665522016
SVK,1990,1.76602017668557
SVN,2023,0.566466326409227
SVN,2022,0.614590956625007
SVN,2021,0.425835133669648
SVN,2020,0.523206714930108
SVN,2019,0.671965756625042
SVN,2018,0.434891751818874
SVN,2017,0.921252321313415
SVN,2016,0.485113562659451
SVN,2015,0.970898765842034
SVN,2014,0.777302570612473
SVN,2013,0.583532281370513
SVN,2012,0.681822277179262
SVN,2011,0.780943418696957
SVN,2010,0.733635525957981
SVN,2009,0.638629834427847
SVN,2008,0.493806310894034
SVN,2007,1.19156520778539
SVN,2006,0.599067252288187
SVN,2005,1.00154563530168
SVN,2004,1.35437123315501
SVN,2003,1.05395761082866
SVN,2002,1.80761775311607
SVN,2001,1.40726217646163
SVN,2000,1.81194433706997
SVN,1999,1.2618653196002
SVN,1998,0.707047674457069
SVN,1997,1.81415265842655
SVN,1996,1.91263005255203
SVN,1995,2.21317391774538
SVN,1994,2.0621024794519
SVN,1993,1.30600074693197
SVN,1992,2.4049801125681
SVN,1991,2.00080732575594
SVN,1990,2.05204486270569
SLB,2008,3.73435012480591
SLB,2007,5.19838330279283
SLB,2006,4.6786623500921
SLB,2005,5.38212575336823
SLB,2004,4.21397734144383
ZAF,2022,43.7202551331462
ZAF,2021,40.9429825270973
ZAF,2020,32.9775673780065
ZAF,2019,35.7874756270719
ZAF,2018,35.8657632618552
ZAF,2017,35.2840163787516
ZAF,2016,33.2101800798263
ZAF,2015,32.9193156001477
ZAF,2014,32.026354388996
ZAF,2013,31.132729039924
ZAF,2012,30.1454561488805
ZAF,2011,29.3498251398405
ZAF,2010,30.3625716702744
ZAF,2009,32.4134564386112
ZAF,2008,35.379325145242
ZAF,2007,36.4150322955323
ZAF,2006,38.213316830898
ZAF,2005,37.4378416502353
ZAF,2004,38.3597777084255
ZAF,2003,40.8739335231162
ZAF,2002,44.8839287192482
ZAF,2001,44.9998733885833
ZAF,2000,46.1368317963984
ZAF,1999,48.371149061953
ZAF,1998,54.3593478699825
ZAF,1997,53.6187769339318
ZAF,1996,56.4456925288109
ZAF,1995,60.3414054621735
ZAF,1994,59.0058123963542
SSD,2012,13.9825812737537
ESP,2023,0.690855954769765
ESP,2022,0.679512839473507
ESP,2021,0.607512242916661
ESP,2020,0.69421884953507
ESP,2019,0.69779523479218
ESP,2018,0.613681647994712
ESP,2017,0.655022828665732
ESP,2016,0.629108853827649
ESP,2015,0.646906930185419
ESP,2014,0.691349965151574
ESP,2013,0.644467548060687
ESP,2012,0.774166283792877
ESP,2011,0.819183054272952
ESP,2010,0.856097274768039
ESP,2009,0.883453221366359
ESP,2008,0.880284469874308
ESP,2007,1.0589564792395
ESP,2006,1.06498542161369
ESP,2005,1.17837383727999
ESP,2004,1.20274134358143
ESP,2003,1.38096386713923
ESP,2002,1.35071366537132
ESP,2001,1.3989371157037
ESP,2000,1.34813027799556
ESP,1999,1.19080123686025
ESP,1998,1.28516221990896
ESP,1997,1.14536412263401
ESP,1996,0.986644952856265
ESP,1995,1.02614708919709
ESP,1994,1.07630148338555
ESP,1993,1.19489728995844
ESP,1992,1.11812855629451
ESP,1991,1.12112292990316
ESP,1990,1.23821991144539
LKA,2019,3.31094038448808
LKA,2018,2.3097886777035
LKA,2017,2.20033736695316
LKA,2016,2.41890147871327
LKA,2015,2.24114421871193
LKA,2014,2.56642825955881
LKA,2013,2.89809922614196
LKA,2012,3.19327967678719
LKA,2011,3.48421308761825
LKA,2010,3.65437400070472
LKA,2009,5.2947435337523
LKA,2008,9.70460670215069
LKA,2006,10.0430361788586
LKA,2005,6.02972088501167
LKA,1999,10.1294658163651
LKA,1997,10.143466204886
LKA,1996,9.91342203621353
LKA,1995,9.18921542518554
LKA,1990,12.1388482434521
KNA,2023,64.1601437187219
KNA,2022,23.5498132071634
KNA,2021,29.9381990034857
KNA,2020,21.3356091316407
KNA,2019,25.55828887256
KNA,2018,48.9273216545944
KNA,2017,48.8836462949384
KNA,2016,63.728770353376
KNA,2012,38.271001211915
KNA,2011,72.5170895052842
KNA,2010,44.8272549710224
KNA,2009,57.5490499078149
KNA,2008,49.1085726486602
KNA,2007,34.2572073952746
KNA,2006,36.5053630673094
KNA,2005,17.2276417511898
KNA,2004,23.7506612400004
KNA,2003,21.6560371617598
KNA,2002,10.8647233298204
KNA,2001,13.1117448454453
KNA,2000,6.63020056356705
KNA,1999,13.4526131701083
KNA,1998,18.1828512983692
KNA,1997,16.1186331399097
KNA,1996,9.32901089162022
KNA,1995,9.45045598450125
LCA,2023,39.0440891432332
LCA,2022,36.9166745907004
LCA,2021,39.2108535642666
LCA,2020,29.1724286888396
LCA,2019,25.8919349436991
LCA,2018,20.9019472706011
LCA,2017,27.7869140647152
LCA,2016,17.079808250686
LCA,2015,16.0087361960384
LCA,2014,19.5246886817102
LCA,2013,19.0345997110202
LCA,2012,22.5973642202606
LCA,2011,26.7751642889157
LCA,2010,25.7450711353869
LCA,2009,22.9589358827564
LCA,2008,23.103238896376
LCA,2007,17.286805994349
LCA,2006,25.8042835110628
LCA,2005,24.7809754638122
LCA,2004,22.5281449594798
LCA,2003,22.0892097278425
LCA,2002,25.9835066598202
LCA,2001,21.2186362033619
LCA,2000,14.500428708327
LCA,1999,10.2104631721356
LCA,1998,9.05114868774507
LCA,1997,8.5207348806114
LCA,1996,7.97678754823464
LCA,1995,10.7956385620209
LCA,1994,6.8544794022894
LCA,1993,5.56616605960668
LCA,1992,9.88581879294153
LCA,1991,7.16743119266055
LCA,1990,10.1554877717046
MAF,2016,26.8997982515131
MAF,2015,16.0560892718564
MAF,2014,21.3615305536642
MAF,2013,21.3797987626441
MAF,2012,5.36545452106612
MAF,2011,21.5816663744149
VCT,2023,51.3212761232698
VCT,2022,41.1579091782137
VCT,2021,31.1159945935959
VCT,2020,31.8760504607538
VCT,2019,18.2399416321868
VCT,2018,32.4037893372472
VCT,2017,36.9097981317964
VCT,2016,37.6121901108149
VCT,2010,22.7358503435387
VCT,2009,20.8129728164477
VCT,2008,14.4107143661312
VCT,2007,35.8643073929787
VCT,2006,17.8549109932687
VCT,2005,23.1214900911076
VCT,2004,25.7013590701426
VCT,2003,15.9092817401219
VCT,2002,17.6450088886732
VCT,2001,10.572594074061
VCT,2000,17.614161786076
VCT,1999,12.3493816488189
VCT,1998,21.2051599222477
VCT,1997,7.95471117769499
VCT,1996,21.2165949133214
VCT,1995,17.6916782768305
VCT,1994,11.512830163615
VCT,1993,12.4185035703198
VCT,1992,15.9987201023918
VCT,1991,16.0397071862344
VCT,1990,9.83794226022252
SDN,2008,5.1480839388
SDN,2007,4.6692555541
SUR,2023,6.51946457704576
SUR,2022,7.22121303541283
SUR,2021,5.66438365032303
SUR,2020,8.9822828553534
SUR,2019,4.95239101438174
SUR,2018,6.33848335105607
SUR,2017,6.06353574875403
SUR,2016,6.97567191883721
SUR,2015,5.84567085090617
SUR,2014,5.56160959933817
SUR,2013,5.09648167024006
SUR,2008,8.00378970135627
SUR,2007,8.47432092441659
SUR,2006,11.8095912929026
SUR,2005,13.2867974485498
SUR,2004,8.95075721460219
SUR,2003,11.8480019825657
SUR,2002,11.4791718482373
SUR,2001,16.236452068041
SUR,2000,14.2664425995976
SWE,2023,1.14675703743944
SWE,2022,1.10609575089503
SWE,2021,1.08485573554827
SWE,2020,1.19764105277864
SWE,2019,1.07985845098683
SWE,2018,1.06138286689242
SWE,2017,1.12349926472939
SWE,2016,1.06819519352472
SWE,2015,1.14291761252879
SWE,2014,0.89723711300655
SWE,2013,0.906191475133898
SWE,2012,0.714324244275151
SWE,2011,0.857210073297811
SWE,2010,0.970332147893121
SWE,2009,1.00013550222933
SWE,2008,0.889380578965065
SWE,2007,1.2133435654997
SWE,2006,1.00213388442621
SWE,2005,0.919181722281867
SWE,2004,1.18970734144495
SWE,2003,0.948826864882924
SWE,2002,1.13164676508968
SWE,2001,0.977965262336652
SWE,2000,1.08204358809711
SWE,1999,1.14025259304447
SWE,1998,1.03947655124504
SWE,1997,0.983548289507778
SWE,1996,1.11986801393953
SWE,1995,0.985690269832145
SWE,1994,1.13892751751386
SWE,1993,1.23881112672625
SWE,1992,1.31524699502116
SWE,1991,1.33457754644069
SWE,1990,1.10999884034332
CHE,2023,0.597481940544685
CHE,2022,0.477697117734824
CHE,2021,0.482369204585241
CHE,2020,0.543944872228796
CHE,2019,0.53628529631628
CHE,2018,0.587106357663197
CHE,2017,0.532315829369355
CHE,2016,0.537319784436855
CHE,2015,0.688078876533782
CHE,2014,0.500596106180341
CHE,2013,0.704468878665988
CHE,2012,0.562575490598645
CHE,2011,0.581221136763671
CHE,2010,0.664472756521145
CHE,2009,0.659115273445603
CHE,2002,1.18152122781488
CHE,2001,1.19008237930126
CHE,2000,0.960466836994092
CHE,1999,1.24577957176257
CHE,1998,1.06887327115022
CHE,1997,1.22722535983623
CHE,1996,1.17366186815719
CHE,1995,1.16469372993522
CHE,1994,1.14390504158274
CHE,1993,1.51338131761031
CHE,1992,1.35271733640357
CHE,1991,1.44182476164834
CHE,1990,1.63856942164309
SYR,2010,2.05938679956635
SYR,2009,2.16590372025588
SYR,2008,2.44493534185927
SYR,2007,2.55217772944335
SYR,2006,2.27122008950186
SYR,2005,2.28552099593863
SYR,2004,2.3231876293858
SYR,2003,2.26392369671573
SYR,2002,2.10666943205194
SYR,2001,2.20510561121672
SYR,2000,2.1457050317925
SYR,1999,2.03351460061943
SYR,1998,2.12383835997202
SYR,1997,1.91989092943963
TJK,2020,0.892370798940089
TJK,2011,1.61026778305936
TJK,2010,2.36535123734333
TJK,2009,1.2950203131279
TJK,2008,1.36269430828479
TJK,2007,1.83474060485977
TJK,2006,2.74882284141425
TJK,2005,2.26723984993183
TJK,2004,2.09114244339539
TJK,2003,2.46298945344912
TJK,2002,2.75580406784238
TJK,2001,3.63643344226506
TJK,2000,4.50297391194904
TJK,1999,5.75030160895694
TJK,1998,7.94961852355022
TJK,1997,8.11097507764467
TJK,1996,7.97821157013759
TJK,1995,7.31266404637944
TJK,1994,10.9177651952632
TJK,1993,22.7773184371301
TJK,1992,10.7091018515241
TJK,1991,2.6708991997228
TJK,1990,3.11182106732499
TZA,2020,3.74921291744897
TZA,2019,4.59485426006108
TZA,2018,4.75998593558216
TZA,2017,5.65469286500665
TZA,2016,6.38934150079073
TZA,2015,7.20094334280093
TZA,2013,7.57207576168001
TZA,2012,8.63760184710429
TZA,2011,9.01381068307978
TZA,2010,8.68662061022504
TZA,2004,7.6778416479797
TZA,2003,7.48997932167156
TZA,1997,7.45770271278924
TZA,1996,7.37742376484379
TZA,1995,6.94455940999813
THA,2011,4.79225300638159
THA,2010,5.32812691440829
THA,2009,5.43590911946787
THA,2008,5.87697421098978
THA,2007,6.60930214643831
THA,2006,7.04095366870716
THA,2005,7.27989678542343
THA,2004,6.52844364057858
THA,2003,9.91857847562255
THA,2002,7.06122860880889
THA,2001,7.88673994165525
THA,2000,8.16089242263043
THA,1999,8.10927378042329
THA,1998,8.71386668032668
THA,1997,7.8831333955031
THA,1996,7.46661418786202
THA,1995,7.6855090378549
THA,1994,8.59210539748611
THA,1993,9.54957043277724
THA,1992,10.5408837302963
THA,1991,10.0394591713935
THA,1990,9.76281172192889
TLS,2015,4.06594633033822
TLS,2010,3.59553213645137
TLS,2009,3.02234076514334
TLS,2008,3.39006198486192
TLS,2007,6.16983567339278
TLS,2006,5.01742274448928
TLS,2005,4.8507319069018
TLS,2004,2.47558321511527
TON,2019,0.946346864516251
TON,2018,9.47270204089365
TON,2012,0.930583149930904
TON,2011,1.85926308107782
TON,2010,0.931103031205918
TON,2009,7.46251253468902
TON,2008,3.73761913660998
TON,2007,0.936978805539419
TON,2006,7.52919917555269
TON,2005,3.78533372448448
TON,2004,1.90347479323505
TON,2003,5.74360545259611
TON,2002,5.77625669684761
TON,2001,5.80897195718788
TON,2000,0.973923206155195
TON,1997,1.98662011353534
TON,1996,1.99450513834386
TON,1995,1.99552005747098
TTO,2022,40.4432986623964
TTO,2021,30.1132439458432
TTO,2020,26.9408284203458
TTO,2019,36.2988873279844
TTO,2018,35.1576671765775
TTO,2017,34.2498809038232
TTO,2016,32.2193196226095
TTO,2015,29.3873061531072
TTO,2014,28.4984183377823
TTO,2013,28.8110385211372
TTO,2012,27.0692095577105
TTO,2011,25.2332824127606
TTO,2010,34.1108885129239
TTO,2009,36.764279333109
TTO,2008,39.8663493392717
TTO,2007,28.6367899257091
TTO,2006,27.3055528160047
TTO,2005,28.549567337224
TTO,2004,19.325395055672
TTO,2003,17.1060263634493
TTO,2002,12.8377366394634
TTO,2001,11.3913517762588
TTO,2000,9.0924623865668
TUN,2020,4.69348024650292
TUN,2019,4.80838825436222
TUN,2012,3.01553732901415
TUN,2010,2.65651617409655
TUN,2009,2.39421321482698
TUN,2008,2.65588251893383
TUN,2007,2.61451616726295
TUN,2006,2.40663186554563
TUN,2005,2.53523179941246
TUN,2004,1.91812781282378
TUR,2023,3.22789482308636
TUR,2022,2.62122678525057
TUR,2021,2.49751250926437
TUR,2020,2.49036807460102
TUR,2019,2.39580104761995
TUR,2018,2.55994219861376
TUR,2017,3.05836302689691
TUR,2016,3.31161155785991
TUR,2015,2.79325328973375
TUR,2012,4.27675507086876
TUR,2011,4.1244918510834
TUR,2010,4.17741645852185
TUR,2008,4.55127664672389
TUR,2007,5.08688366199539
TUR,2006,4.52278419997034
TUR,2005,4.76708660324403
TUR,2004,4.24827062656029
TUR,2003,4.18240847006562
TKM,2015,1.01355101620555
TKM,2014,1.46495233226172
TKM,2013,1.41429832030187
TKM,2012,1.36006509719172
TKM,2011,1.75950488940016
TKM,2010,1.88701082389409
TKM,2006,3.94396423387863
TKM,2005,4.07738561201459
TKM,2004,4.21533036996281
TKM,2003,4.7904285182228
TKM,2002,5.05297764004978
TKM,2001,5.30434820736023
TKM,2000,5.82628887002073
TKM,1999,7.1457669678574
TKM,1998,7.82223084808967
TKM,1997,8.25506775842628
TKM,1996,7.83335315124774
TKM,1995,6.41820422224786
TKM,1994,7.48178985789943
TKM,1993,8.23329487409197
TKM,1992,7.50376107010731
TKM,1991,7.93590383136879
TKM,1990,8.82846765988701
TCA,2022,76.3400403511642
TCA,2021,30.9436714666195
TCA,2020,51.8187245834788
TCA,2019,30.1166440791836
TCA,2014,5.70613409415121
TCA,2013,11.8860131340445
TCA,2009,6.99581999755146
TCA,2008,7.29195150852247
TCA,2007,7.6133919564514
TCA,2002,9.71015196387824
TCA,1997,12.134449702706
TCA,1996,6.34296406710856
TCA,1995,6.643856094077
TCA,1994,13.9435981455014
TCA,1993,7.32734933137937
TCA,1992,7.71039747098963
TUV,2012,18.2907311719786
TUV,2011,9.27686812931954
TUV,2010,9.42151874882231
UGA,2023,8.97308867739149
UGA,2022,8.75663044480037
UGA,2021,8.52084677875181
UGA,2020,10.0321315001
UGA,2019,10.9721855213314
UGA,2018,10.8189825436186
UGA,2017,11.7852360138494
UGA,2016,11.5517988640576
UGA,2014,12.2899679036209
UGA,2013,10.914892084063
UGA,2012,11.8413029510429
UGA,2011,11.2518403976957
UGA,2010,9.75585614946885
UGA,2009,10.2794330166168
UGA,2008,9.1455171126034
UGA,2007,8.91970998094133
UGA,1997,8.78017937874443
UGA,1996,8.50620912053546
UGA,1995,8.27459359829534
UKR,2021,3.77663964401616
UKR,2020,3.80035686872931
UKR,2019,4.04827159044446
UKR,2018,4.42833090390794
UKR,2017,6.05466477531939
UKR,2014,6.18849833107946
UKR,2012,5.05517673469169
UKR,2010,4.27931783411627
UKR,2009,4.80442030690337
UKR,2008,5.26707267623711
UKR,2007,5.62227515669595
UKR,2006,6.25651793325215
UKR,2005,6.36747840037847
UKR,2004,7.26768625683968
UKR,2003,8.36383861156885
UKR,2002,8.82547240056403
UKR,2001,9.88456693180039
UKR,2000,8.91504794713768
UKR,1999,8.50400598209799
UKR,1998,8.32676141125089
UKR,1997,8.33089101970805
UKR,1996,9.55762626395874
UKR,1995,8.52986359050662
UKR,1994,8.10930210113304
UKR,1993,7.06015499427981
UKR,1992,6.44067965377161
UKR,1991,5.07562056481594
UKR,1990,4.91411890429172
ARE,2022,0.693218125037315
ARE,2021,0.44948191080481
ARE,2020,0.687938137215929
ARE,2019,0.68245938100401
ARE,2015,0.691671912805994
ARE,2014,0.740572167270486
ARE,2013,0.727797670204742
ARE,2012,0.920353599853064
ARE,2011,0.708390053731386
ARE,2010,0.96564564292759
GBR,2021,1.11868407522333
GBR,2020,0.94577935310667
GBR,2019,1.15033375026475
GBR,2018,1.09059626628076
GBR,2017,1.17550481262973
GBR,2016,1.17310761427578
GBR,2015,0.948271629655268
GBR,2014,0.900318736728248
GBR,2013,0.9349366699991
GBR,2012,0.980292769516879
GBR,2011,1.00772665754522
GBR,2010,1.19987652699167
GBR,2009,1.12468797208048
GBR,2008,1.22526681051353
GBR,2007,1.42031017055268
GBR,2006,1.4119320989405
GBR,2005,1.37797628851015
GBR,2002,1.85923045695602
GBR,2001,1.62595894048872
GBR,2000,1.54256868130426
GBR,1999,1.40043985028414
GBR,1998,1.38332593669012
GBR,1997,1.25412576150713
GBR,1996,1.281335140925
GBR,1995,1.39111870783059
GBR,1994,1.42233524586565
GBR,1993,1.34978569430064
GBR,1992,1.38428635572783
GBR,1991,1.38997016985018
GBR,1990,1.27246170811834
USA,2023,5.76340794073065
USA,2022,6.51267429794199
USA,2021,6.77972198500888
USA,2020,6.35465593745812
USA,2019,4.93472178525416
USA,2018,4.88693701574911
USA,2017,5.20582704229048
USA,2016,5.28982026159524
USA,2015,4.87019612648983
USA,2014,4.38357348743573
USA,2013,4.47313924865612
USA,2012,4.68473058437162
USA,2011,4.66754631709583
USA,2010,4.73280651793807
USA,2009,4.9992946235203
USA,2008,5.39888580801544
USA,2007,5.67445011466685
USA,2006,5.79419136382991
USA,2002,5.65304262610104
USA,2001,6.69516821550341
USA,2000,5.53707946956534
USA,1999,5.56772173977322
USA,1998,6.14734210977422
USA,1997,6.65818273718576
USA,1996,7.25280570053619
USA,1995,8.05575436588861
USA,1994,8.78652102623221
USA,1993,9.33849837151796
USA,1992,9.15233015234456
USA,1991,9.63187233852536
USA,1990,9.25037955939706
URY,2023,11.2453054170348
URY,2022,11.2948931452974
URY,2021,9.00875836787795
URY,2020,10.0324569104505
URY,2019,11.5977676357818
URY,2018,12.4022914485464
URY,2017,8.35193212210643
URY,2016,7.90108434244779
URY,2015,8.69948102993542
URY,2014,7.98490138572303
URY,2013,7.77201220684194
URY,2012,8.00503447711385
URY,2011,5.98168012770136
URY,2010,6.17734091087152
URY,2009,6.82760685431307
URY,2008,6.69255362560008
URY,2007,5.88743616570098
URY,2006,6.14073873999033
URY,2005,5.78250888452056
URY,2004,6.09171534327958
URY,2003,6.00392662896892
URY,2002,7.04511757340532
URY,2001,6.65801023531638
URY,2000,6.55194336304211
URY,1999,6.63795240065697
URY,1998,7.53253925757256
URY,1997,7.5387524450532
URY,1996,6.39361461910898
URY,1995,5.98851208989666
URY,1992,5.79672940246071
URY,1991,6.21326188722705
URY,1990,6.63573640406867
UZB,2021,1.39879762685076
UZB,2020,1.33685174451114
UZB,2019,1.20128497449438
UZB,2018,1.46416093130273
UZB,2017,1.85737044900045
UZB,2016,2.41972336009243
UZB,2015,1.64556342685201
UZB,2008,3.02239249134413
UZB,2007,3.01004490765404
UZB,2006,3.22483462750267
UZB,2005,3.45259657932287
UZB,2004,3.69582797880085
UZB,2003,3.74544085919713
UZB,2002,4.1653576925131
UZB,2001,4.30844092727932
UZB,2000,4.30870073731431
UZB,1999,4.14283235765341
UZB,1998,4.41269166360506
UZB,1997,4.4362211140555
UZB,1996,4.93748260586543
UZB,1995,5.0485241935468
UZB,1994,5.42663138718187
UZB,1993,5.18010883686091
UZB,1992,5.32927706308707
UZB,1991,5.0660905380026
UZB,1990,5.49720214399679
VUT,2020,0.3346065111081
VUT,2019,0.684967866444965
VEN,2022,12.6466448562847
VEN,2021,19.2791045599615
VEN,2020,29.475380243919
VEN,2019,41.0324133949647
VEN,2017,47.9792075487112
VEN,2016,56.5792047678519
VEN,2015,51.2004132142202
VEN,2014,62.9006092038036
VEN,2012,54.3821288251794
VEN,2011,48.3052863947894
VEN,2010,45.3960162080437
VEN,2009,49.1766420057909
VEN,2008,52.0038429160992
VEN,2007,47.5815663456695
VEN,2006,45.0216395516922
VEN,2005,37.1988094364987
VEN,2004,36.8970797360357
VEN,2003,43.8038461298566
VEN,2002,37.8091067461912
VEN,2001,31.8655925319861
VEN,2000,32.7072022874003
VEN,1999,24.8227901468482
VEN,1998,19.2785692454324
VEN,1997,18.2649898123507
VEN,1996,21.8911625760581
VEN,1995,20.1903047742501
VEN,1994,21.7857723486674
VEN,1993,20.1933513390716
VEN,1992,15.7163186203055
VEN,1991,12.3221512683443
VEN,1990,12.4779278368246
VNM,2011,1.53501286347562
VNM,2010,1.52764014135863
VNM,2009,1.42609270232914
VNM,2008,1.28205448056468
VNM,2007,1.39657163544714
VNM,2006,1.27543729928635
VNM,2005,1.298584174516
VNM,2004,1.3231436501524
VNM,2003,1.33100770216075
VNM,2002,1.35453837129189
VNM,2001,1.28768529987055
VIR,2012,49.8571401177396
VIR,2011,42.6983456763181
VIR,2010,52.6756403382529
VIR,2009,46.8344589214961
VIR,2008,43.0067314884069
VIR,2007,40.1010920553209
VIR,2006,40.0186133085156
VIR,2005,34.3845399673812
VIR,2004,34.311838975467
VIR,2003,28.658592955533
VIR,2002,37.8167731224203
VIR,2001,25.8003879272613
VIR,2000,21.1828308550956
VIR,1999,24.8669159498241
VIR,1998,23.0580509490694
VIR,1997,27.7554192456077
PSE,2022,0.622023007311598
PSE,2021,0.655695277576543
PSE,2020,0.355051154981407
PSE,2019,0.322725871803602
PSE,2018,0.350472648444494
PSE,2017,0.506036328137148
PSE,2016,0.410124550508889
PSE,2015,0.663487089094152
PSE,2014,0.543492845086536
PSE,2013,0.55616572858116
PSE,2012,0.569352738456195
PSE,2011,0.728879354067116
PSE,2010,0.970894209748749
PSE,2009,1.12209231453472
PSE,2008,1.22746155335782
PSE,2005,2.33316434289589
PSE,2004,2.76244882455644
PSE,2002,2.55841924605492
PSE,2001,1.72717697549722
PSE,2000,1.33257503468264
PSE,1999,1.76687000941022
PSE,1998,1.51878842534716
PSE,1997,1.57366014640984
PSE,1996,4.36868577008007
PSE,1995,1.1757785076033
YEM,2013,5.80971851623815
YEM,2012,5.68340730819006
YEM,2011,4.9849730254046
YEM,2010,4.10773754599573
YEM,2009,3.81830668627734
YEM,2004,2.92371623795113
YEM,2003,3.28107552537173
YEM,2000,3.55174790967278
YEM,1999,5.38114141156168
YEM,1998,3.33405390460404
ZMB,2015,5.20150860823759
ZMB,2014,5.19020856145348
ZMB,2013,5.63023682646344
ZMB,2012,5.93416934268648
ZMB,2011,5.9773668355394
ZMB,2010,5.82860993954142
ZMB,2009,6.01909974504443
ZMB,2008,5.32971915912698
ZMB,2000,7.95597242721496
ZMB,1999,11.0061545142944
ZMB,1998,9.19597589578639
ZMB,1994,9.68952816195481
ZMB,1993,8.89666859766172
ZMB,1992,9.39256519761077
ZMB,1991,8.5696566499408
ZMB,1990,7.06380763119835
ZWE,2022,6.75833125350771
ZWE,2021,6.2162875596387
ZWE,2020,5.02354351291954
ZWE,2019,5.1730796210621
ZWE,2018,4.88212007993374
ZWE,2012,7.09949357669519
ZWE,2010,5.32323192052437
ZWE,2006,8.48339861408806
ZWE,2005,10.8143341836738
ZWE,2004,10.9656429263193
ZWE,2003,11.118084893527
ZWE,2002,13.4269241514461
ZWE,2001,12.7715718342654
ZWE,1990,5.79050705063286
