iso3,year,life_expectancy
AFG,2024,66.289
AFG,2023,66.035
AFG,2022,65.617
AFG,2021,60.417
AFG,2020,61.454
AFG,2019,62.941
AFG,2018,62.443
AFG,2017,62.406
AFG,2016,62.646
AFG,2015,62.27
AFG,2014,62.26
AFG,2013,62.188
AFG,2012,61.735
AFG,2011,61.25
AFG,2010,60.702
AFG,2009,60.248
AFG,2008,59.708
AFG,2007,58.956
AFG,2006,58.553
AFG,2005,58.247
AFG,2004,57.81
AFG,2003,57.171
AFG,2002,56.225
AFG,2001,55.511
AFG,2000,55.005
AFG,1999,54.532
AFG,1998,52.487
AFG,1997,53.212
AFG,1996,52.83
AFG,1995,52.103
AFG,1994,50.969
AFG,1993,51.021
AFG,1992,46.569
AFG,1991,45.521
AFG,1990,45.118
AFG,1989,44.496
AFG,1988,43.238
AFG,1987,38.831
AFG,1986,38.4
AFG,1985,32.132
AFG,1984,31.473
AFG,1983,36.517
AFG,1982,36.058
AFG,1981,39.406
AFG,1980,39.258
AFG,1979,38.844
AFG,1978,40.086
AFG,1977,41.082
AFG,1976,40.518
AFG,1975,39.994
AFG,1974,39.469
AFG,1973,38.951
AFG,1972,38.423
AFG,1971,37.932
AFG,1970,37.46
AFG,1969,36.979
AFG,1968,36.51
AFG,1967,36.042
AFG,1966,35.583
AFG,1965,35.124
AFG,1964,34.673
AFG,1963,34.201
AFG,1962,33.757
AFG,1961,33.291
AFG,1960,32.799
ALB,2024,79.776
ALB,2023,79.602
ALB,2022,78.769
ALB,2021,76.844
ALB,2020,77.824
ALB,2019,79.467
ALB,2018,79.238
ALB,2017,78.9
ALB,2016,78.643
ALB,2015,78.358
ALB,2014,78.029
ALB,2013,77.995
ALB,2012,78.084
ALB,2011,78.303
ALB,2010,78.414
ALB,2009,78.509
ALB,2008,78.248
ALB,2007,77.691
ALB,2006,76.994
ALB,2005,76.427
ALB,2004,75.951
ALB,2003,75.557
ALB,2002,75.299
ALB,2001,75.083
ALB,2000,74.826
ALB,1999,74.568
ALB,1998,74.357
ALB,1997,73.383
ALB,1996,74.113
ALB,1995,74.022
ALB,1994,73.837
ALB,1993,73.638
ALB,1992,73.303
ALB,1991,73.001
ALB,1990,72.71
ALB,1989,72.457
ALB,1988,72.217
ALB,1987,71.981
ALB,1986,71.665
ALB,1985,71.282
ALB,1984,70.984
ALB,1983,70.705
ALB,1982,70.425
ALB,1981,70.145
ALB,1980,69.903
ALB,1979,69.617
ALB,1978,69.367
ALB,1977,68.992
ALB,1976,68.57
ALB,1975,68.12
ALB,1974,67.633
ALB,1973,67.107
ALB,1972,66.526
ALB,1971,65.896
ALB,1970,65.234
ALB,1969,64.538
ALB,1968,63.788
ALB,1967,62.976
ALB,1966,62.149
ALB,1965,61.273
ALB,1964,60.404
ALB,1963,59.479
ALB,1962,58.494
ALB,1961,57.488
ALB,1960,56.413
DZA,2024,76.475
DZA,2023,76.261
DZA,2022,76.129
DZA,2021,75.208
DZA,2020,73.257
DZA,2019,75.682
DZA,2018,75.555
DZA,2017,75.431
DZA,2016,75.31
DZA,2015,75.159
DZA,2014,74.992
DZA,2013,74.809
DZA,2012,74.609
DZA,2011,74.383
DZA,2010,74.144
DZA,2009,73.871
DZA,2008,73.618
DZA,2007,73.346
DZA,2006,73.116
DZA,2005,72.836
DZA,2004,72.536
DZA,2003,71.906
DZA,2002,71.644
DZA,2001,71.025
DZA,2000,70.576
DZA,1999,70.088
DZA,1998,69.327
DZA,1997,68.859
DZA,1996,68.219
DZA,1995,67.691
DZA,1994,67.284
DZA,1993,67.797
DZA,1992,67.725
DZA,1991,67.692
DZA,1990,67.658
DZA,1989,67.461
DZA,1988,66.91
DZA,1987,66.13
DZA,1986,65.273
DZA,1985,64.155
DZA,1984,62.722
DZA,1983,61.251
DZA,1982,59.594
DZA,1981,57.422
DZA,1980,54.512
DZA,1979,52.409
DZA,1978,50.615
DZA,1977,49.249
DZA,1976,48.034
DZA,1975,46.921
DZA,1974,45.953
DZA,1973,45.102
DZA,1972,44.384
DZA,1971,43.782
DZA,1970,43.328
DZA,1969,42.991
DZA,1968,42.806
DZA,1967,42.731
DZA,1966,42.745
DZA,1965,42.846
DZA,1964,42.987
DZA,1963,43.143
DZA,1962,39.527
DZA,1961,40.792
DZA,1960,40.839
ASM,2024,72.992
ASM,2023,72.852
ASM,2022,72.752
ASM,2021,72.708
ASM,2020,72.672
ASM,2019,72.751
ASM,2018,72.794
ASM,2017,72.801
ASM,2016,72.64
ASM,2015,72.654
ASM,2014,72.687
ASM,2013,72.769
ASM,2012,72.709
ASM,2011,72.662
ASM,2010,72.587
ASM,2009,70.839
ASM,2008,72.43
ASM,2007,72.365
ASM,2006,72.397
ASM,2005,72.382
ASM,2004,72.277
ASM,2003,71.698
ASM,2002,71.755
ASM,2001,71.573
ASM,2000,71.443
ASM,1999,71.484
ASM,1998,71.542
ASM,1997,71.606
ASM,1996,71.576
ASM,1995,71.565
ASM,1994,71.569
ASM,1993,71.54
ASM,1992,71.511
ASM,1991,71.312
ASM,1990,71.107
ASM,1989,70.929
ASM,1988,70.883
ASM,1987,70.828
ASM,1986,70.704
ASM,1985,70.532
ASM,1984,70.326
ASM,1983,70.163
ASM,1982,69.975
ASM,1981,69.731
ASM,1980,69.413
ASM,1979,69.114
ASM,1978,68.881
ASM,1977,68.701
ASM,1976,68.475
ASM,1975,68.256
ASM,1974,67.95
ASM,1973,67.604
ASM,1972,67.186
ASM,1971,66.77
ASM,1970,66.364
ASM,1969,66.05
ASM,1968,65.847
ASM,1967,65.807
ASM,1966,58.284
ASM,1965,65.996
ASM,1964,66.135
ASM,1963,66.161
ASM,1962,66.008
ASM,1961,65.648
ASM,1960,65.053
AND,2024,84.188
AND,2023,84.041
AND,2022,84.016
AND,2021,82.331
AND,2020,79.418
AND,2019,84.098
AND,2018,84.242
AND,2017,84.359
AND,2016,84.489
AND,2015,84.532
AND,2014,84.485
AND,2013,84.406
AND,2012,84.334
AND,2011,84.296
AND,2010,84.197
AND,2009,84.1
AND,2008,83.855
AND,2007,83.632
AND,2006,83.374
AND,2005,83.086
AND,2004,82.815
AND,2003,82.718
AND,2002,82.448
AND,2001,82.162
AND,2000,81.863
AND,1999,81.55
AND,1998,81.28
AND,1997,81.145
AND,1996,81.009
AND,1995,80.804
AND,1994,80.587
AND,1993,80.186
AND,1992,79.794
AND,1991,79.346
AND,1990,78.961
AND,1989,78.557
AND,1988,78.364
AND,1987,78.189
AND,1986,78.107
AND,1985,78.006
AND,1984,77.916
AND,1983,77.787
AND,1982,77.617
AND,1981,77.391
AND,1980,77.137
AND,1979,76.819
AND,1978,76.488
AND,1977,76.154
AND,1976,75.869
AND,1975,75.567
AND,1974,75.34
AND,1973,75.096
AND,1972,74.864
AND,1971,74.615
AND,1970,74.452
AND,1969,74.296
AND,1968,74.22
AND,1967,74.119
AND,1966,74.02
AND,1965,73.856
AND,1964,73.624
AND,1963,73.298
AND,1962,72.993
AND,1961,72.573
AND,1960,72.094
AGO,2024,64.805
AGO,2023,64.617
AGO,2022,64.246
AGO,2021,62.958
AGO,2020,63.116
AGO,2019,63.051
AGO,2018,62.622
AGO,2017,62.122
AGO,2016,61.619
AGO,2015,61.042
AGO,2014,60.396
AGO,2013,59.705
AGO,2012,58.916
AGO,2011,58.093
AGO,2010,57.242
AGO,2009,56.225
AGO,2008,55.281
AGO,2007,54.2
AGO,2006,52.965
AGO,2005,52.13
AGO,2004,51.123
AGO,2003,50.218
AGO,2002,47.874
AGO,2001,47.032
AGO,2000,46.501
AGO,1999,45.808
AGO,1998,45.452
AGO,1997,46.688
AGO,1996,46.418
AGO,1995,46.139
AGO,1994,43.567
AGO,1993,42.19
AGO,1992,42.267
AGO,1991,43.812
AGO,1990,41.854
AGO,1989,41.698
AGO,1988,41.471
AGO,1987,40.786
AGO,1986,42.739
AGO,1985,42.495
AGO,1984,42.245
AGO,1983,41.972
AGO,1982,42.857
AGO,1981,42.556
AGO,1980,42.242
AGO,1979,41.913
AGO,1978,41.573
AGO,1977,41.215
AGO,1976,40.812
AGO,1975,40.817
AGO,1974,41.26
AGO,1973,40.871
AGO,1972,40.469
AGO,1971,40.076
AGO,1970,39.688
AGO,1969,39.329
AGO,1968,38.968
AGO,1967,38.616
AGO,1966,38.258
AGO,1965,37.968
AGO,1964,37.704
AGO,1963,37.419
AGO,1962,37.168
AGO,1961,36.902
AGO,1960,37.933
ATG,2024,77.766
ATG,2023,77.598
ATG,2022,77.483
ATG,2021,77.197
ATG,2020,77.161
ATG,2019,77.168
ATG,2018,77.132
ATG,2017,77.03
ATG,2016,76.968
ATG,2015,76.892
ATG,2014,76.912
ATG,2013,77.05
ATG,2012,77.1
ATG,2011,77.023
ATG,2010,76.701
ATG,2009,76.386
ATG,2008,76.075
ATG,2007,75.72
ATG,2006,75.506
ATG,2005,75.364
ATG,2004,75.329
ATG,2003,75.313
ATG,2002,75.237
ATG,2001,75.108
ATG,2000,74.819
ATG,1999,74.456
ATG,1998,74.187
ATG,1997,74.045
ATG,1996,73.839
ATG,1995,73.576
ATG,1994,73.493
ATG,1993,73.39
ATG,1992,73.386
ATG,1991,73.472
ATG,1990,73.602
ATG,1989,73.628
ATG,1988,73.811
ATG,1987,73.873
ATG,1986,73.893
ATG,1985,73.873
ATG,1984,73.808
ATG,1983,73.684
ATG,1982,73.525
ATG,1981,73.32
ATG,1980,73.094
ATG,1979,72.823
ATG,1978,72.5
ATG,1977,72.149
ATG,1976,71.794
ATG,1975,71.447
ATG,1974,71.095
ATG,1973,70.71
ATG,1972,70.304
ATG,1971,69.861
ATG,1970,69.371
ATG,1969,68.827
ATG,1968,68.23
ATG,1967,67.586
ATG,1966,66.902
ATG,1965,66.171
ATG,1964,65.428
ATG,1963,64.697
ATG,1962,63.995
ATG,1961,63.335
ATG,1960,62.635
ARG,2024,77.543
ARG,2023,77.395
ARG,2022,75.806
ARG,2021,73.948
ARG,2020,75.878
ARG,2019,76.847
ARG,2018,76.77
ARG,2017,76.543
ARG,2016,76.105
ARG,2015,76.6
ARG,2014,76.268
ARG,2013,75.829
ARG,2012,75.802
ARG,2011,76.1
ARG,2010,75.68
ARG,2009,75.577
ARG,2008,75.428
ARG,2007,74.783
ARG,2006,75.279
ARG,2005,75.231
ARG,2004,74.871
ARG,2003,74.307
ARG,2002,74.312
ARG,2001,74.154
ARG,2000,73.91
ARG,1999,73.683
ARG,1998,73.412
ARG,1997,73.407
ARG,1996,73.056
ARG,1995,72.864
ARG,1994,72.732
ARG,1993,72.303
ARG,1992,72.096
ARG,1991,72.02
ARG,1990,71.615
ARG,1989,71.502
ARG,1988,71.097
ARG,1987,70.699
ARG,1986,70.281
ARG,1985,69.879
ARG,1984,69.353
ARG,1983,69.29
ARG,1982,68.973
ARG,1981,68.858
ARG,1980,68.576
ARG,1979,68.434
ARG,1978,67.999
ARG,1977,67.595
ARG,1976,67.03
ARG,1975,66.965
ARG,1974,66.405
ARG,1973,66.186
ARG,1972,65.953
ARG,1971,65.619
ARG,1970,65.647
ARG,1969,65.085
ARG,1968,65.234
ARG,1967,65.467
ARG,1966,65.398
ARG,1965,65.053
ARG,1964,64.816
ARG,1963,64.855
ARG,1962,64.618
ARG,1961,64.631
ARG,1960,64.242
ARM,2024,78.319512195122
ARM,2023,77.4658536585366
ARM,2022,74.7658536585366
ARM,2021,72.2780487804878
ARM,2020,73.3756097560976
ARM,2019,76.2219512195122
ARM,2018,75.619512195122
ARM,2017,75.2170731707317
ARM,2016,74.8682926829268
ARM,2015,74.8707317073171
ARM,2014,74.8731707317073
ARM,2013,74.6219512195122
ARM,2012,74.119512195122
ARM,2011,73.8170731707317
ARM,2010,73.1731707317073
ARM,2009,73.0731707317073
ARM,2008,73.0731707317073
ARM,2007,72.8731707317073
ARM,2006,72.8243902439025
ARM,2005,73.0756097560976
ARM,2004,73.0268292682927
ARM,2003,72.8268292682927
ARM,2002,72.8268292682927
ARM,2001,72.9756097560976
ARM,2000,72.8804878048781
ARM,1999,70.1989512195122
ARM,1998,69.7993414634146
ARM,1997,69.3938292682927
ARM,1996,69.0061219512195
ARM,1995,68.628487804878
ARM,1994,68.2718048780488
ARM,1993,67.9731951219512
ARM,1992,67.7185365853659
ARM,1991,67.6270487804878
ARM,1990,67.5493658536585
ARM,1989,67.5185609756098
ARM,1988,52.6001219512195
ARM,1987,67.3590731707317
ARM,1986,67.178
ARM,1985,66.9152682926829
ARM,1984,66.5913658536585
ARM,1983,66.229243902439
ARM,1982,65.8509268292683
ARM,1981,65.4824878048781
ARM,1980,65.1385609756098
ARM,1979,64.8208292682927
ARM,1978,64.5261951219512
ARM,1977,64.2539512195122
ARM,1976,64.0014878048781
ARM,1975,63.7678780487805
ARM,1974,63.546756097561
ARM,1973,63.3309268292683
ARM,1972,63.1144878048781
ARM,1971,62.8889024390244
ARM,1970,62.6447073170732
ARM,1969,62.3799512195122
ARM,1968,62.0936341463415
ARM,1967,61.784756097561
ARM,1966,61.4538292682927
ARM,1965,61.0993414634146
ARM,1964,60.7238292682927
ARM,1963,60.3282682926829
ARM,1962,59.9166829268293
ARM,1961,59.4940975609756
ARM,1960,59.063
ABW,2024,76.5
ABW,2023,76.353
ABW,2022,76.226
ABW,2021,73.655
ABW,2020,75.406
ABW,2019,76.019
ABW,2018,75.88
ABW,2017,75.62
ABW,2016,75.54
ABW,2015,75.405
ABW,2014,75.261
ABW,2013,75.072
ABW,2012,74.841
ABW,2011,74.578
ABW,2010,74.297
ABW,2009,73.974
ABW,2008,73.783
ABW,2007,73.642
ABW,2006,73.498
ABW,2005,73.415
ABW,2004,73.223
ABW,2003,73.236
ABW,2002,73.135
ABW,2001,73.044
ABW,2000,72.939
ABW,1999,72.857
ABW,1998,72.94
ABW,1997,72.904
ABW,1996,72.856
ABW,1995,72.832
ABW,1994,72.796
ABW,1993,72.777
ABW,1992,72.717
ABW,1991,72.592
ABW,1990,72.546
ABW,1989,72.531
ABW,1988,72.519
ABW,1987,72.448
ABW,1986,71.831
ABW,1985,71.792
ABW,1984,71.711
ABW,1983,71.606
ABW,1982,71.485
ABW,1981,71.344
ABW,1980,70.771
ABW,1979,70.507
ABW,1978,70.271
ABW,1977,70.054
ABW,1976,69.808
ABW,1975,69.564
ABW,1974,69.278
ABW,1973,68.862
ABW,1972,68.335
ABW,1971,67.783
ABW,1970,67.44
ABW,1969,67.098
ABW,1968,66.744
ABW,1967,66.385
ABW,1966,66.126
ABW,1965,65.615
ABW,1964,65.303
ABW,1963,64.944
ABW,1962,64.602
ABW,1961,64.215
ABW,1960,64.049
AUS,2024,83.0512195121951
AUS,2023,83.0512195121951
AUS,2022,83.2
AUS,2021,83.3
AUS,2020,83.2
AUS,2019,82.9
AUS,2018,82.7487804878049
AUS,2017,82.5
AUS,2016,82.4487804878049
AUS,2015,82.4
AUS,2014,82.3
AUS,2013,82.1487804878049
AUS,2012,82.0463414634146
AUS,2011,81.8951219512195
AUS,2010,81.6951219512195
AUS,2009,81.5439024390244
AUS,2008,81.3951219512195
AUS,2007,81.2926829268293
AUS,2006,81.0414634146342
AUS,2005,80.8414634146341
AUS,2004,80.490243902439
AUS,2003,80.2390243902439
AUS,2002,79.9365853658537
AUS,2001,79.6341463414634
AUS,2000,79.2341463414634
AUS,1999,78.9317073170732
AUS,1998,78.6317073170732
AUS,1997,78.4804878048781
AUS,1996,78.0780487804878
AUS,1995,77.8292682926829
AUS,1994,77.8780487804878
AUS,1993,77.8780487804878
AUS,1992,77.3780487804878
AUS,1991,77.2756097560976
AUS,1990,76.9946341463415
AUS,1989,76.7136585365854
AUS,1988,76.4326829268293
AUS,1987,76.1517073170732
AUS,1986,75.8707317073171
AUS,1985,75.6292682926829
AUS,1984,75.3878048780488
AUS,1983,75.1463414634146
AUS,1982,74.9048780487805
AUS,1981,74.6634146341463
AUS,1980,74.3336585365854
AUS,1979,74.0039024390244
AUS,1978,73.6741463414634
AUS,1977,73.3443902439024
AUS,1976,73.0146341463415
AUS,1975,72.6253658536586
AUS,1974,72.2360975609756
AUS,1973,71.8468292682927
AUS,1972,71.4575609756098
AUS,1971,71.0682926829268
AUS,1970,71.0185365853659
AUS,1969,70.9687804878049
AUS,1968,70.9190243902439
AUS,1967,70.8692682926829
AUS,1966,70.819512195122
AUS,1965,70.850243902439
AUS,1964,70.8809756097561
AUS,1963,70.9117073170732
AUS,1962,70.9424390243903
AUS,1961,70.9731707317073
AUS,1960,70.8170731707317
AUT,2024,81.9951219512195
AUT,2023,81.7926829268293
AUT,2022,81.2951219512195
AUT,2021,81.190243902439
AUT,2020,81.1926829268293
AUT,2019,81.8951219512195
AUT,2018,81.6926829268293
AUT,2017,81.6439024390244
AUT,2016,81.6414634146342
AUT,2015,81.190243902439
AUT,2014,81.490243902439
AUT,2013,81.1365853658537
AUT,2012,80.9365853658537
AUT,2011,80.9829268292683
AUT,2010,80.5804878048781
AUT,2009,80.3317073170732
AUT,2008,80.4317073170732
AUT,2007,80.1804878048781
AUT,2006,79.8804878048781
AUT,2005,79.3317073170732
AUT,2004,79.1804878048781
AUT,2003,78.6317073170732
AUT,2002,78.6780487804878
AUT,2001,78.5756097560976
AUT,2000,78.1268292682927
AUT,1999,77.8756097560976
AUT,1998,77.6707317073171
AUT,1997,77.319512195122
AUT,1996,76.8707317073171
AUT,1995,76.6682926829268
AUT,1994,76.419512195122
AUT,1993,76.0682926829268
AUT,1992,75.8170731707317
AUT,1991,75.6170731707317
AUT,1990,75.5682926829269
AUT,1989,75.2658536585366
AUT,1988,75.2170731707317
AUT,1987,74.7682926829268
AUT,1986,74.3170731707317
AUT,1985,73.8146341463415
AUT,1984,73.6121951219512
AUT,1983,73.0121951219512
AUT,1982,72.9609756097561
AUT,1981,72.8121951219512
AUT,1980,72.4634146341463
AUT,1979,72.3121951219512
AUT,1978,72.0121951219512
AUT,1977,71.9146341463415
AUT,1976,71.5658536585366
AUT,1975,71.1146341463415
AUT,1974,71.0121951219512
AUT,1973,71.0146341463415
AUT,1972,70.4634146341463
AUT,1971,70.1146341463415
AUT,1970,69.9146341463415
AUT,1969,69.8331707317073
AUT,1968,70.0575609756098
AUT,1967,69.9178048780488
AUT,1966,70.0458536585366
AUT,1965,69.7221951219512
AUT,1964,69.9219512195122
AUT,1963,69.4436585365854
AUT,1962,69.309512195122
AUT,1961,69.5773170731707
AUT,1960,68.5856097560976
AZE,2024,74.576
AZE,2023,74.429
AZE,2022,74.125
AZE,2021,70.999
AZE,2020,70.312
AZE,2019,73.29
AZE,2018,73.016
AZE,2017,72.694
AZE,2016,72.568
AZE,2015,72.349
AZE,2014,71.93
AZE,2013,71.485
AZE,2012,71.08
AZE,2011,70.565
AZE,2010,70.309
AZE,2009,69.874
AZE,2008,69.355
AZE,2007,68.659
AZE,2006,68.489
AZE,2005,67.71
AZE,2004,67.488
AZE,2003,67.036
AZE,2002,66.769
AZE,2001,66.043
AZE,2000,65.377
AZE,1999,64.733
AZE,1998,63.75
AZE,1997,62.953
AZE,1996,62.66
AZE,1995,61.931
AZE,1994,60.277
AZE,1993,61.426
AZE,1992,60.773
AZE,1991,62.544
AZE,1990,62.75
AZE,1989,62.945
AZE,1988,62.672
AZE,1987,62.824
AZE,1986,62.603
AZE,1985,62.674
AZE,1984,62.084
AZE,1983,62.479
AZE,1982,62.23
AZE,1981,61.908
AZE,1980,61.433
AZE,1979,60.931
AZE,1978,60.494
AZE,1977,59.972
AZE,1976,59.477
AZE,1975,58.687
AZE,1974,58.332
AZE,1973,57.926
AZE,1972,57.503
AZE,1971,57.043
AZE,1970,56.586
AZE,1969,56.08
AZE,1968,55.563
AZE,1967,55.032
AZE,1966,54.485
AZE,1965,53.884
AZE,1964,53.292
AZE,1963,52.696
AZE,1962,52.053
AZE,1961,51.435
AZE,1960,50.862
BHS,2024,74.71
BHS,2023,74.552
BHS,2022,74.491
BHS,2021,70.752
BHS,2020,72.994
BHS,2019,71.408
BHS,2018,74.062
BHS,2017,74.031
BHS,2016,74.042
BHS,2015,73.805
BHS,2014,74.029
BHS,2013,73.93
BHS,2012,73.707
BHS,2011,73.571
BHS,2010,73.449
BHS,2009,73.455
BHS,2008,73.445
BHS,2007,73.463
BHS,2006,73.456
BHS,2005,73.413
BHS,2004,73.235
BHS,2003,73.213
BHS,2002,73.023
BHS,2001,72.765
BHS,2000,72.481
BHS,1999,72.147
BHS,1998,71.84
BHS,1997,71.597
BHS,1996,71.464
BHS,1995,71.422
BHS,1994,71.429
BHS,1993,71.42
BHS,1992,71.298
BHS,1991,71.183
BHS,1990,70.945
BHS,1989,70.719
BHS,1988,70.508
BHS,1987,70.383
BHS,1986,70.316
BHS,1985,70.289
BHS,1984,70.192
BHS,1983,70.003
BHS,1982,69.682
BHS,1981,69.368
BHS,1980,69.091
BHS,1979,68.96
BHS,1978,68.873
BHS,1977,68.762
BHS,1976,68.529
BHS,1975,68.14
BHS,1974,67.585
BHS,1973,67.147
BHS,1972,66.781
BHS,1971,66.526
BHS,1970,66.163
BHS,1969,65.773
BHS,1968,65.399
BHS,1967,65.03
BHS,1966,64.589
BHS,1965,64.272
BHS,1964,63.897
BHS,1963,63.532
BHS,1962,63.187
BHS,1961,62.813
BHS,1960,62.454
BHR,2024,81.423
BHR,2023,81.284
BHR,2022,80.992
BHR,2021,78.083
BHR,2020,78.683
BHR,2019,80.471
BHR,2018,80.412
BHR,2017,80.407
BHR,2016,80.407
BHR,2015,80.338
BHR,2014,80.214
BHR,2013,79.998
BHR,2012,79.622
BHR,2011,79.141
BHR,2010,78.593
BHR,2009,78.016
BHR,2008,77.457
BHR,2007,76.952
BHR,2006,76.51
BHR,2005,76.125
BHR,2004,75.787
BHR,2003,75.486
BHR,2002,75.209
BHR,2001,74.942
BHR,2000,74.673
BHR,1999,74.405
BHR,1998,74.138
BHR,1997,73.872
BHR,1996,73.61
BHR,1995,73.361
BHR,1994,73.134
BHR,1993,72.939
BHR,1992,72.785
BHR,1991,72.668
BHR,1990,72.587
BHR,1989,72.524
BHR,1988,72.46
BHR,1987,72.377
BHR,1986,72.257
BHR,1985,72.092
BHR,1984,71.884
BHR,1983,71.637
BHR,1982,71.354
BHR,1981,71.037
BHR,1980,70.684
BHR,1979,70.296
BHR,1978,69.85
BHR,1977,69.383
BHR,1976,68.858
BHR,1975,68.276
BHR,1974,67.633
BHR,1973,66.922
BHR,1972,66.095
BHR,1971,65.279
BHR,1970,64.359
BHR,1969,63.35
BHR,1968,62.253
BHR,1967,61.036
BHR,1966,59.745
BHR,1965,58.379
BHR,1964,56.946
BHR,1963,55.449
BHR,1962,53.893
BHR,1961,52.278
BHR,1960,50.634
BGD,2024,74.93
BGD,2023,74.672
BGD,2022,74.265
BGD,2021,71.103
BGD,2020,71.421
BGD,2019,72.625
BGD,2018,72.122
BGD,2017,71.606
BGD,2016,71.075
BGD,2015,70.543
BGD,2014,70.016
BGD,2013,69.487
BGD,2012,68.989
BGD,2011,68.499
BGD,2010,68.009
BGD,2009,67.527
BGD,2008,67.047
BGD,2007,66.458
BGD,2006,66.048
BGD,2005,65.509
BGD,2004,64.912
BGD,2003,64.288
BGD,2002,63.591
BGD,2001,62.836
BGD,2000,62.049
BGD,1999,61.244
BGD,1998,60.429
BGD,1997,59.671
BGD,1996,58.94
BGD,1995,58.244
BGD,1994,57.64
BGD,1993,57.073
BGD,1992,56.592
BGD,1991,53.781
BGD,1990,55.822
BGD,1989,55.514
BGD,1988,55.174
BGD,1987,54.899
BGD,1986,54.592
BGD,1985,53.937
BGD,1984,53.826
BGD,1983,53.441
BGD,1982,53.012
BGD,1981,52.638
BGD,1980,52.278
BGD,1979,51.959
BGD,1978,51.596
BGD,1977,51.265
BGD,1976,50.951
BGD,1975,50.627
BGD,1974,49.589
BGD,1973,49.914
BGD,1972,49.647
BGD,1971,26.522
BGD,1970,42.667
BGD,1969,48.686
BGD,1968,48.4
BGD,1967,48.066
BGD,1966,47.644
BGD,1965,46.046
BGD,1964,46.752
BGD,1963,45.722
BGD,1962,45.765
BGD,1961,44.887
BGD,1960,43.98
BRB,2024,76.332
BRB,2023,76.178
BRB,2022,75.676
BRB,2021,76.58
BRB,2020,76.647
BRB,2019,76.495
BRB,2018,76.378
BRB,2017,76.237
BRB,2016,76.168
BRB,2015,76.055
BRB,2014,75.926
BRB,2013,75.816
BRB,2012,75.737
BRB,2011,75.599
BRB,2010,75.488
BRB,2009,75.458
BRB,2008,75.3
BRB,2007,75.263
BRB,2006,75.049
BRB,2005,74.96
BRB,2004,75.15
BRB,2003,74.865
BRB,2002,74.82
BRB,2001,74.707
BRB,2000,74.58
BRB,1999,74.587
BRB,1998,74.465
BRB,1997,73.988
BRB,1996,74.065
BRB,1995,73.88
BRB,1994,73.755
BRB,1993,73.739
BRB,1992,73.61
BRB,1991,73.543
BRB,1990,73.463
BRB,1989,73.375
BRB,1988,73.431
BRB,1987,73.463
BRB,1986,73.416
BRB,1985,73.316
BRB,1984,73.302
BRB,1983,73.156
BRB,1982,72.903
BRB,1981,72.63
BRB,1980,72.129
BRB,1979,71.549
BRB,1978,71.143
BRB,1977,70.64
BRB,1976,70.114
BRB,1975,69.79
BRB,1974,69.379
BRB,1973,69.108
BRB,1972,69.132
BRB,1971,68.787
BRB,1970,68.518
BRB,1969,68.504
BRB,1968,68.2
BRB,1967,67.92
BRB,1966,67.71
BRB,1965,67.236
BRB,1964,66.678
BRB,1963,66.204
BRB,1962,65.715
BRB,1961,65.033
BRB,1960,64.149
BLR,2024,74.3653414634147
BLR,2023,74.1837804878049
BLR,2022,74.1033658536585
BLR,2021,72.0714634146342
BLR,2020,72.1385609756098
BLR,2019,74.2268292682927
BLR,2018,74.1756097560976
BLR,2017,74.1292682926829
BLR,2016,73.8268292682927
BLR,2015,73.6243902439025
BLR,2014,72.9707317073171
BLR,2013,72.4707317073171
BLR,2012,71.9658536585366
BLR,2011,70.5536585365854
BLR,2010,70.4048780487805
BLR,2009,70.4073170731707
BLR,2008,70.4560975609756
BLR,2007,70.2073170731707
BLR,2006,69.4048780487805
BLR,2005,68.8512195121951
BLR,2004,68.9560975609756
BLR,2003,68.5536585365854
BLR,2002,68.0560975609756
BLR,2001,68.5073170731707
BLR,2000,68.9121951219512
BLR,1999,67.9073170731707
BLR,1998,68.4073170731707
BLR,1997,68.4609756097561
BLR,1996,68.5121951219512
BLR,1995,68.4609756097561
BLR,1994,68.7682926829268
BLR,1993,68.9707317073171
BLR,1992,70.0219512195122
BLR,1991,70.3780487804878
BLR,1990,70.8365853658537
BLR,1989,71.4829268292683
BLR,1988,71.3414634146341
BLR,1987,70.990243902439
BLR,1986,71.549512195122
BLR,1985,70.9926829268293
BLR,1984,69.5631951219512
BLR,1983,69.7948536585366
BLR,1982,70.0769024390244
BLR,1981,69.907512195122
BLR,1980,69.9277073170732
BLR,1979,69.9336341463415
BLR,1978,70.0817317073171
BLR,1977,70.2890243902439
BLR,1976,70.3968292682927
BLR,1975,70.4570975609756
BLR,1974,70.8546829268293
BLR,1973,71.0006585365854
BLR,1972,70.8493170731708
BLR,1971,71.0117073170732
BLR,1970,70.7444878048781
BLR,1969,70.9780243902439
BLR,1968,70.8127804878049
BLR,1967,70.9297804878049
BLR,1966,70.7689268292683
BLR,1965,70.5974878048781
BLR,1964,70.619243902439
BLR,1963,69.7097804878049
BLR,1962,69.4623170731708
BLR,1961,69.7383902439024
BLR,1960,69.2546097560976
BEL,2024,82.3
BEL,2023,82.4
BEL,2022,81.7487804878049
BEL,2021,81.790243902439
BEL,2020,80.6951219512195
BEL,2019,81.9951219512195
BEL,2018,81.5951219512195
BEL,2017,81.4926829268293
BEL,2016,81.4390243902439
BEL,2015,80.9926829268293
BEL,2014,81.2878048780488
BEL,2013,80.5878048780488
BEL,2012,80.3853658536585
BEL,2011,80.5853658536585
BEL,2010,80.1829268292683
BEL,2009,80.0341463414634
BEL,2008,79.6804878048781
BEL,2007,79.7829268292683
BEL,2006,79.380487804878
BEL,2005,78.9804878048781
BEL,2004,78.8780487804878
BEL,2003,78.1292682926829
BEL,2002,78.0756097560976
BEL,2001,77.9731707317073
BEL,2000,77.7219512195122
BEL,1999,77.619512195122
BEL,1998,77.4731707317073
BEL,1997,77.3707317073171
BEL,1996,77.1873170731707
BEL,1995,76.8407317073171
BEL,1994,76.6917073170732
BEL,1993,76.3453658536585
BEL,1992,76.3512195121951
BEL,1991,76.1921951219512
BEL,1990,76.0519512195122
BEL,1989,75.6326829268293
BEL,1988,75.5658536585366
BEL,1987,75.3658536585366
BEL,1986,74.7317073170732
BEL,1985,74.520243902439
BEL,1984,74.4048780487805
BEL,1983,73.8690243902439
BEL,1982,73.8880487804878
BEL,1981,73.6217073170732
BEL,1980,73.2070731707317
BEL,1979,73.1936585365854
BEL,1978,72.6980487804878
BEL,1977,72.7739024390244
BEL,1976,72.119756097561
BEL,1975,71.9712195121951
BEL,1974,71.9858536585366
BEL,1973,71.6353658536586
BEL,1972,71.4051219512195
BEL,1971,71.0604878048781
BEL,1970,70.9719512195122
BEL,1969,70.7648780487805
BEL,1968,70.6931707317073
BEL,1967,71.0129268292683
BEL,1966,70.7063414634146
BEL,1965,70.6253658536586
BEL,1964,70.7551219512195
BEL,1963,70.0514634146342
BEL,1962,70.219512195122
BEL,1961,70.5209756097561
BEL,1960,69.7019512195122
BLZ,2024,73.739
BLZ,2023,73.566
BLZ,2022,72.19
BLZ,2021,70.917
BLZ,2020,71.58
BLZ,2019,72.577
BLZ,2018,72.322
BLZ,2017,72.062
BLZ,2016,71.843
BLZ,2015,71.647
BLZ,2014,71.437
BLZ,2013,71.276
BLZ,2012,71.134
BLZ,2011,70.975
BLZ,2010,70.875
BLZ,2009,70.806
BLZ,2008,70.665
BLZ,2007,70.652
BLZ,2006,70.535
BLZ,2005,70.335
BLZ,2004,70.152
BLZ,2003,69.819
BLZ,2002,69.528
BLZ,2001,68.944
BLZ,2000,68.911
BLZ,1999,68.976
BLZ,1998,68.906
BLZ,1997,69.183
BLZ,1996,69.363
BLZ,1995,69.484
BLZ,1994,69.585
BLZ,1993,69.595
BLZ,1992,69.601
BLZ,1991,69.645
BLZ,1990,69.569
BLZ,1989,69.534
BLZ,1988,69.401
BLZ,1987,69.108
BLZ,1986,68.743
BLZ,1985,68.347
BLZ,1984,67.952
BLZ,1983,67.601
BLZ,1982,67.339
BLZ,1981,67.095
BLZ,1980,66.884
BLZ,1979,66.677
BLZ,1978,66.338
BLZ,1977,66.135
BLZ,1976,65.765
BLZ,1975,65.377
BLZ,1974,64.936
BLZ,1973,64.487
BLZ,1972,64.025
BLZ,1971,63.546
BLZ,1970,63.044
BLZ,1969,62.497
BLZ,1968,61.961
BLZ,1967,61.437
BLZ,1966,60.86
BLZ,1965,60.356
BLZ,1964,59.84
BLZ,1963,59.316
BLZ,1962,58.741
BLZ,1961,52.944
BLZ,1960,57.389
BEN,2024,60.961
BEN,2023,60.774
BEN,2022,60.475
BEN,2021,59.61
BEN,2020,60.154
BEN,2019,59.888
BEN,2018,59.71
BEN,2017,59.528
BEN,2016,59.283
BEN,2015,59.123
BEN,2014,59.008
BEN,2013,58.863
BEN,2012,58.559
BEN,2011,58.462
BEN,2010,58.387
BEN,2009,58.258
BEN,2008,58.099
BEN,2007,58.249
BEN,2006,57.966
BEN,2005,57.738
BEN,2004,57.346
BEN,2003,57.092
BEN,2002,56.851
BEN,2001,56.654
BEN,2000,56.594
BEN,1999,56.336
BEN,1998,56.154
BEN,1997,55.986
BEN,1996,55.648
BEN,1995,55.366
BEN,1994,54.988
BEN,1993,54.612
BEN,1992,54.137
BEN,1991,53.441
BEN,1990,53.02
BEN,1989,52.45
BEN,1988,52.019
BEN,1987,51.258
BEN,1986,50.632
BEN,1985,49.959
BEN,1984,49.399
BEN,1983,48.845
BEN,1982,48.493
BEN,1981,48.122
BEN,1980,47.747
BEN,1979,47.362
BEN,1978,46.941
BEN,1977,46.504
BEN,1976,45.952
BEN,1975,45.405
BEN,1974,44.876
BEN,1973,44.435
BEN,1972,43.928
BEN,1971,43.391
BEN,1970,43.029
BEN,1969,42.591
BEN,1968,42.182
BEN,1967,41.759
BEN,1966,41.274
BEN,1965,40.971
BEN,1964,40.502
BEN,1963,40.081
BEN,1962,39.643
BEN,1961,39.233
BEN,1960,38.775
BMU,2024,82.49
BMU,2023,82.309
BMU,2022,82.062
BMU,2021,81.745
BMU,2020,81.456
BMU,2019,81.251
BMU,2018,80.986
BMU,2017,80.686
BMU,2016,80.476
BMU,2015,80.338
BMU,2014,80.199
BMU,2013,80.016
BMU,2012,79.847
BMU,2011,79.651
BMU,2010,79.414
BMU,2009,79.229
BMU,2008,79.101
BMU,2007,79.006
BMU,2006,78.87
BMU,2005,78.874
BMU,2004,78.898
BMU,2003,78.715
BMU,2002,78.841
BMU,2001,78.637
BMU,2000,78.251
BMU,1999,77.854
BMU,1998,77.389
BMU,1997,76.972
BMU,1996,76.52
BMU,1995,75.92
BMU,1994,75.276
BMU,1993,74.766
BMU,1992,74.446
BMU,1991,74.204
BMU,1990,73.952
BMU,1989,73.733
BMU,1988,73.555
BMU,1987,73.454
BMU,1986,73.368
BMU,1985,73.373
BMU,1984,73.365
BMU,1983,73.24
BMU,1982,73.041
BMU,1981,72.892
BMU,1980,72.666
BMU,1979,72.402
BMU,1978,71.968
BMU,1977,71.616
BMU,1976,71.331
BMU,1975,71.171
BMU,1974,70.864
BMU,1973,70.374
BMU,1972,69.643
BMU,1971,68.98
BMU,1970,68.404
BMU,1969,68.088
BMU,1968,67.898
BMU,1967,67.792
BMU,1966,67.718
BMU,1965,67.582
BMU,1964,67.5
BMU,1963,67.689
BMU,1962,67.884
BMU,1961,67.528
BMU,1960,66.482
BTN,2024,73.262
BTN,2023,72.975
BTN,2022,72.754
BTN,2021,72.448
BTN,2020,72.253
BTN,2019,72.005
BTN,2018,71.711
BTN,2017,71.413
BTN,2016,71.119
BTN,2015,70.797
BTN,2014,70.504
BTN,2013,70.161
BTN,2012,69.759
BTN,2011,69.28
BTN,2010,68.765
BTN,2009,68.156
BTN,2008,67.733
BTN,2007,67.152
BTN,2006,66.499
BTN,2005,65.875
BTN,2004,65.29
BTN,2003,64.662
BTN,2002,63.984
BTN,2001,63.323
BTN,2000,61.842
BTN,1999,62.032
BTN,1998,61.322
BTN,1997,60.639
BTN,1996,59.982
BTN,1995,59.277
BTN,1994,58.395
BTN,1993,57.906
BTN,1992,57.208
BTN,1991,56.451
BTN,1990,55.811
BTN,1989,55.12
BTN,1988,54.385
BTN,1987,53.62
BTN,1986,52.826
BTN,1985,52.033
BTN,1984,51.313
BTN,1983,50.553
BTN,1982,49.776
BTN,1981,48.975
BTN,1980,48.198
BTN,1979,47.446
BTN,1978,46.691
BTN,1977,45.95
BTN,1976,45.23
BTN,1975,44.513
BTN,1974,43.8
BTN,1973,43.136
BTN,1972,42.487
BTN,1971,41.83
BTN,1970,41.185
BTN,1969,40.566
BTN,1968,39.96
BTN,1967,39.359
BTN,1966,38.789
BTN,1965,38.263
BTN,1964,37.796
BTN,1963,37.37
BTN,1962,36.992
BTN,1961,36.654
BTN,1960,36.367
BOL,2024,68.739
BOL,2023,68.581
BOL,2022,67.434
BOL,2021,61.427
BOL,2020,62.906
BOL,2019,67.82
BOL,2018,67.699
BOL,2017,67.536
BOL,2016,67.392
BOL,2015,67.205
BOL,2014,66.97
BOL,2013,66.777
BOL,2012,66.586
BOL,2011,66.282
BOL,2010,66.003
BOL,2009,65.656
BOL,2008,65.299
BOL,2007,64.939
BOL,2006,64.529
BOL,2005,64.182
BOL,2004,63.819
BOL,2003,63.455
BOL,2002,63.068
BOL,2001,62.538
BOL,2000,62.057
BOL,1999,61.655
BOL,1998,61.227
BOL,1997,60.745
BOL,1996,60.287
BOL,1995,59.787
BOL,1994,59.282
BOL,1993,58.66
BOL,1992,57.923
BOL,1991,57.439
BOL,1990,56.797
BOL,1989,56.146
BOL,1988,55.505
BOL,1987,54.901
BOL,1986,54.247
BOL,1985,53.777
BOL,1984,53.383
BOL,1983,52.861
BOL,1982,52.511
BOL,1981,52.259
BOL,1980,51.828
BOL,1979,51.353
BOL,1978,50.838
BOL,1977,50.387
BOL,1976,49.971
BOL,1975,49.336
BOL,1974,48.752
BOL,1973,48.282
BOL,1972,47.829
BOL,1971,47.483
BOL,1970,47.103
BOL,1969,46.705
BOL,1968,46.342
BOL,1967,45.904
BOL,1966,45.479
BOL,1965,45.09
BOL,1964,44.674
BOL,1963,44.335
BOL,1962,44.002
BOL,1961,43.628
BOL,1960,43.338
BIH,2024,78.044
BIH,2023,77.85
BIH,2022,76.777
BIH,2021,74.567
BIH,2020,76.04
BIH,2019,77.394
BIH,2018,77.942
BIH,2017,77.385
BIH,2016,77.124
BIH,2015,77.073
BIH,2014,77.089
BIH,2013,77.129
BIH,2012,77.037
BIH,2011,76.963
BIH,2010,76.827
BIH,2009,76.701
BIH,2008,76.3
BIH,2007,76.162
BIH,2006,76.028
BIH,2005,76.424
BIH,2004,76.489
BIH,2003,76.449
BIH,2002,75.994
BIH,2001,75.573
BIH,2000,75.292
BIH,1999,74.946
BIH,1998,74.472
BIH,1997,73.895
BIH,1996,73.454
BIH,1995,70.188
BIH,1994,66.603
BIH,1993,50.894
BIH,1992,51.967
BIH,1991,71.813
BIH,1990,71.509
BIH,1989,71.445
BIH,1988,70.97
BIH,1987,70.876
BIH,1986,70.751
BIH,1985,70.582
BIH,1984,70.229
BIH,1983,70.097
BIH,1982,70.076
BIH,1981,70.055
BIH,1980,69.603
BIH,1979,69.083
BIH,1978,68.844
BIH,1977,68.779
BIH,1976,68.574
BIH,1975,68.329
BIH,1974,67.635
BIH,1973,66.586
BIH,1972,65.682
BIH,1971,65.181
BIH,1970,64.844
BIH,1969,64.448
BIH,1968,64.006
BIH,1967,63.734
BIH,1966,63.129
BIH,1965,62.213
BIH,1964,61.511
BIH,1963,60.511
BIH,1962,60.122
BIH,1961,59.285
BIH,1960,58.53
BWA,2024,69.293
BWA,2023,69.163
BWA,2022,68.749
BWA,2021,63.303
BWA,2020,67.643
BWA,2019,67.167
BWA,2018,66.371
BWA,2017,65.42
BWA,2016,64.32
BWA,2015,63.215
BWA,2014,62.167
BWA,2013,61.217
BWA,2012,60.384
BWA,2011,59.715
BWA,2010,59.137
BWA,2009,58.297
BWA,2008,57.661
BWA,2007,56.735
BWA,2006,55.112
BWA,2005,54.386
BWA,2004,53.573
BWA,2003,52.851
BWA,2002,52.373
BWA,2001,52.21
BWA,2000,52.263
BWA,1999,52.499
BWA,1998,52.968
BWA,1997,53.594
BWA,1996,54.284
BWA,1995,54.713
BWA,1994,55.97
BWA,1993,57.316
BWA,1992,58.19
BWA,1991,58.911
BWA,1990,60.104
BWA,1989,61.189
BWA,1988,61.696
BWA,1987,62.837
BWA,1986,63.363
BWA,1985,63.647
BWA,1984,63.706
BWA,1983,63.605
BWA,1982,63.382
BWA,1981,63.027
BWA,1980,62.527
BWA,1979,62.035
BWA,1978,61.485
BWA,1977,60.867
BWA,1976,60.209
BWA,1975,59.53
BWA,1974,58.914
BWA,1973,58.286
BWA,1972,57.669
BWA,1971,57.062
BWA,1970,56.446
BWA,1969,55.903
BWA,1968,55.372
BWA,1967,54.859
BWA,1966,54.36
BWA,1965,53.853
BWA,1964,53.358
BWA,1963,52.848
BWA,1962,52.313
BWA,1961,51.781
BWA,1960,51.22
BRA,2024,76.023
BRA,2023,75.848
BRA,2022,74.872
BRA,2021,73.038
BRA,2020,74.506
BRA,2019,75.809
BRA,2018,75.633
BRA,2017,75.383
BRA,2016,75.081
BRA,2015,75.106
BRA,2014,74.823
BRA,2013,74.609
BRA,2012,74.335
BRA,2011,74.047
BRA,2010,73.779
BRA,2009,73.457
BRA,2008,73.111
BRA,2007,72.73
BRA,2006,72.296
BRA,2005,71.832
BRA,2004,71.361
BRA,2003,70.884
BRA,2002,70.396
BRA,2001,69.98
BRA,2000,69.584
BRA,1999,69.211
BRA,1998,68.848
BRA,1997,68.505
BRA,1996,68.108
BRA,1995,67.701
BRA,1994,67.293
BRA,1993,66.892
BRA,1992,66.539
BRA,1991,66.203
BRA,1990,65.862
BRA,1989,65.514
BRA,1988,65.161
BRA,1987,64.785
BRA,1986,64.389
BRA,1985,63.98
BRA,1984,63.553
BRA,1983,63.133
BRA,1982,62.708
BRA,1981,62.267
BRA,1980,61.819
BRA,1979,61.365
BRA,1978,60.922
BRA,1977,60.461
BRA,1976,60.007
BRA,1975,59.556
BRA,1974,59.081
BRA,1973,58.681
BRA,1972,58.255
BRA,1971,57.786
BRA,1970,57.338
BRA,1969,56.898
BRA,1968,56.47
BRA,1967,56.016
BRA,1966,55.625
BRA,1965,55.243
BRA,1964,54.848
BRA,1963,54.452
BRA,1962,54.017
BRA,1961,53.594
BRA,1960,53.162
VGB,2024,77.431
VGB,2023,77.276
VGB,2022,77.177
VGB,2021,75.297
VGB,2020,76.894
VGB,2019,76.845
VGB,2018,76.728
VGB,2017,75.67
VGB,2016,76.624
VGB,2015,76.558
VGB,2014,76.527
VGB,2013,76.472
VGB,2012,76.433
VGB,2011,76.363
VGB,2010,76.289
VGB,2009,76.205
VGB,2008,76.07
VGB,2007,75.893
VGB,2006,75.745
VGB,2005,75.569
VGB,2004,75.404
VGB,2003,75.183
VGB,2002,74.971
VGB,2001,74.831
VGB,2000,74.753
VGB,1999,74.652
VGB,1998,74.569
VGB,1997,74.469
VGB,1996,74.341
VGB,1995,74.089
VGB,1994,73.794
VGB,1993,73.431
VGB,1992,73.109
VGB,1991,72.75
VGB,1990,72.392
VGB,1989,72.038
VGB,1988,71.763
VGB,1987,71.492
VGB,1986,71.252
VGB,1985,70.987
VGB,1984,70.711
VGB,1983,70.374
VGB,1982,70.138
VGB,1981,69.906
VGB,1980,69.645
VGB,1979,69.315
VGB,1978,69.028
VGB,1977,68.68
VGB,1976,68.408
VGB,1975,68.069
VGB,1974,67.652
VGB,1973,67.191
VGB,1972,66.899
VGB,1971,66.665
VGB,1970,66.407
VGB,1969,66.245
VGB,1968,66.022
VGB,1967,65.857
VGB,1966,65.496
VGB,1965,65.149
VGB,1964,64.757
VGB,1963,64.313
VGB,1962,63.828
VGB,1961,63.274
VGB,1960,62.709
BRN,2024,75.501
BRN,2023,75.327
BRN,2022,72.917
BRN,2021,74.869
BRN,2020,75.114
BRN,2019,75.049
BRN,2018,74.992
BRN,2017,74.943
BRN,2016,74.905
BRN,2015,74.88
BRN,2014,74.862
BRN,2013,74.854
BRN,2012,74.843
BRN,2011,74.835
BRN,2010,74.82
BRN,2009,74.814
BRN,2008,74.814
BRN,2007,74.793
BRN,2006,74.753
BRN,2005,74.683
BRN,2004,74.603
BRN,2003,74.509
BRN,2002,74.365
BRN,2001,74.209
BRN,2000,74.017
BRN,1999,73.806
BRN,1998,73.584
BRN,1997,73.326
BRN,1996,73.079
BRN,1995,72.838
BRN,1994,72.571
BRN,1993,72.333
BRN,1992,72.09
BRN,1991,71.858
BRN,1990,71.629
BRN,1989,71.408
BRN,1988,71.183
BRN,1987,70.982
BRN,1986,70.762
BRN,1985,70.499
BRN,1984,70.236
BRN,1983,69.991
BRN,1982,69.669
BRN,1981,69.344
BRN,1980,69.014
BRN,1979,68.642
BRN,1978,68.258
BRN,1977,67.833
BRN,1976,67.411
BRN,1975,66.95
BRN,1974,66.442
BRN,1973,65.95
BRN,1972,65.447
BRN,1971,64.975
BRN,1970,64.49
BRN,1969,63.963
BRN,1968,63.47
BRN,1967,62.909
BRN,1966,62.401
BRN,1965,61.721
BRN,1964,61.267
BRN,1963,60.625
BRN,1962,58.824
BRN,1961,59.387
BRN,1960,58.721
BGR,2024,75.7609756097561
BGR,2023,75.7560975609756
BGR,2022,74.1609756097561
BGR,2021,71.2121951219512
BGR,2020,73.3560975609756
BGR,2019,75.1121951219512
BGR,2018,74.9634146341464
BGR,2017,74.8146341463415
BGR,2016,74.8121951219512
BGR,2015,74.6146341463415
BGR,2014,74.4658536585366
BGR,2013,74.8609756097561
BGR,2012,74.3146341463415
BGR,2011,74.1634146341463
BGR,2010,73.5121951219512
BGR,2009,73.4121951219512
BGR,2008,72.9634146341463
BGR,2007,72.6634146341463
BGR,2006,72.6121951219512
BGR,2005,72.5609756097561
BGR,2004,72.5634146341463
BGR,2003,72.0658536585366
BGR,2002,71.8658536585366
BGR,2001,71.7682926829268
BGR,2000,71.6634146341463
BGR,1999,71.4121951219512
BGR,1998,71.0609756097561
BGR,1997,70.3512195121951
BGR,1996,70.8973170731707
BGR,1995,71.0534146341463
BGR,1994,71.2087804878049
BGR,1993,71.3468292682927
BGR,1992,71.4943902439024
BGR,1991,71.5609756097561
BGR,1990,71.6414634146342
BGR,1989,71.7224390243903
BGR,1988,71.6043902439024
BGR,1987,71.5268292682927
BGR,1986,71.7307317073171
BGR,1985,71.2280487804878
BGR,1984,71.499756097561
BGR,1983,71.3863414634146
BGR,1982,71.1860975609756
BGR,1981,71.5719512195122
BGR,1980,71.1575609756098
BGR,1979,71.3082926829268
BGR,1978,71.1846341463415
BGR,1977,70.8160975609756
BGR,1976,71.3948780487805
BGR,1975,71.049756097561
BGR,1974,71.2080487804878
BGR,1973,71.3421951219512
BGR,1972,70.899512195122
BGR,1971,70.8736585365854
BGR,1970,71.2563414634146
BGR,1969,70.43
BGR,1968,71.2251219512195
BGR,1967,70.4139024390244
BGR,1966,71.2234146341464
BGR,1965,71.2939024390244
BGR,1964,71.1212195121951
BGR,1963,70.3092682926829
BGR,1962,69.4919512195122
BGR,1961,70.1956097560976
BGR,1960,69.2475609756098
BFA,2024,61.292
BFA,2023,61.092
BFA,2022,60.7
BFA,2021,60.046
BFA,2020,60.454
BFA,2019,60.184
BFA,2018,59.972
BFA,2017,59.578
BFA,2016,59.173
BFA,2015,58.778
BFA,2014,58.331
BFA,2013,57.903
BFA,2012,57.457
BFA,2011,57.001
BFA,2010,56.343
BFA,2009,55.791
BFA,2008,55.199
BFA,2007,54.377
BFA,2006,53.784
BFA,2005,53.271
BFA,2004,52.6
BFA,2003,51.959
BFA,2002,51.447
BFA,2001,51.188
BFA,2000,50.808
BFA,1999,50.463
BFA,1998,50.163
BFA,1997,49.56
BFA,1996,49.693
BFA,1995,49.554
BFA,1994,49.469
BFA,1993,49.412
BFA,1992,49.378
BFA,1991,49.33
BFA,1990,49.315
BFA,1989,49.27
BFA,1988,49.215
BFA,1987,49.097
BFA,1986,48.987
BFA,1985,48.748
BFA,1984,48.464
BFA,1983,48.061
BFA,1982,47.633
BFA,1981,46.866
BFA,1980,46.465
BFA,1979,45.702
BFA,1978,44.995
BFA,1977,44.167
BFA,1976,43.327
BFA,1975,42.486
BFA,1974,41.711
BFA,1973,40.947
BFA,1972,40.399
BFA,1971,39.853
BFA,1970,39.54
BFA,1969,39.023
BFA,1968,38.76
BFA,1967,38.432
BFA,1966,38.091
BFA,1965,37.758
BFA,1964,37.399
BFA,1963,37.093
BFA,1962,36.753
BFA,1961,36.361
BFA,1960,36.074
BDI,2024,63.818
BDI,2023,63.651
BDI,2022,62.882
BDI,2021,62.101
BDI,2020,62.569
BDI,2019,62.18
BDI,2018,61.806
BDI,2017,61.345
BDI,2016,60.789
BDI,2015,60.107
BDI,2014,59.764
BDI,2013,59.179
BDI,2012,58.501
BDI,2011,57.804
BDI,2010,57.088
BDI,2009,56.422
BDI,2008,55.581
BDI,2007,54.832
BDI,2006,53.962
BDI,2005,53.053
BDI,2004,52.217
BDI,2003,50.997
BDI,2002,49.924
BDI,2001,48.509
BDI,2000,47.617
BDI,1999,47.627
BDI,1998,46.678
BDI,1997,45.721
BDI,1996,44.807
BDI,1995,44.589
BDI,1994,44.515
BDI,1993,37.221
BDI,1992,44.469
BDI,1991,44.66
BDI,1990,45.184
BDI,1989,45.745
BDI,1988,42.889
BDI,1987,47.066
BDI,1986,47.402
BDI,1985,47.662
BDI,1984,47.687
BDI,1983,47.433
BDI,1982,47.012
BDI,1981,46.412
BDI,1980,45.731
BDI,1979,45.038
BDI,1978,44.404
BDI,1977,43.97
BDI,1976,43.691
BDI,1975,43.445
BDI,1974,43.337
BDI,1973,37.409
BDI,1972,25.777
BDI,1971,43.172
BDI,1970,43.225
BDI,1969,43.0
BDI,1968,43.405
BDI,1967,43.332
BDI,1966,43.529
BDI,1965,41.844
BDI,1964,43.601
BDI,1963,43.559
BDI,1962,43.492
BDI,1961,43.364
BDI,1960,43.262
CPV,2024,76.224
CPV,2023,76.059
CPV,2022,75.907
CPV,2021,74.424
CPV,2020,73.818
CPV,2019,75.449
CPV,2018,74.84
CPV,2017,74.71
CPV,2016,74.35
CPV,2015,74.096
CPV,2014,73.788
CPV,2013,73.481
CPV,2012,73.315
CPV,2011,72.913
CPV,2010,72.507
CPV,2009,72.142
CPV,2008,71.888
CPV,2007,71.487
CPV,2006,71.341
CPV,2005,70.936
CPV,2004,70.499
CPV,2003,70.006
CPV,2002,69.447
CPV,2001,68.707
CPV,2000,68.117
CPV,1999,67.409
CPV,1998,66.714
CPV,1997,66.082
CPV,1996,65.521
CPV,1995,63.691
CPV,1994,64.648
CPV,1993,64.458
CPV,1992,64.253
CPV,1991,64.066
CPV,1990,63.869
CPV,1989,63.566
CPV,1988,63.242
CPV,1987,62.91
CPV,1986,62.584
CPV,1985,62.281
CPV,1984,61.829
CPV,1983,61.767
CPV,1982,61.519
CPV,1981,61.299
CPV,1980,61.031
CPV,1979,60.726
CPV,1978,60.381
CPV,1977,59.986
CPV,1976,59.396
CPV,1975,58.976
CPV,1974,58.432
CPV,1973,57.979
CPV,1972,57.486
CPV,1971,57.027
CPV,1970,56.559
CPV,1969,56.038
CPV,1968,55.426
CPV,1967,54.716
CPV,1966,53.922
CPV,1965,53.04
CPV,1964,52.089
CPV,1963,51.145
CPV,1962,50.239
CPV,1961,49.419
CPV,1960,48.713
KHM,2024,70.817
KHM,2023,70.668
KHM,2022,70.528
KHM,2021,69.301
KHM,2020,70.059
KHM,2019,70.127
KHM,2018,69.993
KHM,2017,69.842
KHM,2016,69.635
KHM,2015,69.398
KHM,2014,69.117
KHM,2013,68.755
KHM,2012,68.371
KHM,2011,67.869
KHM,2010,67.311
KHM,2009,66.747
KHM,2008,66.147
KHM,2007,65.549
KHM,2006,64.886
KHM,2005,64.113
KHM,2004,63.256
KHM,2003,62.345
KHM,2002,61.395
KHM,2001,60.457
KHM,2000,59.491
KHM,1999,58.611
KHM,1998,57.859
KHM,1997,57.266
KHM,1996,56.832
KHM,1995,56.562
KHM,1994,56.221
KHM,1993,56.036
KHM,1992,55.747
KHM,1991,55.582
KHM,1990,55.205
KHM,1989,54.768
KHM,1988,54.433
KHM,1987,53.674
KHM,1986,51.555
KHM,1985,50.799
KHM,1984,50.089
KHM,1983,49.383
KHM,1982,48.755
KHM,1981,48.035
KHM,1980,47.498
KHM,1979,41.072
KHM,1978,11.573
KHM,1977,11.295
KHM,1976,11.632
KHM,1975,12.784
KHM,1974,39.296
KHM,1973,39.078
KHM,1972,38.909
KHM,1971,38.7
KHM,1970,38.628
KHM,1969,45.935
KHM,1968,45.586
KHM,1967,45.193
KHM,1966,44.948
KHM,1965,44.497
KHM,1964,44.044
KHM,1963,43.612
KHM,1962,43.079
KHM,1961,42.588
KHM,1960,42.134
CMR,2024,63.968
CMR,2023,63.7
CMR,2022,62.443
CMR,2021,61.146
CMR,2020,61.674
CMR,2019,61.695
CMR,2018,61.189
CMR,2017,60.817
CMR,2016,60.293
CMR,2015,59.687
CMR,2014,59.13
CMR,2013,58.73
CMR,2012,58.17
CMR,2011,57.482
CMR,2010,56.965
CMR,2009,56.486
CMR,2008,56.116
CMR,2007,55.71
CMR,2006,55.301
CMR,2005,54.904
CMR,2004,54.578
CMR,2003,54.253
CMR,2002,53.922
CMR,2001,53.598
CMR,2000,53.338
CMR,1999,53.166
CMR,1998,53.043
CMR,1997,53.105
CMR,1996,53.2
CMR,1995,53.347
CMR,1994,53.537
CMR,1993,53.872
CMR,1992,54.053
CMR,1991,54.168
CMR,1990,54.348
CMR,1989,54.389
CMR,1988,54.359
CMR,1987,54.188
CMR,1986,53.572
CMR,1985,53.465
CMR,1984,52.886
CMR,1983,52.447
CMR,1982,51.801
CMR,1981,51.227
CMR,1980,50.852
CMR,1979,50.535
CMR,1978,50.319
CMR,1977,50.13
CMR,1976,50.017
CMR,1975,49.891
CMR,1974,49.734
CMR,1973,49.517
CMR,1972,49.12
CMR,1971,48.577
CMR,1970,47.954
CMR,1969,47.191
CMR,1968,46.389
CMR,1967,45.602
CMR,1966,44.839
CMR,1965,44.175
CMR,1964,43.596
CMR,1963,43.074
CMR,1962,42.599
CMR,1961,35.186
CMR,1960,34.667
CAN,2024,82.1080487804878
CAN,2023,81.6263414634146
CAN,2022,81.0948780487805
CAN,2021,81.4514634146342
CAN,2020,81.53
CAN,2019,82.1585365853659
CAN,2018,81.8036585365854
CAN,2017,81.8078048780488
CAN,2016,81.94
CAN,2015,81.8258536585366
CAN,2014,81.7843902439025
CAN,2013,81.7448780487805
CAN,2012,81.6636585365854
CAN,2011,81.4826829268293
CAN,2010,81.3221951219512
CAN,2009,81.0660975609756
CAN,2008,80.7246341463415
CAN,2007,80.5436585365854
CAN,2006,80.5436585365854
CAN,2005,80.1126829268293
CAN,2004,79.9921951219512
CAN,2003,79.7151219512195
CAN,2002,79.5307317073171
CAN,2001,79.3980487804878
CAN,2000,79.1668292682927
CAN,1999,78.8390243902439
CAN,1998,78.6236585365854
CAN,1997,78.4124390243903
CAN,1996,78.220243902439
CAN,1995,77.9773170731707
CAN,1994,77.8717073170732
CAN,1993,77.7048780487805
CAN,1992,77.8380487804878
CAN,1991,77.5934146341464
CAN,1990,77.4365853658537
CAN,1989,77.1248780487805
CAN,1988,76.8587804878049
CAN,1987,76.7787804878049
CAN,1986,76.4639024390244
CAN,1985,76.3273170731707
CAN,1984,76.3319512195122
CAN,1983,76.0604878048781
CAN,1982,75.7251219512195
CAN,1981,75.4978048780488
CAN,1980,75.1021951219512
CAN,1979,74.8663414634146
CAN,1978,74.529756097561
CAN,1977,74.2156097560976
CAN,1976,73.8560975609756
CAN,1975,73.5217073170732
CAN,1974,73.2375609756098
CAN,1973,73.1626829268293
CAN,1972,72.9339024390244
CAN,1971,73.0292682926829
CAN,1970,72.7004878048781
CAN,1969,72.5014634146341
CAN,1968,72.3534146341463
CAN,1967,72.2078048780488
CAN,1966,72.0043902439024
CAN,1965,71.8721951219512
CAN,1964,71.7763414634146
CAN,1963,71.3807317073171
CAN,1962,71.3670731707317
CAN,1961,71.3460975609756
CAN,1960,71.1331707317073
CYM,2024,80.54
CYM,2023,80.358
CYM,2022,79.984
CYM,2021,79.3
CYM,2020,79.23
CYM,2019,79.052
CYM,2018,78.835
CYM,2017,78.615
CYM,2016,78.367
CYM,2015,78.119
CYM,2014,77.865
CYM,2013,77.652
CYM,2012,77.121
CYM,2011,76.562
CYM,2010,76.069
CYM,2009,75.671
CYM,2008,75.386
CYM,2007,75.152
CYM,2006,75.0
CYM,2005,74.863
CYM,2004,74.596
CYM,2003,74.639
CYM,2002,74.609
CYM,2001,74.529
CYM,2000,74.378
CYM,1999,74.232
CYM,1998,74.08
CYM,1997,73.904
CYM,1996,73.74
CYM,1995,73.597
CYM,1994,73.42
CYM,1993,73.25
CYM,1992,73.088
CYM,1991,72.911
CYM,1990,72.744
CYM,1989,72.545
CYM,1988,72.351
CYM,1987,72.13
CYM,1986,71.869
CYM,1985,71.558
CYM,1984,71.187
CYM,1983,70.839
CYM,1982,70.407
CYM,1981,69.951
CYM,1980,69.487
CYM,1979,69.02
CYM,1978,68.533
CYM,1977,68.08
CYM,1976,67.549
CYM,1975,67.044
CYM,1974,66.489
CYM,1973,65.889
CYM,1972,65.365
CYM,1971,64.827
CYM,1970,64.383
CYM,1969,63.965
CYM,1968,63.597
CYM,1967,63.205
CYM,1966,62.841
CYM,1965,62.186
CYM,1964,61.436
CYM,1963,60.78
CYM,1962,60.09
CYM,1961,59.426
CYM,1960,58.782
CAF,2024,57.671
CAF,2023,57.408
CAF,2022,18.818
CAF,2021,40.279
CAF,2020,50.596
CAF,2019,31.53
CAF,2018,52.297
CAF,2017,45.231
CAF,2016,50.999
CAF,2015,51.934
CAF,2014,40.265
CAF,2013,49.487
CAF,2012,51.336
CAF,2011,50.107
CAF,2010,46.871
CAF,2009,14.665
CAF,2008,49.873
CAF,2007,49.327
CAF,2006,48.687
CAF,2005,48.207
CAF,2004,47.696
CAF,2003,47.306
CAF,2002,46.84
CAF,2001,46.734
CAF,2000,46.609
CAF,1999,46.91
CAF,1998,47.089
CAF,1997,47.284
CAF,1996,47.7
CAF,1995,48.109
CAF,1994,48.509
CAF,1993,48.899
CAF,1992,49.213
CAF,1991,49.575
CAF,1990,49.854
CAF,1989,50.074
CAF,1988,50.243
CAF,1987,50.371
CAF,1986,50.445
CAF,1985,50.463
CAF,1984,50.427
CAF,1983,50.342
CAF,1982,50.213
CAF,1981,50.028
CAF,1980,49.789
CAF,1979,49.5
CAF,1978,49.161
CAF,1977,48.778
CAF,1976,48.355
CAF,1975,47.892
CAF,1974,47.405
CAF,1973,46.884
CAF,1972,46.332
CAF,1971,45.764
CAF,1970,45.176
CAF,1969,44.58
CAF,1968,43.98
CAF,1967,43.379
CAF,1966,42.787
CAF,1965,42.207
CAF,1964,41.64
CAF,1963,41.09
CAF,1962,40.562
CAF,1961,40.056
CAF,1960,39.572
TCD,2024,55.238
TCD,2023,55.069
TCD,2022,54.528
TCD,2021,53.136
TCD,2020,53.082
TCD,2019,52.993
TCD,2018,52.447
TCD,2017,51.875
TCD,2016,51.603
TCD,2015,51.32
TCD,2014,51.141
TCD,2013,51.051
TCD,2012,50.765
TCD,2011,50.426
TCD,2010,50.107
TCD,2009,49.828
TCD,2008,49.503
TCD,2007,49.21
TCD,2006,48.747
TCD,2005,48.86
TCD,2004,48.687
TCD,2003,48.609
TCD,2002,48.36
TCD,2001,48.306
TCD,2000,47.937
TCD,1999,47.934
TCD,1998,47.802
TCD,1997,47.762
TCD,1996,47.551
TCD,1995,47.453
TCD,1994,47.08
TCD,1993,47.002
TCD,1992,46.777
TCD,1991,46.596
TCD,1990,45.074
TCD,1989,46.434
TCD,1988,46.352
TCD,1987,43.071
TCD,1986,45.598
TCD,1985,45.315
TCD,1984,44.732
TCD,1983,44.446
TCD,1982,43.91
TCD,1981,43.497
TCD,1980,43.452
TCD,1979,43.239
TCD,1978,43.017
TCD,1977,42.884
TCD,1976,42.687
TCD,1975,42.736
TCD,1974,42.601
TCD,1973,42.399
TCD,1972,41.922
TCD,1971,40.869
TCD,1970,41.386
TCD,1969,41.019
TCD,1968,40.702
TCD,1967,40.393
TCD,1966,40.089
TCD,1965,40.05
TCD,1964,40.12
TCD,1963,39.893
TCD,1962,39.608
TCD,1961,39.421
TCD,1960,39.216
CHI,2024,81.2
CHI,2023,81.1
CHI,2022,81.0
CHI,2021,80.3
CHI,2020,80.9
CHI,2019,81.2
CHI,2018,81.1
CHI,2017,81.0
CHI,2016,81.2
CHI,2015,81.4
CHI,2014,81.6
CHI,2013,81.5
CHI,2012,81.3
CHI,2011,81.4
CHI,2010,81.2
CHI,2009,81.0
CHI,2008,80.8
CHI,2007,80.6
CHI,2006,80.4
CHI,2005,80.1
CHI,2004,79.8
CHI,2003,79.4
CHI,2002,79.1
CHI,2001,79.0
CHI,2000,78.8
CHI,1999,79.1
CHI,1998,78.5
CHI,1997,78.2
CHI,1996,77.8
CHI,1995,77.7
CHI,1994,77.0
CHI,1993,76.8
CHI,1992,77.1
CHI,1991,76.5
CHI,1990,76.3
CHI,1989,76.5
CHI,1988,76.0
CHI,1987,75.7
CHI,1986,75.4
CHI,1985,75.3
CHI,1984,75.2
CHI,1983,74.9
CHI,1982,73.1
CHI,1981,73.8
CHI,1980,73.9
CHI,1979,73.2
CHI,1978,73.1
CHI,1977,72.9
CHI,1976,72.7
CHI,1975,72.6
CHI,1974,72.5
CHI,1973,72.7
CHI,1972,72.0
CHI,1971,72.0
CHI,1970,71.8
CHI,1969,71.7
CHI,1968,71.7
CHI,1967,72.2
CHI,1966,72.3
CHI,1965,71.6
CHI,1964,72.0
CHI,1963,72.2
CHI,1962,72.0
CHI,1961,71.6
CHI,1960,72.5
CHL,2024,81.359
CHL,2023,81.167
CHL,2022,79.176
CHL,2021,78.876
CHL,2020,79.349
CHL,2019,80.324
CHL,2018,80.559
CHL,2017,80.61
CHL,2016,80.295
CHL,2015,80.008
CHL,2014,79.714
CHL,2013,79.551
CHL,2012,79.221
CHL,2011,79.236
CHL,2010,79.095
CHL,2009,78.89
CHL,2008,78.752
CHL,2007,78.652
CHL,2006,78.533
CHL,2005,78.459
CHL,2004,78.276
CHL,2003,77.884
CHL,2002,77.84
CHL,2001,77.58
CHL,2000,77.128
CHL,1999,76.738
CHL,1998,76.324
CHL,1997,75.826
CHL,1996,75.555
CHL,1995,75.298
CHL,1994,74.973
CHL,1993,74.679
CHL,1992,74.367
CHL,1991,74.082
CHL,1990,73.675
CHL,1989,73.188
CHL,1988,72.788
CHL,1987,72.466
CHL,1986,72.061
CHL,1985,71.615
CHL,1984,71.215
CHL,1983,70.83
CHL,1982,70.291
CHL,1981,69.822
CHL,1980,69.475
CHL,1979,68.858
CHL,1978,68.042
CHL,1977,67.529
CHL,1976,66.819
CHL,1975,66.037
CHL,1974,65.085
CHL,1973,64.42
CHL,1972,63.717
CHL,1971,63.072
CHL,1970,62.634
CHL,1969,62.341
CHL,1968,61.68
CHL,1967,61.054
CHL,1966,60.373
CHL,1965,59.473
CHL,1964,58.812
CHL,1963,58.349
CHL,1962,57.811
CHL,1961,57.309
CHL,1960,57.216
CHN,2024,78.017
CHN,2023,77.953
CHN,2022,78.202
CHN,2021,78.117
CHN,2020,78.019
CHN,2019,77.94
CHN,2018,77.709
CHN,2017,77.235
CHN,2016,77.214
CHN,2015,76.975
CHN,2014,76.714
CHN,2013,76.452
CHN,2012,76.2
CHN,2011,75.889
CHN,2010,75.668
CHN,2009,75.317
CHN,2008,74.833
CHN,2007,74.789
CHN,2006,74.404
CHN,2005,74.085
CHN,2004,73.727
CHN,2003,73.385
CHN,2002,73.034
CHN,2001,72.675
CHN,2000,72.288
CHN,1999,71.952
CHN,1998,71.601
CHN,1997,71.227
CHN,1996,70.823
CHN,1995,70.363
CHN,1994,69.835
CHN,1993,69.492
CHN,1992,69.059
CHN,1991,68.61
CHN,1990,68.155
CHN,1989,67.93
CHN,1988,67.607
CHN,1987,67.263
CHN,1986,66.887
CHN,1985,66.532
CHN,1984,66.148
CHN,1983,65.728
CHN,1982,65.249
CHN,1981,64.778
CHN,1980,64.243
CHN,1979,63.704
CHN,1978,63.102
CHN,1977,62.458
CHN,1976,61.225
CHN,1975,60.952
CHN,1974,60.241
CHN,1973,59.496
CHN,1972,58.579
CHN,1971,57.731
CHN,1970,56.824
CHN,1969,55.988
CHN,1968,55.191
CHN,1967,54.401
CHN,1966,53.662
CHN,1965,53.001
CHN,1964,52.343
CHN,1963,51.67
CHN,1962,50.959
CHN,1961,40.158
CHN,1960,33.419
COL,2024,77.913
COL,2023,77.725
COL,2022,76.508
COL,2021,72.698
COL,2020,74.757
COL,2019,76.793
COL,2018,76.579
COL,2017,76.418
COL,2016,76.228
COL,2015,76.067
COL,2014,75.95
COL,2013,75.834
COL,2012,75.611
COL,2011,75.18
COL,2010,74.876
COL,2009,74.531
COL,2008,74.206
COL,2007,73.751
COL,2006,73.497
COL,2005,73.156
COL,2004,72.76
COL,2003,72.309
COL,2002,71.537
COL,2001,71.185
COL,2000,70.905
COL,1999,70.913
COL,1998,70.924
COL,1997,70.632
COL,1996,70.209
COL,1995,69.81
COL,1994,69.422
COL,1993,69.083
COL,1992,68.764
COL,1991,68.772
COL,1990,68.701
COL,1989,68.616
COL,1988,68.301
COL,1987,68.166
COL,1986,68.303
COL,1985,65.359
COL,1984,68.308
COL,1983,68.121
COL,1982,67.861
COL,1981,67.189
COL,1980,66.693
COL,1979,66.162
COL,1978,65.827
COL,1977,65.237
COL,1976,64.642
COL,1975,64.012
COL,1974,63.497
COL,1973,62.991
COL,1972,62.53
COL,1971,62.005
COL,1970,61.465
COL,1969,61.031
COL,1968,60.572
COL,1967,60.15
COL,1966,59.713
COL,1965,59.247
COL,1964,58.77
COL,1963,58.296
COL,1962,57.737
COL,1961,57.203
COL,1960,56.609
COM,2024,67.023
COM,2023,66.777
COM,2022,66.481
COM,2021,65.201
COM,2020,65.756
COM,2019,65.662
COM,2018,65.401
COM,2017,65.127
COM,2016,64.792
COM,2015,64.473
COM,2014,64.143
COM,2013,63.839
COM,2012,63.463
COM,2011,63.105
COM,2010,62.747
COM,2009,62.302
COM,2008,61.955
COM,2007,61.475
COM,2006,61.229
COM,2005,60.883
COM,2004,60.557
COM,2003,60.24
COM,2002,59.723
COM,2001,59.587
COM,2000,58.941
COM,1999,58.853
COM,1998,58.301
COM,1997,58.228
COM,1996,58.151
COM,1995,57.83
COM,1994,57.458
COM,1993,57.026
COM,1992,56.576
COM,1991,56.104
COM,1990,55.62
COM,1989,54.983
COM,1988,54.678
COM,1987,54.134
COM,1986,53.756
COM,1985,53.263
COM,1984,52.784
COM,1983,52.121
COM,1982,51.75
COM,1981,51.211
COM,1980,50.681
COM,1979,50.126
COM,1978,49.702
COM,1977,49.17
COM,1976,48.645
COM,1975,46.866
COM,1974,47.609
COM,1973,47.045
COM,1972,46.463
COM,1971,45.849
COM,1970,45.226
COM,1969,44.643
COM,1968,44.101
COM,1967,43.593
COM,1966,43.153
COM,1965,42.676
COM,1964,42.328
COM,1963,41.909
COM,1962,41.534
COM,1961,41.157
COM,1960,40.777
COD,2024,62.074
COD,2023,61.895
COD,2022,60.979
COD,2021,60.044
COD,2020,60.428
COD,2019,60.242
COD,2018,59.926
COD,2017,59.495
COD,2016,59.081
COD,2015,58.658
COD,2014,58.236
COD,2013,57.795
COD,2012,57.35
COD,2011,56.911
COD,2010,56.411
COD,2009,55.798
COD,2008,55.388
COD,2007,54.954
COD,2006,54.498
COD,2005,54.001
COD,2004,53.534
COD,2003,52.952
COD,2002,52.371
COD,2001,52.205
COD,2000,51.887
COD,1999,50.089
COD,1998,49.664
COD,1997,50.461
COD,1996,49.376
COD,1995,50.381
COD,1994,49.88
COD,1993,49.621
COD,1992,49.323
COD,1991,48.944
COD,1990,48.538
COD,1989,48.149
COD,1988,47.755
COD,1987,47.362
COD,1986,47.016
COD,1985,46.663
COD,1984,46.514
COD,1983,46.207
COD,1982,45.946
COD,1981,45.726
COD,1980,45.543
COD,1979,45.278
COD,1978,44.628
COD,1977,44.866
COD,1976,44.695
COD,1975,44.53
COD,1974,44.311
COD,1973,44.09
COD,1972,43.869
COD,1971,43.578
COD,1970,43.3
COD,1969,42.959
COD,1968,42.667
COD,1967,42.339
COD,1966,42.169
COD,1965,40.767
COD,1964,40.099
COD,1963,40.604
COD,1962,40.382
COD,1961,40.161
COD,1960,40.752
COG,2024,66.001
COG,2023,65.772
COG,2022,65.0
COG,2021,64.192
COG,2020,64.391
COG,2019,63.152
COG,2018,64.472
COG,2017,64.203
COG,2016,63.911
COG,2015,63.662
COG,2014,63.349
COG,2013,62.969
COG,2012,62.662
COG,2011,62.286
COG,2010,61.731
COG,2009,61.215
COG,2008,60.79
COG,2007,60.05
COG,2006,59.474
COG,2005,58.73
COG,2004,57.957
COG,2003,57.131
COG,2002,56.414
COG,2001,55.885
COG,2000,55.371
COG,1999,54.427
COG,1998,52.551
COG,1997,48.575
COG,1996,55.24
COG,1995,55.474
COG,1994,55.641
COG,1993,56.041
COG,1992,56.483
COG,1991,56.764
COG,1990,57.07
COG,1989,57.292
COG,1988,57.493
COG,1987,57.59
COG,1986,57.633
COG,1985,57.608
COG,1984,57.54
COG,1983,57.428
COG,1982,57.236
COG,1981,57.065
COG,1980,56.803
COG,1979,56.524
COG,1978,56.248
COG,1977,56.027
COG,1976,55.699
COG,1975,55.402
COG,1974,55.053
COG,1973,54.744
COG,1972,54.361
COG,1971,53.983
COG,1970,53.555
COG,1969,53.114
COG,1968,52.62
COG,1967,51.91
COG,1966,51.557
COG,1965,50.996
COG,1964,50.363
COG,1963,49.729
COG,1962,49.038
COG,1961,48.351
COG,1960,47.595
CRI,2024,80.996
CRI,2023,80.799
CRI,2022,79.316
CRI,2021,78.05
CRI,2020,79.725
CRI,2019,80.296
CRI,2018,80.09
CRI,2017,79.994
CRI,2016,79.988
CRI,2015,80.407
CRI,2014,80.231
CRI,2013,80.189
CRI,2012,79.925
CRI,2011,79.624
CRI,2010,79.354
CRI,2009,79.372
CRI,2008,79.18
CRI,2007,79.098
CRI,2006,79.049
CRI,2005,78.877
CRI,2004,78.512
CRI,2003,78.214
CRI,2002,77.939
CRI,2001,77.609
CRI,2000,77.317
CRI,1999,77.058
CRI,1998,76.869
CRI,1997,76.603
CRI,1996,76.428
CRI,1995,76.44
CRI,1994,76.329
CRI,1993,76.315
CRI,1992,76.385
CRI,1991,76.237
CRI,1990,76.094
CRI,1989,75.85
CRI,1988,75.546
CRI,1987,75.224
CRI,1986,74.949
CRI,1985,74.765
CRI,1984,74.581
CRI,1983,74.245
CRI,1982,73.865
CRI,1981,73.441
CRI,1980,73.034
CRI,1979,72.537
CRI,1978,72.029
CRI,1977,71.519
CRI,1976,70.946
CRI,1975,70.253
CRI,1974,69.446
CRI,1973,68.731
CRI,1972,68.014
CRI,1971,67.413
CRI,1970,66.787
CRI,1969,66.363
CRI,1968,65.78
CRI,1967,65.552
CRI,1966,65.096
CRI,1965,64.76
CRI,1964,64.493
CRI,1963,64.326
CRI,1962,64.232
CRI,1961,63.86
CRI,1960,63.463
CIV,2024,62.11
CIV,2023,61.944
CIV,2022,61.562
CIV,2021,60.29
CIV,2020,60.14
CIV,2019,60.274
CIV,2018,59.795
CIV,2017,59.315
CIV,2016,58.814
CIV,2015,58.281
CIV,2014,57.772
CIV,2013,57.057
CIV,2012,56.57
CIV,2011,55.972
CIV,2010,55.282
CIV,2009,54.744
CIV,2008,54.179
CIV,2007,53.452
CIV,2006,52.885
CIV,2005,52.432
CIV,2004,51.939
CIV,2003,51.443
CIV,2002,51.544
CIV,2001,51.428
CIV,2000,51.393
CIV,1999,51.273
CIV,1998,51.22
CIV,1997,51.498
CIV,1996,51.596
CIV,1995,51.713
CIV,1994,52.005
CIV,1993,52.247
CIV,1992,52.429
CIV,1991,52.621
CIV,1990,52.796
CIV,1989,52.955
CIV,1988,53.062
CIV,1987,53.118
CIV,1986,53.009
CIV,1985,52.861
CIV,1984,52.648
CIV,1983,52.352
CIV,1982,52.09
CIV,1981,51.791
CIV,1980,51.437
CIV,1979,50.983
CIV,1978,50.361
CIV,1977,49.624
CIV,1976,48.863
CIV,1975,48.03
CIV,1974,47.207
CIV,1973,46.372
CIV,1972,45.575
CIV,1971,44.783
CIV,1970,44.045
CIV,1969,43.345
CIV,1968,42.648
CIV,1967,41.959
CIV,1966,41.297
CIV,1965,40.643
CIV,1964,39.966
CIV,1963,39.315
CIV,1962,38.62
CIV,1961,37.923
CIV,1960,37.244
HRV,2024,78.9292682926829
HRV,2023,78.4731707317073
HRV,2022,77.5756097560976
HRV,2021,76.4243902439025
HRV,2020,77.5243902439024
HRV,2019,78.2243902439024
HRV,2018,77.919512195122
HRV,2017,77.7268292682927
HRV,2016,77.9219512195122
HRV,2015,77.2756097560976
HRV,2014,77.7243902439024
HRV,2013,77.5707317073171
HRV,2012,77.1682926829268
HRV,2011,76.7756097560976
HRV,2010,76.4756097560976
HRV,2009,76.1682926829268
HRV,2008,75.9121951219512
HRV,2007,75.7056097560976
HRV,2006,75.8368292682927
HRV,2005,75.2446341463415
HRV,2004,75.520243902439
HRV,2003,74.6139024390244
HRV,2002,74.7173170731707
HRV,2001,74.5129268292683
HRV,2000,72.8078048780488
HRV,1999,72.6419512195122
HRV,1998,72.3170731707317
HRV,1997,72.4951219512195
HRV,1996,72.3653658536585
HRV,1995,72.0843902439024
HRV,1994,71.8034146341463
HRV,1993,71.5224390243903
HRV,1992,71.2414634146342
HRV,1991,72.1853658536586
HRV,1990,72.1704878048781
HRV,1989,71.8446341463415
HRV,1988,71.4882926829268
HRV,1987,71.470243902439
HRV,1986,71.4190243902439
HRV,1985,70.8860975609756
HRV,1984,70.2185365853659
HRV,1983,70.2748780487805
HRV,1982,70.4826829268293
HRV,1981,70.3443902439025
HRV,1980,70.1753658536586
HRV,1979,70.4273170731707
HRV,1978,70.5387804878049
HRV,1977,70.7443902439024
HRV,1976,70.4553658536585
HRV,1975,70.0019512195122
HRV,1974,70.4333414634146
HRV,1973,69.9239024390244
HRV,1972,69.5739268292683
HRV,1971,69.2641707317073
HRV,1970,68.9891219512195
HRV,1969,68.7662926829268
HRV,1968,68.6990731707317
HRV,1967,68.8450243902439
HRV,1966,68.7118292682927
HRV,1965,68.2781951219512
HRV,1964,67.8488780487805
HRV,1963,67.4221463414634
HRV,1962,67.0652682926829
HRV,1961,66.3461463414634
HRV,1960,65.7464878048781
CUB,2024,78.264
CUB,2023,78.085
CUB,2022,77.629
CUB,2021,73.201
CUB,2020,77.407
CUB,2019,77.413
CUB,2018,77.426
CUB,2017,77.3
CUB,2016,77.571
CUB,2015,77.745
CUB,2014,77.825
CUB,2013,78.028
CUB,2012,78.162
CUB,2011,78.051
CUB,2010,77.876
CUB,2009,77.584
CUB,2008,77.589
CUB,2007,77.55
CUB,2006,77.406
CUB,2005,77.54
CUB,2004,77.326
CUB,2003,77.405
CUB,2002,76.766
CUB,2001,76.429
CUB,2000,75.922
CUB,1999,75.719
CUB,1998,75.412
CUB,1997,75.064
CUB,1996,74.69
CUB,1995,74.346
CUB,1994,74.092
CUB,1993,73.874
CUB,1992,73.846
CUB,1991,73.757
CUB,1990,73.823
CUB,1989,73.69
CUB,1988,73.724
CUB,1987,73.596
CUB,1986,73.558
CUB,1985,73.464
CUB,1984,73.552
CUB,1983,73.564
CUB,1982,73.439
CUB,1981,72.996
CUB,1980,72.603
CUB,1979,72.272
CUB,1978,71.89
CUB,1977,71.411
CUB,1976,70.878
CUB,1975,70.375
CUB,1974,69.867
CUB,1973,69.347
CUB,1972,68.949
CUB,1971,68.432
CUB,1970,67.935
CUB,1969,67.358
CUB,1968,66.944
CUB,1967,66.514
CUB,1966,66.074
CUB,1965,65.636
CUB,1964,65.264
CUB,1963,64.347
CUB,1962,64.374
CUB,1961,63.743
CUB,1960,63.316
CUW,2024,76.989
CUW,2023,76.8
CUW,2022,76.729
CUW,2021,75.686
CUW,2020,76.501
CUW,2019,76.492
CUW,2018,76.493
CUW,2017,76.423
CUW,2016,76.322
CUW,2015,76.482
CUW,2014,76.384
CUW,2013,76.239
CUW,2012,75.96
CUW,2011,75.576
CUW,2010,75.117
CUW,2009,74.485
CUW,2008,74.314
CUW,2007,74.137
CUW,2006,73.978
CUW,2005,73.873
CUW,2004,73.735
CUW,2003,73.603
CUW,2002,73.472
CUW,2001,73.36
CUW,2000,73.283
CUW,1999,73.174
CUW,1998,73.084
CUW,1997,73.035
CUW,1996,72.945
CUW,1995,72.831
CUW,1994,72.791
CUW,1993,72.703
CUW,1992,72.65
CUW,1991,72.536
CUW,1990,72.439
CUW,1989,72.151
CUW,1988,72.23
CUW,1987,72.139
CUW,1986,71.996
CUW,1985,71.867
CUW,1984,71.715
CUW,1983,71.534
CUW,1982,71.377
CUW,1981,71.175
CUW,1980,70.951
CUW,1979,70.716
CUW,1978,70.445
CUW,1977,70.202
CUW,1976,69.951
CUW,1975,69.672
CUW,1974,69.394
CUW,1973,69.092
CUW,1972,68.811
CUW,1971,68.505
CUW,1970,68.23
CUW,1969,67.929
CUW,1968,67.67
CUW,1967,67.405
CUW,1966,67.136
CUW,1965,66.862
CUW,1964,66.59
CUW,1963,66.312
CUW,1962,66.027
CUW,1961,65.745
CUW,1960,65.406
CYP,2024,81.821
CYP,2023,81.648
CYP,2022,80.434
CYP,2021,80.573
CYP,2020,81.23
CYP,2019,81.454
CYP,2018,81.556
CYP,2017,81.543
CYP,2016,81.534
CYP,2015,81.464
CYP,2014,81.337
CYP,2013,81.317
CYP,2012,81.128
CYP,2011,80.855
CYP,2010,80.632
CYP,2009,80.375
CYP,2008,79.906
CYP,2007,79.798
CYP,2006,79.456
CYP,2005,79.198
CYP,2004,79.007
CYP,2003,78.908
CYP,2002,78.758
CYP,2001,78.185
CYP,2000,77.9
CYP,1999,77.572
CYP,1998,77.164
CYP,1997,77.119
CYP,1996,76.88
CYP,1995,76.583
CYP,1994,76.383
CYP,1993,76.294
CYP,1992,76.291
CYP,1991,76.246
CYP,1990,76.044
CYP,1989,75.841
CYP,1988,75.39
CYP,1987,75.264
CYP,1986,74.93
CYP,1985,74.64
CYP,1984,74.0
CYP,1983,73.708
CYP,1982,73.518
CYP,1981,73.053
CYP,1980,72.844
CYP,1979,72.179
CYP,1978,71.741
CYP,1977,71.258
CYP,1976,70.805
CYP,1975,70.336
CYP,1974,54.551
CYP,1973,69.005
CYP,1972,68.629
CYP,1971,68.351
CYP,1970,68.05
CYP,1969,67.599
CYP,1968,67.251
CYP,1967,66.906
CYP,1966,66.489
CYP,1965,66.124
CYP,1964,62.24
CYP,1963,61.779
CYP,1962,64.72
CYP,1961,64.076
CYP,1960,63.32
CZE,2024,79.9780487804878
CZE,2023,79.8268292682927
CZE,2022,78.9292682926829
CZE,2021,77.2219512195122
CZE,2020,78.2268292682927
CZE,2019,79.2292682926829
CZE,2018,79.0292682926829
CZE,2017,78.9780487804878
CZE,2016,79.0268292682927
CZE,2015,78.5780487804878
CZE,2014,78.8243902439024
CZE,2013,78.1756097560976
CZE,2012,78.0756097560976
CZE,2011,77.8731707317073
CZE,2010,77.4243902439025
CZE,2009,77.0780487804878
CZE,2008,76.9756097560976
CZE,2007,76.7243902439025
CZE,2006,76.5243902439024
CZE,2005,75.9243902439025
CZE,2004,75.7219512195122
CZE,2003,75.1707317073171
CZE,2002,75.2219512195122
CZE,2001,75.1731707317073
CZE,2000,74.9682926829268
CZE,1999,74.6682926829268
CZE,1998,74.5146341463415
CZE,1997,73.8248780487805
CZE,1996,73.7146341463415
CZE,1995,73.0748780487805
CZE,1994,72.9726829268293
CZE,1993,72.7678048780488
CZE,1992,72.2717073170732
CZE,1991,71.8982926829268
CZE,1990,71.3839024390244
CZE,1989,71.6756097560976
CZE,1988,71.6414634146342
CZE,1987,71.4456097560976
CZE,1986,70.9973170731707
CZE,1985,71.0463414634146
CZE,1984,70.8375609756098
CZE,1983,70.5914634146341
CZE,1982,70.8078048780488
CZE,1981,70.7221951219512
CZE,1980,70.2780487804878
CZE,1979,70.749512195122
CZE,1978,70.6439024390244
CZE,1977,70.5734146341463
CZE,1976,70.5326829268293
CZE,1975,70.4146341463415
CZE,1974,70.0865853658537
CZE,1973,70.0226829268293
CZE,1972,70.1765853658537
CZE,1971,69.6770731707317
CZE,1970,69.440243902439
CZE,1969,69.3670731707317
CZE,1968,69.8407317073171
CZE,1967,70.2641463414634
CZE,1966,70.3848780487805
CZE,1965,70.1631707317073
CZE,1964,70.459512195122
CZE,1963,70.3043902439025
CZE,1962,69.7868292682927
CZE,1961,70.5126829268293
CZE,1960,70.3487804878049
DNK,2024,82.2536585365854
DNK,2023,81.7536585365854
DNK,2022,81.3048780487805
DNK,2021,81.4048780487805
DNK,2020,81.6024390243903
DNK,2019,81.4512195121951
DNK,2018,80.9536585365854
DNK,2017,81.1024390243903
DNK,2016,80.8536585365854
DNK,2015,80.7024390243902
DNK,2014,80.7
DNK,2013,80.3
DNK,2012,80.0512195121951
DNK,2011,79.8
DNK,2010,79.1
DNK,2009,78.5975609756098
DNK,2008,78.4463414634146
DNK,2007,78.1951219512195
DNK,2006,78.0951219512195
DNK,2005,77.8439024390244
DNK,2004,77.4926829268293
DNK,2003,77.1439024390244
DNK,2002,76.8951219512195
DNK,2001,76.7926829268293
DNK,2000,76.5926829268293
DNK,1999,76.3414634146341
DNK,1998,76.1390243902439
DNK,1997,75.9451219512195
DNK,1996,75.5914634146342
DNK,1995,75.2126829268293
DNK,1994,75.3751219512195
DNK,1993,75.1168292682927
DNK,1992,75.1941463414634
DNK,1991,75.1578048780488
DNK,1990,74.8053658536585
DNK,1989,74.799756097561
DNK,1988,74.7717073170732
DNK,1987,74.6912195121951
DNK,1986,74.579756097561
DNK,1985,74.4275609756098
DNK,1984,74.5621951219512
DNK,1983,74.4204878048781
DNK,1982,74.5512195121951
DNK,1981,74.2304878048781
DNK,1980,74.1017073170732
DNK,1979,74.2192682926829
DNK,1978,74.3929268292683
DNK,1977,74.6324390243903
DNK,1976,73.739756097561
DNK,1975,74.0751219512195
DNK,1974,73.8082926829268
DNK,1973,73.6821951219512
DNK,1972,73.4390243902439
DNK,1971,73.4146341463415
DNK,1970,73.3434146341463
DNK,1969,73.2209756097561
DNK,1968,73.1214634146341
DNK,1967,72.9221951219512
DNK,1966,72.4441463414634
DNK,1965,72.3707317073171
DNK,1964,72.4851219512195
DNK,1963,72.4004878048781
DNK,1962,72.319756097561
DNK,1961,72.4382926829268
DNK,1960,72.1765853658537
DJI,2024,66.202
DJI,2023,65.987
DJI,2022,65.54
DJI,2021,63.83
DJI,2020,64.2
DJI,2019,64.381
DJI,2018,64.105
DJI,2017,63.71
DJI,2016,63.335
DJI,2015,62.833
DJI,2014,62.427
DJI,2013,62.116
DJI,2012,61.719
DJI,2011,61.337
DJI,2010,60.743
DJI,2009,60.351
DJI,2008,59.815
DJI,2007,59.362
DJI,2006,58.962
DJI,2005,58.548
DJI,2004,58.103
DJI,2003,58.041
DJI,2002,57.824
DJI,2001,57.506
DJI,2000,56.734
DJI,1999,56.564
DJI,1998,56.426
DJI,1997,56.207
DJI,1996,56.33
DJI,1995,56.234
DJI,1994,55.592
DJI,1993,55.734
DJI,1992,54.375
DJI,1991,55.194
DJI,1990,55.469
DJI,1989,55.369
DJI,1988,55.133
DJI,1987,54.832
DJI,1986,54.494
DJI,1985,54.075
DJI,1984,53.745
DJI,1983,53.334
DJI,1982,52.893
DJI,1981,52.355
DJI,1980,52.046
DJI,1979,51.597
DJI,1978,51.172
DJI,1977,50.755
DJI,1976,50.335
DJI,1975,49.923
DJI,1974,49.52
DJI,1973,49.097
DJI,1972,48.532
DJI,1971,47.259
DJI,1970,47.536
DJI,1969,47.067
DJI,1968,46.552
DJI,1967,46.103
DJI,1966,45.62
DJI,1965,45.234
DJI,1964,44.812
DJI,1963,44.442
DJI,1962,44.092
DJI,1961,43.781
DJI,1960,43.421
DMA,2024,71.294
DMA,2023,71.132
DMA,2022,71.081
DMA,2021,69.832
DMA,2020,71.269
DMA,2019,71.305
DMA,2018,71.378
DMA,2017,68.62
DMA,2016,71.189
DMA,2015,69.968
DMA,2014,71.189
DMA,2013,71.228
DMA,2012,71.391
DMA,2011,71.517
DMA,2010,71.68
DMA,2009,71.835
DMA,2008,71.945
DMA,2007,71.901
DMA,2006,72.007
DMA,2005,72.016
DMA,2004,71.987
DMA,2003,71.942
DMA,2002,71.927
DMA,2001,71.862
DMA,2000,71.715
DMA,1999,71.527
DMA,1998,71.352
DMA,1997,71.195
DMA,1996,71.039
DMA,1995,70.832
DMA,1994,70.777
DMA,1993,70.612
DMA,1992,70.473
DMA,1991,70.398
DMA,1990,70.471
DMA,1989,70.663
DMA,1988,70.974
DMA,1987,71.368
DMA,1986,71.671
DMA,1985,71.918
DMA,1984,71.913
DMA,1983,72.005
DMA,1982,71.749
DMA,1981,71.46
DMA,1980,71.013
DMA,1979,69.195
DMA,1978,70.115
DMA,1977,69.715
DMA,1976,69.411
DMA,1975,69.059
DMA,1974,68.585
DMA,1973,68.097
DMA,1972,67.468
DMA,1971,66.763
DMA,1970,66.208
DMA,1969,65.704
DMA,1968,65.277
DMA,1967,64.856
DMA,1966,64.457
DMA,1965,63.913
DMA,1964,63.278
DMA,1963,62.612
DMA,1962,61.894
DMA,1961,61.022
DMA,1960,60.076
DOM,2024,73.868
DOM,2023,73.72
DOM,2022,74.211
DOM,2021,71.757
DOM,2020,72.636
DOM,2019,73.112
DOM,2018,73.555
DOM,2017,73.37
DOM,2016,72.889
DOM,2015,72.982
DOM,2014,73.145
DOM,2013,73.038
DOM,2012,72.817
DOM,2011,72.496
DOM,2010,72.039
DOM,2009,71.587
DOM,2008,71.331
DOM,2007,71.097
DOM,2006,71.054
DOM,2005,71.043
DOM,2004,70.73
DOM,2003,70.856
DOM,2002,70.719
DOM,2001,70.553
DOM,2000,70.365
DOM,1999,70.178
DOM,1998,69.875
DOM,1997,69.809
DOM,1996,69.595
DOM,1995,69.394
DOM,1994,69.16
DOM,1993,68.86
DOM,1992,68.525
DOM,1991,68.154
DOM,1990,67.746
DOM,1989,67.331
DOM,1988,66.914
DOM,1987,66.49
DOM,1986,66.059
DOM,1985,65.614
DOM,1984,65.134
DOM,1983,64.63
DOM,1982,64.198
DOM,1981,63.776
DOM,1980,63.391
DOM,1979,62.425
DOM,1978,62.624
DOM,1977,62.2
DOM,1976,61.739
DOM,1975,61.254
DOM,1974,60.757
DOM,1973,60.228
DOM,1972,59.661
DOM,1971,59.09
DOM,1970,58.493
DOM,1969,57.886
DOM,1968,57.272
DOM,1967,56.646
DOM,1966,55.965
DOM,1965,52.842
DOM,1964,54.653
DOM,1963,53.754
DOM,1962,53.199
DOM,1961,52.447
DOM,1960,51.705
ECU,2024,77.579
ECU,2023,77.392
ECU,2022,76.577
ECU,2021,72.746
ECU,2020,72.004
ECU,2019,77.286
ECU,2018,77.248
ECU,2017,76.22
ECU,2016,76.094
ECU,2015,76.222
ECU,2014,76.141
ECU,2013,75.832
ECU,2012,75.486
ECU,2011,75.179
ECU,2010,75.188
ECU,2009,74.901
ECU,2008,74.709
ECU,2007,74.226
ECU,2006,74.01
ECU,2005,73.909
ECU,2004,73.868
ECU,2003,73.632
ECU,2002,73.164
ECU,2001,72.571
ECU,2000,72.09
ECU,1999,71.92
ECU,1998,71.949
ECU,1997,72.007
ECU,1996,71.82
ECU,1995,71.349
ECU,1994,70.876
ECU,1993,70.07
ECU,1992,69.468
ECU,1991,69.04
ECU,1990,68.445
ECU,1989,67.817
ECU,1988,67.038
ECU,1987,66.587
ECU,1986,66.123
ECU,1985,65.625
ECU,1984,65.202
ECU,1983,64.659
ECU,1982,64.271
ECU,1981,63.809
ECU,1980,63.326
ECU,1979,62.854
ECU,1978,62.397
ECU,1977,61.935
ECU,1976,61.425
ECU,1975,61.085
ECU,1974,60.7
ECU,1973,60.306
ECU,1972,59.816
ECU,1971,59.343
ECU,1970,58.85
ECU,1969,58.267
ECU,1968,57.946
ECU,1967,57.482
ECU,1966,57.019
ECU,1965,56.524
ECU,1964,55.95
ECU,1963,55.322
ECU,1962,54.681
ECU,1961,54.052
ECU,1960,53.396
EGY,2024,71.806
EGY,2023,71.633
EGY,2022,71.01
EGY,2021,68.976
EGY,2020,69.79
EGY,2019,71.213
EGY,2018,70.974
EGY,2017,70.709
EGY,2016,70.437
EGY,2015,70.135
EGY,2014,69.911
EGY,2013,69.632
EGY,2012,69.464
EGY,2011,69.232
EGY,2010,69.078
EGY,2009,68.915
EGY,2008,68.761
EGY,2007,68.627
EGY,2006,68.493
EGY,2005,68.355
EGY,2004,68.211
EGY,2003,68.045
EGY,2002,67.846
EGY,2001,67.612
EGY,2000,67.332
EGY,1999,67.01
EGY,1998,66.635
EGY,1997,66.207
EGY,1996,65.733
EGY,1995,65.214
EGY,1994,64.663
EGY,1993,64.147
EGY,1992,63.585
EGY,1991,63.059
EGY,1990,62.513
EGY,1989,61.949
EGY,1988,61.358
EGY,1987,60.736
EGY,1986,60.085
EGY,1985,59.405
EGY,1984,58.697
EGY,1983,57.967
EGY,1982,57.219
EGY,1981,56.454
EGY,1980,55.673
EGY,1979,54.876
EGY,1978,54.075
EGY,1977,53.272
EGY,1976,52.484
EGY,1975,51.734
EGY,1974,51.044
EGY,1973,50.098
EGY,1972,49.908
EGY,1971,49.48
EGY,1970,49.0
EGY,1969,48.7
EGY,1968,48.602
EGY,1967,48.13
EGY,1966,47.988
EGY,1965,47.577
EGY,1964,47.075
EGY,1963,46.493
EGY,1962,45.844
EGY,1961,45.146
EGY,1960,44.436
SLV,2024,72.302
SLV,2023,72.099
SLV,2022,71.969
SLV,2021,69.941
SLV,2020,70.244
SLV,2019,71.725
SLV,2018,71.384
SLV,2017,71.007
SLV,2016,70.908
SLV,2015,70.952
SLV,2014,71.144
SLV,2013,71.225
SLV,2012,71.42
SLV,2011,71.192
SLV,2010,70.909
SLV,2009,70.359
SLV,2008,70.138
SLV,2007,69.82
SLV,2006,69.612
SLV,2005,69.336
SLV,2004,69.295
SLV,2003,68.792
SLV,2002,68.526
SLV,2001,67.965
SLV,2000,67.711
SLV,1999,67.285
SLV,1998,66.655
SLV,1997,66.248
SLV,1996,65.48
SLV,1995,64.903
SLV,1994,64.47
SLV,1993,63.998
SLV,1992,62.944
SLV,1991,62.542
SLV,1990,61.981
SLV,1989,61.254
SLV,1988,59.977
SLV,1987,59.402
SLV,1986,59.329
SLV,1985,58.031
SLV,1984,56.571
SLV,1983,54.373
SLV,1982,53.342
SLV,1981,50.889
SLV,1980,48.589
SLV,1979,53.805
SLV,1978,54.709
SLV,1977,54.047
SLV,1976,54.375
SLV,1975,53.422
SLV,1974,52.891
SLV,1973,52.782
SLV,1972,51.956
SLV,1971,51.665
SLV,1970,51.364
SLV,1969,51.279
SLV,1968,50.837
SLV,1967,50.844
SLV,1966,50.672
SLV,1965,50.208
SLV,1964,49.75
SLV,1963,49.38
SLV,1962,49.001
SLV,1961,48.633
SLV,1960,48.292
GNQ,2024,63.906
GNQ,2023,63.707
GNQ,2022,63.355
GNQ,2021,62.447
GNQ,2020,62.141
GNQ,2019,62.297
GNQ,2018,61.915
GNQ,2017,61.481
GNQ,2016,61.081
GNQ,2015,60.635
GNQ,2014,60.228
GNQ,2013,59.784
GNQ,2012,59.301
GNQ,2011,58.827
GNQ,2010,58.344
GNQ,2009,57.881
GNQ,2008,57.384
GNQ,2007,56.857
GNQ,2006,56.354
GNQ,2005,55.766
GNQ,2004,55.307
GNQ,2003,54.791
GNQ,2002,54.324
GNQ,2001,53.827
GNQ,2000,53.395
GNQ,1999,53.001
GNQ,1998,52.646
GNQ,1997,52.365
GNQ,1996,52.123
GNQ,1995,51.926
GNQ,1994,51.785
GNQ,1993,51.671
GNQ,1992,51.579
GNQ,1991,51.497
GNQ,1990,51.397
GNQ,1989,51.292
GNQ,1988,51.184
GNQ,1987,50.99
GNQ,1986,50.848
GNQ,1985,50.599
GNQ,1984,50.195
GNQ,1983,50.046
GNQ,1982,49.666
GNQ,1981,49.107
GNQ,1980,48.78
GNQ,1979,43.033
GNQ,1978,42.331
GNQ,1977,42.008
GNQ,1976,30.537
GNQ,1975,37.32
GNQ,1974,41.486
GNQ,1973,44.658
GNQ,1972,44.441
GNQ,1971,37.229
GNQ,1970,31.086
GNQ,1969,31.0
GNQ,1968,44.852
GNQ,1967,44.595
GNQ,1966,44.334
GNQ,1965,44.069
GNQ,1964,43.805
GNQ,1963,43.54
GNQ,1962,43.275
GNQ,1961,43.008
GNQ,1960,42.742
ERI,2024,68.893
ERI,2023,68.624
ERI,2022,67.789
ERI,2021,66.94
ERI,2020,66.98
ERI,2019,67.306
ERI,2018,66.979
ERI,2017,66.612
ERI,2016,66.242
ERI,2015,65.909
ERI,2014,65.517
ERI,2013,65.005
ERI,2012,64.697
ERI,2011,64.231
ERI,2010,63.665
ERI,2009,63.203
ERI,2008,62.422
ERI,2007,61.998
ERI,2006,61.457
ERI,2005,60.628
ERI,2004,60.063
ERI,2003,59.455
ERI,2002,58.941
ERI,2001,58.359
ERI,2000,56.285
ERI,1999,44.506
ERI,1998,49.997
ERI,1997,56.155
ERI,1996,55.498
ERI,1995,54.822
ERI,1994,54.027
ERI,1993,53.189
ERI,1992,52.436
ERI,1991,50.516
ERI,1990,49.733
ERI,1989,47.802
ERI,1988,48.094
ERI,1987,47.363
ERI,1986,39.541
ERI,1985,38.586
ERI,1984,37.679
ERI,1983,37.173
ERI,1982,44.891
ERI,1981,44.974
ERI,1980,44.625
ERI,1979,43.78
ERI,1978,43.38
ERI,1977,42.984
ERI,1976,42.587
ERI,1975,39.031
ERI,1974,39.001
ERI,1973,41.131
ERI,1972,40.723
ERI,1971,41.527
ERI,1970,41.162
ERI,1969,40.792
ERI,1968,40.483
ERI,1967,40.151
ERI,1966,37.634
ERI,1965,39.576
ERI,1964,39.184
ERI,1963,38.833
ERI,1962,38.346
ERI,1961,37.912
ERI,1960,37.443
EST,2024,79.2951219512195
EST,2023,78.7926829268293
EST,2022,77.8439024390244
EST,2021,76.9439024390244
EST,2020,78.5951219512195
EST,2019,78.6463414634147
EST,2018,78.2439024390244
EST,2017,78.0926829268293
EST,2016,77.6414634146342
EST,2015,77.590243902439
EST,2014,77.0341463414634
EST,2013,77.1414634146341
EST,2012,76.3268292682927
EST,2011,76.2292682926829
EST,2010,75.4292682926829
EST,2009,74.8243902439024
EST,2008,73.7707317073171
EST,2007,72.8146341463415
EST,2006,72.6914634146341
EST,2005,72.5682926829268
EST,2004,71.909756097561
EST,2003,71.3170731707317
EST,2002,70.9048780487805
EST,2001,70.2585365853659
EST,2000,70.4170731707317
EST,1999,70.0634146341463
EST,1998,69.3585365853659
EST,1997,69.809756097561
EST,1996,69.6121951219512
EST,1995,67.5439024390244
EST,1994,66.5
EST,1993,67.909756097561
EST,1992,68.8634146341464
EST,1991,69.3731707317073
EST,1990,69.4756097560976
EST,1989,70.0390243902439
EST,1988,70.6975609756098
EST,1987,70.6439024390244
EST,1986,70.0853658536585
EST,1985,69.3804878048781
EST,1984,69.2780487804878
EST,1983,69.3756097560976
EST,1982,69.1268292682927
EST,1981,68.9780487804878
EST,1980,69.1147804878049
EST,1979,69.0543170731707
EST,1978,69.2972682926829
EST,1977,69.4489512195122
EST,1976,69.3450731707317
EST,1975,69.7081219512195
EST,1974,70.3461951219512
EST,1973,70.2300243902439
EST,1972,69.9291951219512
EST,1971,70.1225609756098
EST,1970,69.9242195121951
EST,1969,69.7894634146342
EST,1968,70.0807804878049
EST,1967,70.4324146341464
EST,1966,70.1464634146342
EST,1965,70.1765853658537
EST,1964,70.0720975609756
EST,1963,69.3215609756098
EST,1962,69.2920243902439
EST,1961,69.0778780487805
EST,1960,68.749268292683
SWZ,2024,64.264
SWZ,2023,64.123
SWZ,2022,63.028
SWZ,2021,58.228
SWZ,2020,59.862
SWZ,2019,59.85
SWZ,2018,58.707
SWZ,2017,57.574
SWZ,2016,56.228
SWZ,2015,54.941
SWZ,2014,53.491
SWZ,2013,52.11
SWZ,2012,50.714
SWZ,2011,49.057
SWZ,2010,48.331
SWZ,2009,46.913
SWZ,2008,45.853
SWZ,2007,45.16
SWZ,2006,44.563
SWZ,2005,43.958
SWZ,2004,43.906
SWZ,2003,44.632
SWZ,2002,45.38
SWZ,2001,46.344
SWZ,2000,47.627
SWZ,1999,48.808
SWZ,1998,50.066
SWZ,1997,51.699
SWZ,1996,53.296
SWZ,1995,55.08
SWZ,1994,56.643
SWZ,1993,58.092
SWZ,1992,59.284
SWZ,1991,60.392
SWZ,1990,61.167
SWZ,1989,61.669
SWZ,1988,61.934
SWZ,1987,61.899
SWZ,1986,61.598
SWZ,1985,61.165
SWZ,1984,60.439
SWZ,1983,58.418
SWZ,1982,59.467
SWZ,1981,58.788
SWZ,1980,58.227
SWZ,1979,57.536
SWZ,1978,56.785
SWZ,1977,55.973
SWZ,1976,55.172
SWZ,1975,54.399
SWZ,1974,53.656
SWZ,1973,52.99
SWZ,1972,52.352
SWZ,1971,51.779
SWZ,1970,51.208
SWZ,1969,50.641
SWZ,1968,50.084
SWZ,1967,49.526
SWZ,1966,48.99
SWZ,1965,48.431
SWZ,1964,47.922
SWZ,1963,47.471
SWZ,1962,47.145
SWZ,1961,46.75
SWZ,1960,46.389
ETH,2024,67.603
ETH,2023,67.315
ETH,2022,66.897
ETH,2021,65.33
ETH,2020,65.969
ETH,2019,65.741
ETH,2018,65.257
ETH,2017,64.766
ETH,2016,64.162
ETH,2015,63.592
ETH,2014,62.927
ETH,2013,62.161
ETH,2012,61.443
ETH,2011,60.595
ETH,2010,59.709
ETH,2009,58.715
ETH,2008,57.733
ETH,2007,56.566
ETH,2006,55.402
ETH,2005,54.364
ETH,2004,53.735
ETH,2003,52.877
ETH,2002,52.085
ETH,2001,51.428
ETH,2000,50.88
ETH,1999,49.486
ETH,1998,49.785
ETH,1997,49.21
ETH,1996,48.697
ETH,1995,48.156
ETH,1994,47.926
ETH,1993,47.676
ETH,1992,47.279
ETH,1991,46.657
ETH,1990,45.117
ETH,1989,45.644
ETH,1988,45.682
ETH,1987,45.892
ETH,1986,38.371
ETH,1985,37.747
ETH,1984,36.737
ETH,1983,36.319
ETH,1982,43.434
ETH,1981,43.084
ETH,1980,42.815
ETH,1979,42.376
ETH,1978,41.506
ETH,1977,41.397
ETH,1976,41.32
ETH,1975,38.941
ETH,1974,39.083
ETH,1973,41.103
ETH,1972,41.035
ETH,1971,42.216
ETH,1970,42.115
ETH,1969,42.131
ETH,1968,42.092
ETH,1967,41.941
ETH,1966,39.343
ETH,1965,41.413
ETH,1964,41.261
ETH,1963,40.967
ETH,1962,40.531
ETH,1961,40.198
ETH,1960,39.615
FRO,2024,83.0832463414634
FRO,2023,82.9521195121951
FRO,2022,82.8162292682927
FRO,2021,82.6763219512195
FRO,2020,82.5341926829268
FRO,2019,82.3912829268293
FRO,2018,82.2486024390244
FRO,2017,82.1062926829268
FRO,2016,81.962112195122
FRO,2015,81.7995975609756
FRO,2014,81.5912048780488
FRO,2013,81.356643902439
FRO,2012,81.1060951219512
FRO,2011,80.8518097560976
FRO,2010,80.604956097561
FRO,2009,80.3695317073171
FRO,2008,80.1460804878049
FRO,2007,79.9238243902439
FRO,2006,79.6898609756098
FRO,2005,79.4453463414634
FRO,2004,79.2049804878049
FRO,2003,78.9848073170732
FRO,2002,78.7876585365854
FRO,2001,78.6017292682927
FRO,2000,78.4119073170732
FRO,1999,78.2087731707317
FRO,1998,77.9979951219512
FRO,1997,77.7854414634146
FRO,1996,77.5619634146341
FRO,1995,77.3228243902439
FRO,1994,77.0694536585366
FRO,1993,76.8286975609756
FRO,1992,76.5918219512195
FRO,1991,76.3555731707317
FRO,1990,76.1188024390244
FRO,1989,75.8810756097561
FRO,1988,75.6422292682927
FRO,1987,75.4027682926829
FRO,1986,75.1639024390244
FRO,1985,76.1981707317073
FRO,1984,76.1203414634146
FRO,1983,76.0578048780488
FRO,1982,76.0023170731707
FRO,1981,75.9368536585366
FRO,1980,75.8484390243903
FRO,1979,75.7627804878049
FRO,1978,75.7200243902439
FRO,1977,75.633512195122
FRO,1976,75.5123414634146
FRO,1975,75.4443414634146
FRO,1974,75.3675609756098
FRO,1973,75.327243902439
FRO,1972,75.2144146341464
FRO,1971,75.1171707317073
FRO,1970,74.9766097560976
FRO,1969,74.8429268292683
FRO,1968,74.6961707317073
FRO,1967,74.4996097560976
FRO,1966,74.3161951219512
FRO,1965,74.1064634146341
FRO,1964,73.8559268292683
FRO,1963,73.5539024390244
FRO,1962,73.1757804878049
FRO,1961,72.7121219512195
FRO,1960,72.1079268292683
FJI,2024,67.463
FJI,2023,67.316
FJI,2022,67.148
FJI,2021,64.904
FJI,2020,66.924
FJI,2019,67.009
FJI,2018,66.965
FJI,2017,67.06
FJI,2016,66.657
FJI,2015,66.48
FJI,2014,66.581
FJI,2013,66.545
FJI,2012,65.812
FJI,2011,66.88
FJI,2010,66.778
FJI,2009,66.347
FJI,2008,66.32
FJI,2007,66.161
FJI,2006,66.126
FJI,2005,65.983
FJI,2004,65.841
FJI,2003,65.653
FJI,2002,65.492
FJI,2001,66.205
FJI,2000,66.194
FJI,1999,66.728
FJI,1998,66.536
FJI,1997,66.293
FJI,1996,66.202
FJI,1995,66.007
FJI,1994,65.796
FJI,1993,65.51
FJI,1992,65.407
FJI,1991,65.457
FJI,1990,65.056
FJI,1989,65.386
FJI,1988,64.951
FJI,1987,64.278
FJI,1986,63.961
FJI,1985,63.998
FJI,1984,63.238
FJI,1983,62.916
FJI,1982,62.195
FJI,1981,62.255
FJI,1980,62.406
FJI,1979,62.305
FJI,1978,63.065
FJI,1977,62.691
FJI,1976,62.1
FJI,1975,61.689
FJI,1974,61.194
FJI,1973,60.649
FJI,1972,61.63
FJI,1971,61.74
FJI,1970,61.652
FJI,1969,61.397
FJI,1968,61.719
FJI,1967,61.442
FJI,1966,61.565
FJI,1965,61.413
FJI,1964,60.714
FJI,1963,60.155
FJI,1962,59.654
FJI,1961,59.102
FJI,1960,58.602
FIN,2024,82.3365853658537
FIN,2023,81.5853658536585
FIN,2022,81.1878048780488
FIN,2021,81.8853658536585
FIN,2020,81.9317073170732
FIN,2019,81.9829268292683
FIN,2018,81.7341463414634
FIN,2017,81.6317073170732
FIN,2016,81.4292682926829
FIN,2015,81.4804878048781
FIN,2014,81.1804878048781
FIN,2013,80.9756097560976
FIN,2012,80.6268292682927
FIN,2011,80.4707317073171
FIN,2010,79.8707317073171
FIN,2009,79.719512195122
FIN,2008,79.5682926829268
FIN,2007,79.2634146341464
FIN,2006,79.2146341463415
FIN,2005,78.8170731707317
FIN,2004,78.7146341463415
FIN,2003,78.3682926829268
FIN,2002,78.119512195122
FIN,2001,77.9658536585366
FIN,2000,77.4658536585366
FIN,1999,77.2912195121951
FIN,1998,77.0907317073171
FIN,1997,76.8785365853659
FIN,1996,76.6934146341464
FIN,1995,76.409512195122
FIN,1994,76.3956097560976
FIN,1993,75.7051219512195
FIN,1992,75.4553658536585
FIN,1991,75.2275609756098
FIN,1990,74.8131707317073
FIN,1989,74.7921951219512
FIN,1988,74.5770731707317
FIN,1987,74.5919512195122
FIN,1986,74.56
FIN,1985,74.2229268292683
FIN,1984,74.5190243902439
FIN,1983,74.2009756097561
FIN,1982,74.2980487804878
FIN,1981,73.7465853658537
FIN,1980,73.44
FIN,1979,73.1553658536586
FIN,1978,72.8970731707317
FIN,1977,72.350243902439
FIN,1976,71.8129268292683
FIN,1975,71.6736585365854
FIN,1974,71.1348780487805
FIN,1973,71.2236585365854
FIN,1972,70.7073170731707
FIN,1971,70.0175609756098
FIN,1970,70.179512195122
FIN,1969,69.5034146341464
FIN,1968,69.6163414634146
FIN,1967,69.6665853658537
FIN,1966,69.4770731707317
FIN,1965,68.9778048780488
FIN,1964,69.2209756097561
FIN,1963,69.0126829268293
FIN,1962,68.5778048780488
FIN,1961,68.8441463414634
FIN,1960,68.819756097561
FRA,2024,82.9804878048781
FRA,2023,82.8317073170732
FRA,2022,82.1292682926829
FRA,2021,82.3243902439024
FRA,2020,82.1756097560976
FRA,2019,82.8268292682927
FRA,2018,82.6756097560976
FRA,2017,82.5756097560976
FRA,2016,82.5731707317073
FRA,2015,82.3219512195122
FRA,2014,82.719512195122
FRA,2013,82.219512195122
FRA,2012,81.9682926829268
FRA,2011,82.1146341463415
FRA,2010,81.6634146341463
FRA,2009,81.4146341463415
FRA,2008,81.2146341463415
FRA,2007,81.1121951219512
FRA,2006,80.8121951219512
FRA,2005,80.1634146341463
FRA,2004,80.1634146341463
FRA,2003,79.1146341463415
FRA,2002,79.2609756097561
FRA,2001,79.1585365853659
FRA,2000,79.0560975609756
FRA,1999,78.7560975609756
FRA,1998,78.6048780487805
FRA,1997,78.3048780487805
FRA,1996,77.9536585365854
FRA,1995,77.7512195121951
FRA,1994,77.6487804878049
FRA,1993,77.3
FRA,1992,77.1
FRA,1991,76.8487804878049
FRA,1990,76.6
FRA,1989,76.3487804878049
FRA,1988,76.1
FRA,1987,75.8
FRA,1986,75.6
FRA,1985,75.3
FRA,1984,75.0
FRA,1983,74.8
FRA,1982,74.5
FRA,1981,74.3
FRA,1980,74.0512195121951
FRA,1979,73.8512195121951
FRA,1978,73.6024390243903
FRA,1977,73.3512195121951
FRA,1976,73.1024390243903
FRA,1975,72.8536585365854
FRA,1974,72.6048780487805
FRA,1973,72.3560975609756
FRA,1972,72.1073170731707
FRA,1971,71.9073170731707
FRA,1970,71.6585365853659
FRA,1969,71.4585365853659
FRA,1968,71.309756097561
FRA,1967,71.1609756097561
FRA,1966,70.9609756097561
FRA,1965,70.8121951219512
FRA,1964,70.6634146341463
FRA,1963,70.5146341463415
FRA,1962,70.3146341463415
FRA,1961,70.1170731707317
FRA,1960,69.8682926829268
PYF,2024,84.192
PYF,2023,84.07
PYF,2022,83.859
PYF,2021,79.571
PYF,2020,82.459
PYF,2019,83.195
PYF,2018,82.985
PYF,2017,82.774
PYF,2016,82.555
PYF,2015,82.339
PYF,2014,82.151
PYF,2013,81.935
PYF,2012,81.695
PYF,2011,81.434
PYF,2010,81.141
PYF,2009,80.867
PYF,2008,80.587
PYF,2007,80.328
PYF,2006,80.1
PYF,2005,79.951
PYF,2004,79.829
PYF,2003,79.71
PYF,2002,79.544
PYF,2001,79.316
PYF,2000,79.0
PYF,1999,78.574
PYF,1998,77.842
PYF,1997,77.38
PYF,1996,76.813
PYF,1995,76.243
PYF,1994,75.65
PYF,1993,75.191
PYF,1992,74.746
PYF,1991,74.295
PYF,1990,73.908
PYF,1989,73.494
PYF,1988,73.088
PYF,1987,72.448
PYF,1986,71.967
PYF,1985,71.203
PYF,1984,70.559
PYF,1983,69.702
PYF,1982,68.922
PYF,1981,68.157
PYF,1980,67.405
PYF,1979,66.612
PYF,1978,65.891
PYF,1977,65.31
PYF,1976,64.761
PYF,1975,64.249
PYF,1974,63.778
PYF,1973,63.401
PYF,1972,63.082
PYF,1971,62.782
PYF,1970,62.495
PYF,1969,62.214
PYF,1968,61.931
PYF,1967,61.645
PYF,1966,61.353
PYF,1965,61.069
PYF,1964,60.797
PYF,1963,60.514
PYF,1962,60.201
PYF,1961,59.85
PYF,1960,59.445
GAB,2024,68.511
GAB,2023,68.337
GAB,2022,67.713
GAB,2021,67.072
GAB,2020,67.073
GAB,2019,67.337
GAB,2018,67.043
GAB,2017,66.816
GAB,2016,66.583
GAB,2015,66.336
GAB,2014,66.07
GAB,2013,65.751
GAB,2012,65.438
GAB,2011,65.102
GAB,2010,64.715
GAB,2009,64.361
GAB,2008,64.011
GAB,2007,63.619
GAB,2006,63.259
GAB,2005,62.978
GAB,2004,62.694
GAB,2003,62.463
GAB,2002,62.175
GAB,2001,61.982
GAB,2000,61.81
GAB,1999,61.658
GAB,1998,61.506
GAB,1997,61.395
GAB,1996,61.265
GAB,1995,61.27
GAB,1994,61.183
GAB,1993,61.125
GAB,1992,61.013
GAB,1991,60.891
GAB,1990,60.736
GAB,1989,60.584
GAB,1988,60.398
GAB,1987,60.2
GAB,1986,59.956
GAB,1985,59.665
GAB,1984,59.34
GAB,1983,58.994
GAB,1982,58.644
GAB,1981,58.332
GAB,1980,57.893
GAB,1979,57.438
GAB,1978,56.954
GAB,1977,56.467
GAB,1976,55.97
GAB,1975,55.455
GAB,1974,54.911
GAB,1973,54.352
GAB,1972,53.811
GAB,1971,53.259
GAB,1970,52.697
GAB,1969,52.127
GAB,1968,51.545
GAB,1967,50.928
GAB,1966,50.322
GAB,1965,49.71
GAB,1964,48.994
GAB,1963,48.425
GAB,1962,47.777
GAB,1961,47.115
GAB,1960,46.443
GMB,2024,66.057
GMB,2023,65.86
GMB,2022,64.859
GMB,2021,63.847
GMB,2020,64.418
GMB,2019,64.427
GMB,2018,64.034
GMB,2017,63.708
GMB,2016,63.386
GMB,2015,62.971
GMB,2014,62.576
GMB,2013,62.252
GMB,2012,61.9
GMB,2011,61.561
GMB,2010,61.167
GMB,2009,60.735
GMB,2008,60.473
GMB,2007,60.001
GMB,2006,59.667
GMB,2005,59.11
GMB,2004,58.749
GMB,2003,58.223
GMB,2002,57.736
GMB,2001,57.283
GMB,2000,56.899
GMB,1999,56.466
GMB,1998,56.007
GMB,1997,55.225
GMB,1996,54.849
GMB,1995,54.292
GMB,1994,53.768
GMB,1993,53.15
GMB,1992,52.477
GMB,1991,51.857
GMB,1990,51.278
GMB,1989,50.725
GMB,1988,50.146
GMB,1987,49.392
GMB,1986,48.798
GMB,1985,48.151
GMB,1984,47.513
GMB,1983,46.892
GMB,1982,46.25
GMB,1981,44.489
GMB,1980,44.977
GMB,1979,44.517
GMB,1978,43.573
GMB,1977,43.366
GMB,1976,42.876
GMB,1975,42.192
GMB,1974,41.676
GMB,1973,41.088
GMB,1972,40.549
GMB,1971,40.048
GMB,1970,39.532
GMB,1969,39.004
GMB,1968,38.533
GMB,1967,38.063
GMB,1966,37.559
GMB,1965,37.12
GMB,1964,36.579
GMB,1963,36.086
GMB,1962,35.599
GMB,1961,35.063
GMB,1960,34.574
GEO,2024,74.657
GEO,2023,74.496
GEO,2022,74.141
GEO,2021,71.635
GEO,2020,73.509
GEO,2019,74.165
GEO,2018,73.985
GEO,2017,73.435
GEO,2016,73.136
GEO,2015,73.241
GEO,2014,73.105
GEO,2013,73.025
GEO,2012,72.672
GEO,2011,72.485
GEO,2010,71.732
GEO,2009,71.058
GEO,2008,70.949
GEO,2007,70.985
GEO,2006,70.983
GEO,2005,70.689
GEO,2004,71.011
GEO,2003,71.377
GEO,2002,70.438
GEO,2001,70.371
GEO,2000,70.091
GEO,1999,70.012
GEO,1998,69.787
GEO,1997,69.683
GEO,1996,70.637
GEO,1995,69.398
GEO,1994,68.669
GEO,1993,67.405
GEO,1992,67.78
GEO,1991,68.202
GEO,1990,68.679
GEO,1989,68.635
GEO,1988,68.825
GEO,1987,69.219
GEO,1986,69.225
GEO,1985,69.006
GEO,1984,68.795
GEO,1983,69.135
GEO,1982,69.109
GEO,1981,68.741
GEO,1980,68.273
GEO,1979,67.942
GEO,1978,67.597
GEO,1977,67.246
GEO,1976,66.894
GEO,1975,66.512
GEO,1974,66.18
GEO,1973,65.851
GEO,1972,65.516
GEO,1971,65.189
GEO,1970,64.869
GEO,1969,64.509
GEO,1968,64.139
GEO,1967,63.772
GEO,1966,63.397
GEO,1965,63.097
GEO,1964,62.818
GEO,1963,62.457
GEO,1962,62.078
GEO,1961,61.72
GEO,1960,61.347
DEU,2024,80.7926829268293
DEU,2023,81.0414634146342
DEU,2022,80.6080487804878
DEU,2021,80.790243902439
DEU,2020,81.0414634146342
DEU,2019,81.2926829268293
DEU,2018,80.8926829268293
DEU,2017,80.9926829268293
DEU,2016,80.990243902439
DEU,2015,80.6414634146341
DEU,2014,81.090243902439
DEU,2013,80.490243902439
DEU,2012,80.5390243902439
DEU,2011,80.4365853658537
DEU,2010,79.9878048780488
DEU,2009,79.8365853658537
DEU,2008,79.7365853658537
DEU,2007,79.5341463414634
DEU,2006,79.1317073170732
DEU,2005,78.9317073170732
DEU,2004,78.6804878048781
DEU,2003,78.3804878048781
DEU,2002,78.2292682926829
DEU,2001,78.3292682926829
DEU,2000,77.9268292682927
DEU,1999,77.7268292682927
DEU,1998,77.4756097560976
DEU,1997,77.0731707317073
DEU,1996,76.6731707317073
DEU,1995,76.4219512195122
DEU,1994,76.2707317073171
DEU,1993,75.8707317073171
DEU,1992,75.819512195122
DEU,1991,75.319512195122
DEU,1990,75.0856341463415
DEU,1989,75.1915365853659
DEU,1988,74.9987317073171
DEU,1987,74.8070243902439
DEU,1986,74.3968292682927
DEU,1985,74.1890975609756
DEU,1984,74.0722926829268
DEU,1983,73.6221463414634
DEU,1982,73.3331463414634
DEU,1981,73.0402195121951
DEU,1980,72.8003170731707
DEU,1979,72.6301707317073
DEU,1978,72.2904146341464
DEU,1977,72.3073170731707
DEU,1976,71.7122195121951
DEU,1975,71.259243902439
DEU,1974,71.4189268292683
DEU,1973,71.1128048780488
DEU,1972,70.9067073170732
DEU,1971,70.676756097561
DEU,1970,70.4471951219512
DEU,1969,70.2288048780488
DEU,1968,70.3784634146342
DEU,1967,70.7317317073171
DEU,1966,70.5215853658537
DEU,1965,70.4103658536585
DEU,1964,70.4355609756098
DEU,1963,69.9140731707317
DEU,1962,69.7992195121951
DEU,1961,69.6448780487805
DEU,1960,69.0640731707317
GHA,2024,65.695
GHA,2023,65.498
GHA,2022,65.246
GHA,2021,64.286
GHA,2020,64.309
GHA,2019,64.455
GHA,2018,64.138
GHA,2017,63.829
GHA,2016,63.522
GHA,2015,63.175
GHA,2014,62.832
GHA,2013,62.397
GHA,2012,61.995
GHA,2011,61.617
GHA,2010,61.297
GHA,2009,60.928
GHA,2008,60.578
GHA,2007,60.282
GHA,2006,59.975
GHA,2005,59.638
GHA,2004,59.316
GHA,2003,59.014
GHA,2002,58.709
GHA,2001,58.403
GHA,2000,58.139
GHA,1999,57.835
GHA,1998,57.525
GHA,1997,57.241
GHA,1996,56.957
GHA,1995,56.662
GHA,1994,56.234
GHA,1993,56.286
GHA,1992,56.055
GHA,1991,55.722
GHA,1990,55.395
GHA,1989,54.936
GHA,1988,54.396
GHA,1987,53.818
GHA,1986,53.276
GHA,1985,52.732
GHA,1984,52.232
GHA,1983,51.78
GHA,1982,51.425
GHA,1981,51.313
GHA,1980,51.059
GHA,1979,50.787
GHA,1978,50.461
GHA,1977,50.079
GHA,1976,49.732
GHA,1975,49.323
GHA,1974,48.918
GHA,1973,48.577
GHA,1972,48.274
GHA,1971,47.949
GHA,1970,47.888
GHA,1969,47.895
GHA,1968,47.758
GHA,1967,47.734
GHA,1966,47.708
GHA,1965,47.689
GHA,1964,47.637
GHA,1963,47.476
GHA,1962,47.335
GHA,1961,47.127
GHA,1960,46.942
GIB,2024,83.63
GIB,2023,83.553
GIB,2022,83.517
GIB,2021,80.274
GIB,2020,83.07
GIB,2019,83.183
GIB,2018,83.028
GIB,2017,82.858
GIB,2016,82.741
GIB,2015,82.668
GIB,2014,82.644
GIB,2013,82.586
GIB,2012,82.527
GIB,2011,82.333
GIB,2010,82.08
GIB,2009,81.807
GIB,2008,81.541
GIB,2007,81.269
GIB,2006,81.103
GIB,2005,80.991
GIB,2004,80.856
GIB,2003,80.713
GIB,2002,80.59
GIB,2001,80.419
GIB,2000,80.145
GIB,1999,79.812
GIB,1998,79.477
GIB,1997,79.097
GIB,1996,78.696
GIB,1995,78.345
GIB,1994,78.052
GIB,1993,77.722
GIB,1992,77.412
GIB,1991,77.118
GIB,1990,76.814
GIB,1989,76.474
GIB,1988,76.18
GIB,1987,75.871
GIB,1986,75.557
GIB,1985,75.232
GIB,1984,74.935
GIB,1983,74.613
GIB,1982,74.325
GIB,1981,73.999
GIB,1980,73.755
GIB,1979,73.585
GIB,1978,73.512
GIB,1977,73.479
GIB,1976,73.443
GIB,1975,73.322
GIB,1974,73.053
GIB,1973,72.707
GIB,1972,72.356
GIB,1971,72.103
GIB,1970,71.888
GIB,1969,71.812
GIB,1968,71.709
GIB,1967,71.54
GIB,1966,71.178
GIB,1965,70.755
GIB,1964,70.438
GIB,1963,70.249
GIB,1962,70.174
GIB,1961,70.165
GIB,1960,70.209
GRC,2024,81.8390243902439
GRC,2023,81.7365853658537
GRC,2022,80.7878048780488
GRC,2021,80.0829268292683
GRC,2020,81.2878048780488
GRC,2019,81.6390243902439
GRC,2018,81.7878048780488
GRC,2017,81.2878048780488
GRC,2016,81.3878048780488
GRC,2015,81.0365853658537
GRC,2014,81.3853658536585
GRC,2013,81.2853658536585
GRC,2012,80.6341463414634
GRC,2011,80.7317073170732
GRC,2010,80.3878048780488
GRC,2009,80.1878048780488
GRC,2008,79.9390243902439
GRC,2007,79.4390243902439
GRC,2006,79.4390243902439
GRC,2005,79.2390243902439
GRC,2004,79.0390243902439
GRC,2003,78.8414634146341
GRC,2002,78.6414634146341
GRC,2001,78.3878048780488
GRC,2000,77.8878048780488
GRC,1999,77.9878048780488
GRC,1998,77.8390243902439
GRC,1997,78.1365853658537
GRC,1996,77.6853658536585
GRC,1995,77.5853658536585
GRC,1994,77.6390243902439
GRC,1993,77.390243902439
GRC,1992,77.3829268292683
GRC,1991,77.1365853658537
GRC,1990,76.9390243902439
GRC,1989,76.6878048780488
GRC,1988,76.9481951219512
GRC,1987,76.0558536585366
GRC,1986,76.4882195121951
GRC,1985,76.0950487804878
GRC,1984,75.7576097560976
GRC,1983,75.4804146341463
GRC,1982,75.2026829268293
GRC,1981,74.9156829268293
GRC,1980,74.5065609756098
GRC,1979,74.5928292682927
GRC,1978,74.3631707317073
GRC,1977,73.6803414634146
GRC,1976,73.6791219512195
GRC,1975,73.4011707317073
GRC,1974,73.3943658536585
GRC,1973,72.9059268292683
GRC,1972,72.656243902439
GRC,1971,72.8671707317073
GRC,1970,72.6807804878049
GRC,1969,71.9788780487805
GRC,1968,71.4037317073171
GRC,1967,71.307
GRC,1966,71.800512195122
GRC,1965,71.3916829268293
GRC,1964,70.4581707317073
GRC,1963,70.5639756097561
GRC,1962,70.2246097560976
GRC,1961,70.2830243902439
GRC,1960,70.4343170731707
GRL,2024,70.2734146341463
GRL,2023,70.9724390243902
GRL,2022,71.230243902439
GRL,2021,71.2614634146342
GRL,2020,71.2858536585366
GRL,2019,71.4092682926829
GRL,2018,71.3609756097561
GRL,2017,71.2563414634146
GRL,2016,71.1990243902439
GRL,2015,70.909756097561
GRL,2014,70.5082926829268
GRL,2013,70.2917073170732
GRL,2012,69.959512195122
GRL,2011,69.6146341463415
GRL,2010,69.349756097561
GRL,2009,69.0321951219512
GRL,2008,68.5660975609756
GRL,2007,68.2739024390244
GRL,2006,67.8180487804878
GRL,2005,67.3051219512195
GRL,2004,66.8080487804878
GRL,2003,66.1229268292683
GRL,2002,65.419512195122
GRL,2001,65.0058536585366
GRL,2000,64.8034146341463
GRL,1999,65.8336585365854
GRL,1998,66.1570731707317
GRL,1997,65.7980487804878
GRL,1996,65.7673170731707
GRL,1995,65.6441463414634
GRL,1994,65.9009756097561
GRL,1993,65.5853658536585
GRL,1992,65.1960975609756
GRL,1991,65.0317073170732
GRL,1990,65.0682926829268
GRL,1989,64.6675609756098
GRL,1988,64.5824390243903
GRL,1987,64.6541463414634
GRL,1986,64.2487804878049
GRL,1985,63.8336585365854
GRL,1984,63.4665853658537
GRL,1983,63.3
GRL,1982,63.1926829268293
GRL,1981,63.0748780487805
GRL,1980,63.449756097561
GRL,1979,63.9548780487805
GRL,1978,63.4146341463415
GRL,1977,61.8398780487805
GRL,1976,61.8058292682927
GRL,1975,61.8320243902439
GRL,1974,62.025512195122
GRL,1973,62.4474878048781
GRL,1972,62.7973658536585
GRL,1971,63.0539756097561
GRL,1970,63.1156585365854
GRL,1969,63.1216097560976
GRL,1968,62.7596341463415
GRL,1967,62.3363414634146
GRL,1966,61.8018292682927
GRL,1965,61.4213902439024
GRL,1964,60.9083658536586
GRL,1963,60.4535365853659
GRL,1962,60.0291219512195
GRL,1961,59.4261219512195
GRL,1960,58.552243902439
GRD,2024,75.367
GRD,2023,75.205
GRD,2022,75.151
GRD,2021,74.522
GRD,2020,75.019
GRD,2019,74.971
GRD,2018,74.957
GRD,2017,74.977
GRD,2016,75.01
GRD,2015,75.037
GRD,2014,75.045
GRD,2013,75.022
GRD,2012,74.961
GRD,2011,74.861
GRD,2010,74.731
GRD,2009,74.567
GRD,2008,74.374
GRD,2007,74.159
GRD,2006,73.93
GRD,2005,73.7
GRD,2004,72.447
GRD,2003,73.291
GRD,2002,73.142
GRD,2001,73.034
GRD,2000,72.955
GRD,1999,72.873
GRD,1998,72.762
GRD,1997,72.6
GRD,1996,72.373
GRD,1995,72.094
GRD,1994,71.78
GRD,1993,71.45
GRD,1992,71.125
GRD,1991,70.823
GRD,1990,70.546
GRD,1989,70.289
GRD,1988,70.045
GRD,1987,69.808
GRD,1986,69.574
GRD,1985,69.338
GRD,1984,69.095
GRD,1983,64.333
GRD,1982,68.597
GRD,1981,68.348
GRD,1980,68.117
GRD,1979,67.941
GRD,1978,67.856
GRD,1977,67.869
GRD,1976,67.949
GRD,1975,68.004
GRD,1974,67.884
GRD,1973,67.557
GRD,1972,67.151
GRD,1971,66.874
GRD,1970,66.856
GRD,1969,66.975
GRD,1968,66.912
GRD,1967,66.46
GRD,1966,65.649
GRD,1965,64.78
GRD,1964,64.199
GRD,1963,63.783
GRD,1962,63.752
GRD,1961,63.553
GRD,1960,63.144
GUM,2024,77.422
GUM,2023,77.209
GUM,2022,77.102
GUM,2021,75.434
GUM,2020,75.529
GUM,2019,76.645
GUM,2018,76.561
GUM,2017,76.463
GUM,2016,76.449
GUM,2015,76.444
GUM,2014,76.423
GUM,2013,76.361
GUM,2012,76.237
GUM,2011,76.153
GUM,2010,76.095
GUM,2009,76.141
GUM,2008,76.233
GUM,2007,76.397
GUM,2006,76.477
GUM,2005,76.427
GUM,2004,76.114
GUM,2003,75.885
GUM,2002,75.506
GUM,2001,75.195
GUM,2000,74.894
GUM,1999,74.789
GUM,1998,74.753
GUM,1997,74.7
GUM,1996,74.638
GUM,1995,74.511
GUM,1994,74.344
GUM,1993,74.004
GUM,1992,73.632
GUM,1991,73.518
GUM,1990,73.455
GUM,1989,73.503
GUM,1988,73.429
GUM,1987,73.468
GUM,1986,73.324
GUM,1985,73.07
GUM,1984,72.589
GUM,1983,72.141
GUM,1982,71.681
GUM,1981,71.18
GUM,1980,70.674
GUM,1979,70.116
GUM,1978,69.57
GUM,1977,69.024
GUM,1976,68.275
GUM,1975,68.011
GUM,1974,67.532
GUM,1973,66.93
GUM,1972,66.469
GUM,1971,66.064
GUM,1970,65.811
GUM,1969,65.499
GUM,1968,65.201
GUM,1967,64.916
GUM,1966,64.639
GUM,1965,64.367
GUM,1964,64.104
GUM,1963,63.833
GUM,1962,63.349
GUM,1961,63.226
GUM,1960,62.882
GTM,2024,72.746
GTM,2023,72.602
GTM,2022,71.206
GTM,2021,67.858
GTM,2020,69.971
GTM,2019,71.639
GTM,2018,71.496
GTM,2017,71.583
GTM,2016,71.215
GTM,2015,70.915
GTM,2014,70.942
GTM,2013,70.878
GTM,2012,70.722
GTM,2011,70.321
GTM,2010,69.885
GTM,2009,69.676
GTM,2008,69.493
GTM,2007,69.299
GTM,2006,68.79
GTM,2005,68.167
GTM,2004,68.245
GTM,2003,68.204
GTM,2002,67.835
GTM,2001,67.436
GTM,2000,67.102
GTM,1999,66.634
GTM,1998,65.969
GTM,1997,65.249
GTM,1996,64.54
GTM,1995,63.662
GTM,1994,63.026
GTM,1993,62.442
GTM,1992,61.992
GTM,1991,61.926
GTM,1990,61.767
GTM,1989,61.745
GTM,1988,61.538
GTM,1987,60.991
GTM,1986,60.341
GTM,1985,59.788
GTM,1984,59.074
GTM,1983,57.913
GTM,1982,48.863
GTM,1981,54.709
GTM,1980,55.297
GTM,1979,56.6
GTM,1978,56.412
GTM,1977,55.184
GTM,1976,47.617
GTM,1975,52.832
GTM,1974,53.023
GTM,1973,52.848
GTM,1972,51.817
GTM,1971,50.276
GTM,1970,48.507
GTM,1969,47.521
GTM,1968,47.758
GTM,1967,47.727
GTM,1966,47.511
GTM,1965,47.185
GTM,1964,47.055
GTM,1963,46.622
GTM,1962,46.492
GTM,1961,46.12
GTM,1960,45.76
GIN,2024,60.904
GIN,2023,60.74
GIN,2022,60.432
GIN,2021,59.373
GIN,2020,59.35
GIN,2019,59.379
GIN,2018,59.043
GIN,2017,58.715
GIN,2016,58.49
GIN,2015,57.899
GIN,2014,57.581
GIN,2013,57.459
GIN,2012,57.117
GIN,2011,56.778
GIN,2010,56.431
GIN,2009,56.052
GIN,2008,55.703
GIN,2007,55.233
GIN,2006,54.875
GIN,2005,54.422
GIN,2004,53.975
GIN,2003,53.589
GIN,2002,53.2
GIN,2001,52.669
GIN,2000,52.42
GIN,1999,51.987
GIN,1998,51.61
GIN,1997,51.113
GIN,1996,50.546
GIN,1995,49.836
GIN,1994,49.188
GIN,1993,48.819
GIN,1992,48.266
GIN,1991,47.781
GIN,1990,47.252
GIN,1989,46.86
GIN,1988,46.478
GIN,1987,46.107
GIN,1986,45.719
GIN,1985,45.31
GIN,1984,44.858
GIN,1983,44.226
GIN,1982,43.863
GIN,1981,43.33
GIN,1980,42.842
GIN,1979,42.343
GIN,1978,41.882
GIN,1977,41.409
GIN,1976,41.028
GIN,1975,40.606
GIN,1974,40.229
GIN,1973,39.937
GIN,1972,39.683
GIN,1971,39.372
GIN,1970,39.06
GIN,1969,38.824
GIN,1968,38.501
GIN,1967,38.224
GIN,1966,37.959
GIN,1965,37.653
GIN,1964,37.415
GIN,1963,37.196
GIN,1962,36.997
GIN,1961,36.816
GIN,1960,36.623
GNB,2024,64.254
GNB,2023,64.085
GNB,2022,63.605
GNB,2021,61.653
GNB,2020,61.343
GNB,2019,62.161
GNB,2018,61.652
GNB,2017,61.148
GNB,2016,60.619
GNB,2015,60.071
GNB,2014,59.476
GNB,2013,58.879
GNB,2012,58.27
GNB,2011,57.663
GNB,2010,56.999
GNB,2009,56.297
GNB,2008,55.3
GNB,2007,54.87
GNB,2006,54.089
GNB,2005,52.949
GNB,2004,52.8
GNB,2003,52.186
GNB,2002,51.608
GNB,2001,51.054
GNB,2000,50.565
GNB,1999,48.492
GNB,1998,48.123
GNB,1997,48.033
GNB,1996,48.772
GNB,1995,48.531
GNB,1994,47.775
GNB,1993,47.84
GNB,1992,47.518
GNB,1991,47.201
GNB,1990,46.89
GNB,1989,46.614
GNB,1988,46.279
GNB,1987,45.844
GNB,1986,45.523
GNB,1985,45.266
GNB,1984,44.943
GNB,1983,44.6
GNB,1982,44.293
GNB,1981,43.926
GNB,1980,43.57
GNB,1979,43.239
GNB,1978,42.908
GNB,1977,42.578
GNB,1976,42.253
GNB,1975,41.934
GNB,1974,41.613
GNB,1973,38.17
GNB,1972,37.82
GNB,1971,37.538
GNB,1970,37.258
GNB,1969,36.959
GNB,1968,36.672
GNB,1967,36.344
GNB,1966,36.083
GNB,1965,35.92
GNB,1964,35.807
GNB,1963,35.644
GNB,1962,38.032
GNB,1961,37.788
GNB,1960,37.554
GUY,2024,70.319
GUY,2023,70.18
GUY,2022,69.888
GUY,2021,64.323
GUY,2020,67.751
GUY,2019,69.067
GUY,2018,68.829
GUY,2017,68.543
GUY,2016,68.069
GUY,2015,67.719
GUY,2014,67.334
GUY,2013,66.71
GUY,2012,66.443
GUY,2011,66.469
GUY,2010,66.204
GUY,2009,66.03
GUY,2008,65.721
GUY,2007,65.462
GUY,2006,64.848
GUY,2005,64.392
GUY,2004,64.214
GUY,2003,64.117
GUY,2002,64.183
GUY,2001,64.38
GUY,2000,64.075
GUY,1999,63.772
GUY,1998,63.429
GUY,1997,62.879
GUY,1996,62.691
GUY,1995,62.668
GUY,1994,63.007
GUY,1993,63.016
GUY,1992,62.816
GUY,1991,62.463
GUY,1990,62.254
GUY,1989,62.054
GUY,1988,61.849
GUY,1987,61.698
GUY,1986,61.521
GUY,1985,61.379
GUY,1984,61.255
GUY,1983,61.157
GUY,1982,61.01
GUY,1981,60.91
GUY,1980,60.808
GUY,1979,60.735
GUY,1978,60.646
GUY,1977,60.558
GUY,1976,60.449
GUY,1975,60.375
GUY,1974,60.305
GUY,1973,60.211
GUY,1972,60.133
GUY,1971,60.068
GUY,1970,59.961
GUY,1969,59.835
GUY,1968,59.69
GUY,1967,59.53
GUY,1966,59.329
GUY,1965,59.137
GUY,1964,58.958
GUY,1963,58.644
GUY,1962,58.303
GUY,1961,57.912
GUY,1960,57.51
HTI,2024,65.119
HTI,2023,64.936
HTI,2022,63.948
HTI,2021,62.613
HTI,2020,63.773
HTI,2019,64.328
HTI,2018,64.077
HTI,2017,63.832
HTI,2016,63.325
HTI,2015,63.224
HTI,2014,62.969
HTI,2013,62.624
HTI,2012,62.273
HTI,2011,61.581
HTI,2010,45.577
HTI,2009,61.694
HTI,2008,61.28
HTI,2007,61.09
HTI,2006,60.74
HTI,2005,60.318
HTI,2004,58.517
HTI,2003,59.44
HTI,2002,59.041
HTI,2001,58.591
HTI,2000,58.175
HTI,1999,57.692
HTI,1998,57.137
HTI,1997,56.675
HTI,1996,56.111
HTI,1995,55.582
HTI,1994,54.731
HTI,1993,54.478
HTI,1992,54.041
HTI,1991,53.524
HTI,1990,53.215
HTI,1989,52.88
HTI,1988,52.554
HTI,1987,52.245
HTI,1986,51.874
HTI,1985,51.583
HTI,1984,51.254
HTI,1983,50.946
HTI,1982,50.626
HTI,1981,50.31
HTI,1980,49.971
HTI,1979,49.749
HTI,1978,49.484
HTI,1977,49.226
HTI,1976,48.972
HTI,1975,48.72
HTI,1974,48.458
HTI,1973,48.194
HTI,1972,47.884
HTI,1971,47.619
HTI,1970,47.265
HTI,1969,46.903
HTI,1968,46.522
HTI,1967,46.135
HTI,1966,45.565
HTI,1965,45.371
HTI,1964,44.928
HTI,1963,42.724
HTI,1962,44.196
HTI,1961,43.825
HTI,1960,43.44
HND,2024,73.044
HND,2023,72.884
HND,2022,72.715
HND,2021,69.492
HND,2020,70.864
HND,2019,72.124
HND,2018,72.001
HND,2017,71.805
HND,2016,71.615
HND,2015,71.323
HND,2014,71.032
HND,2013,70.765
HND,2012,70.46
HND,2011,70.116
HND,2010,69.77
HND,2009,69.823
HND,2008,69.657
HND,2007,69.539
HND,2006,69.364
HND,2005,69.198
HND,2004,69.05
HND,2003,68.874
HND,2002,68.714
HND,2001,68.491
HND,2000,68.302
HND,1999,68.005
HND,1998,62.432
HND,1997,67.542
HND,1996,67.263
HND,1995,66.919
HND,1994,66.523
HND,1993,66.074
HND,1992,65.908
HND,1991,65.584
HND,1990,65.183
HND,1989,64.782
HND,1988,64.393
HND,1987,64.066
HND,1986,63.651
HND,1985,63.223
HND,1984,62.819
HND,1983,62.408
HND,1982,61.688
HND,1981,61.033
HND,1980,60.388
HND,1979,59.829
HND,1978,59.248
HND,1977,58.704
HND,1976,58.151
HND,1975,57.523
HND,1974,52.519
HND,1973,54.565
HND,1972,55.689
HND,1971,55.012
HND,1970,54.36
HND,1969,53.712
HND,1968,53.041
HND,1967,52.331
HND,1966,51.588
HND,1965,50.863
HND,1964,50.197
HND,1963,49.385
HND,1962,48.647
HND,1961,47.71
HND,1960,47.149
HKG,2024,85.3926829268293
HKG,2023,85.2473170731707
HKG,2022,83.6609756097561
HKG,2021,85.5326829268293
HKG,2020,85.4963414634146
HKG,2019,85.1558536585366
HKG,2018,84.869756097561
HKG,2017,84.6956097560976
HKG,2016,84.2114634146342
HKG,2015,84.2526829268293
HKG,2014,83.9356097560976
HKG,2013,83.8312195121951
HKG,2012,83.450243902439
HKG,2011,83.4119512195122
HKG,2010,82.9575609756098
HKG,2009,82.7751219512195
HKG,2008,82.3404878048781
HKG,2007,82.3668292682927
HKG,2006,82.3848780487805
HKG,2005,81.6090243902439
HKG,2004,81.7992682926829
HKG,2003,81.3434146341464
HKG,2002,81.4521951219512
HKG,2001,81.4192682926829
HKG,2000,80.8731707317073
HKG,1999,80.3726829268293
HKG,1998,80.1068292682927
HKG,1997,80.1121951219512
HKG,1996,79.6275609756098
HKG,1995,78.6787804878049
HKG,1994,78.5436585365854
HKG,1993,78.0160975609756
HKG,1992,77.6734146341464
HKG,1991,77.8729268292683
HKG,1990,77.3707317073171
HKG,1989,77.0287804878049
HKG,1988,77.0834146341464
HKG,1987,76.8978048780488
HKG,1986,76.6843902439024
HKG,1985,76.4292682926829
HKG,1984,76.009512195122
HKG,1983,75.2863414634146
HKG,1982,75.4385365853659
HKG,1981,75.3490243902439
HKG,1980,74.6534146341464
HKG,1979,73.6631707317073
HKG,1978,73.5407317073171
HKG,1977,73.3492682926829
HKG,1976,72.7890243902439
HKG,1975,73.3621951219512
HKG,1974,72.5978048780488
HKG,1973,72.090243902439
HKG,1972,71.4509756097561
HKG,1971,71.4680487804878
HKG,1970,70.9346829268293
HKG,1969,70.6271707317073
HKG,1968,70.2170243902439
HKG,1967,69.8278536585366
HKG,1966,69.2658536585366
HKG,1965,68.8668048780488
HKG,1964,68.2190975609756
HKG,1963,67.6451707317073
HKG,1962,66.9104634146342
HKG,1961,66.4416585365854
HKG,1960,65.6971219512195
HUN,2024,76.7243902439025
HUN,2023,76.5707317073171
HUN,2022,75.8682926829268
HUN,2021,74.0658536585366
HUN,2020,75.419512195122
HUN,2019,76.3195121951219
HUN,2018,76.0658536585366
HUN,2017,75.8170731707317
HUN,2016,76.0634146341464
HUN,2015,75.5682926829269
HUN,2014,75.7634146341463
HUN,2013,75.5658536585366
HUN,2012,75.0634146341463
HUN,2011,74.8585365853659
HUN,2010,74.2073170731707
HUN,2009,73.9048780487805
HUN,2008,73.7024390243903
HUN,2007,73.1512195121951
HUN,2006,73.0975609756098
HUN,2005,72.6487804878049
HUN,2004,72.6487804878049
HUN,2003,72.3
HUN,2002,72.3487804878049
HUN,2001,72.2487804878049
HUN,2000,71.2463414634146
HUN,1999,70.6770731707317
HUN,1998,70.5578048780488
HUN,1997,70.7024390243902
HUN,1996,70.3287804878049
HUN,1995,69.7917073170732
HUN,1994,69.469756097561
HUN,1993,69.1012195121951
HUN,1992,69.1170731707317
HUN,1991,69.3770731707317
HUN,1990,69.3156097560976
HUN,1989,69.4617073170732
HUN,1988,70.0234146341463
HUN,1987,69.6512195121951
HUN,1986,69.1734146341463
HUN,1985,68.9721951219512
HUN,1984,69.0258536585366
HUN,1983,68.9736585365854
HUN,1982,69.3578048780488
HUN,1981,69.1392682926829
HUN,1980,69.0617073170732
HUN,1979,69.6153658536585
HUN,1978,69.3939024390244
HUN,1977,69.8480487804878
HUN,1976,69.5731707317073
HUN,1975,69.29
HUN,1974,69.2480487804878
HUN,1973,69.5180487804878
HUN,1972,69.6646341463415
HUN,1971,69.0524390243903
HUN,1970,69.1646341463415
HUN,1969,69.3146341463415
HUN,1968,69.230243902439
HUN,1967,69.4070731707317
HUN,1966,69.8224390243902
HUN,1965,69.0712195121951
HUN,1964,69.3809756097561
HUN,1963,68.8741463414634
HUN,1962,67.8658536585366
HUN,1961,68.9360975609756
HUN,1960,68.0031707317073
ISL,2024,82.809756097561
ISL,2023,82.4560975609756
ISL,2022,82.119512195122
ISL,2021,83.1658536585366
ISL,2020,83.0634146341463
ISL,2019,83.1634146341463
ISL,2018,82.8609756097561
ISL,2017,82.6609756097561
ISL,2016,82.2048780487805
ISL,2015,82.4682926829268
ISL,2014,82.8609756097561
ISL,2013,82.0609756097561
ISL,2012,82.9170731707317
ISL,2011,82.3585365853659
ISL,2010,81.8975609756097
ISL,2009,81.7512195121951
ISL,2008,81.609756097561
ISL,2007,81.4536585365854
ISL,2006,81.1585365853659
ISL,2005,81.5024390243902
ISL,2004,80.9975609756098
ISL,2003,80.9634146341464
ISL,2002,80.5024390243903
ISL,2001,80.690243902439
ISL,2000,79.6536585365854
ISL,1999,79.3512195121951
ISL,1998,79.6024390243903
ISL,1997,78.8853658536585
ISL,1996,78.7778048780488
ISL,1995,77.9843902439024
ISL,1994,79.2470731707317
ISL,1993,78.9346341463415
ISL,1992,78.760243902439
ISL,1991,77.9919512195122
ISL,1990,78.0363414634146
ISL,1989,78.1409756097561
ISL,1988,77.0829268292683
ISL,1987,77.3390243902439
ISL,1986,77.9907317073171
ISL,1985,77.6024390243903
ISL,1984,77.5765853658537
ISL,1983,76.8456097560976
ISL,1982,77.0378048780488
ISL,1981,76.5214634146341
ISL,1980,76.8465853658537
ISL,1979,76.7731707317073
ISL,1978,76.6492682926829
ISL,1977,76.3736585365854
ISL,1976,76.9721951219512
ISL,1975,75.5787804878049
ISL,1974,74.5117073170732
ISL,1973,74.4509756097561
ISL,1972,74.4558536585366
ISL,1971,73.5704878048781
ISL,1970,73.9339024390244
ISL,1969,73.7763414634147
ISL,1968,74.0058536585366
ISL,1967,73.7831707317073
ISL,1966,73.3004878048781
ISL,1965,73.8687804878049
ISL,1964,73.5417073170732
ISL,1963,73.0429268292683
ISL,1962,73.7219512195122
ISL,1961,73.5034146341464
ISL,1960,74.0400731707317
IND,2024,72.235
IND,2023,72.003
IND,2022,71.698
IND,2021,67.282
IND,2020,70.156
IND,2019,70.746
IND,2018,70.415
IND,2017,70.068
IND,2016,69.709
IND,2015,69.326
IND,2014,68.932
IND,2013,68.499
IND,2012,68.076
IND,2011,67.623
IND,2010,67.162
IND,2009,66.7
IND,2008,66.247
IND,2007,65.803
IND,2006,65.373
IND,2005,64.939
IND,2004,64.484
IND,2003,64.086
IND,2002,63.649
IND,2001,63.158
IND,2000,62.749
IND,1999,62.284
IND,1998,61.852
IND,1997,61.439
IND,1996,61.027
IND,1995,60.63
IND,1994,60.237
IND,1993,59.823
IND,1992,59.445
IND,1991,59.032
IND,1990,58.618
IND,1989,58.196
IND,1988,57.744
IND,1987,57.291
IND,1986,56.819
IND,1985,56.324
IND,1984,55.813
IND,1983,55.283
IND,1982,54.735
IND,1981,54.173
IND,1980,53.593
IND,1979,53.014
IND,1978,52.42
IND,1977,51.822
IND,1976,51.302
IND,1975,50.761
IND,1974,50.259
IND,1973,49.642
IND,1972,49.213
IND,1971,48.902
IND,1970,48.585
IND,1969,48.26
IND,1968,47.925
IND,1967,46.184
IND,1966,45.884
IND,1965,45.558
IND,1964,46.742
IND,1963,46.458
IND,1962,46.133
IND,1961,45.824
IND,1960,45.61
IDN,2024,71.288
IDN,2023,71.146
IDN,2022,70.925
IDN,2021,67.452
IDN,2020,68.817
IDN,2019,70.349
IDN,2018,70.08
IDN,2017,69.953
IDN,2016,69.733
IDN,2015,69.52
IDN,2014,69.292
IDN,2013,69.064
IDN,2012,68.862
IDN,2011,68.629
IDN,2010,68.364
IDN,2009,68.267
IDN,2008,68.085
IDN,2007,67.914
IDN,2006,67.664
IDN,2005,67.531
IDN,2004,65.521
IDN,2003,67.134
IDN,2002,66.954
IDN,2001,66.583
IDN,2000,66.292
IDN,1999,66.001
IDN,1998,65.942
IDN,1997,65.774
IDN,1996,65.465
IDN,1995,65.263
IDN,1994,65.041
IDN,1993,64.851
IDN,1992,64.182
IDN,1991,63.703
IDN,1990,63.249
IDN,1989,62.883
IDN,1988,62.386
IDN,1987,62.087
IDN,1986,61.736
IDN,1985,61.387
IDN,1984,60.891
IDN,1983,60.343
IDN,1982,59.7
IDN,1981,59.096
IDN,1980,58.701
IDN,1979,58.18
IDN,1978,57.607
IDN,1977,57.09
IDN,1976,56.445
IDN,1975,55.998
IDN,1974,55.443
IDN,1973,54.916
IDN,1972,54.364
IDN,1971,53.823
IDN,1970,53.254
IDN,1969,52.588
IDN,1968,51.888
IDN,1967,51.309
IDN,1966,48.406
IDN,1965,42.762
IDN,1964,49.44
IDN,1963,48.742
IDN,1962,48.141
IDN,1961,47.385
IDN,1960,46.835
IRN,2024,77.854
IRN,2023,77.654
IRN,2022,76.799
IRN,2021,73.752
IRN,2020,74.141
IRN,2019,76.855
IRN,2018,76.621
IRN,2017,76.396
IRN,2016,76.155
IRN,2015,75.907
IRN,2014,75.635
IRN,2013,75.349
IRN,2012,75.039
IRN,2011,74.721
IRN,2010,74.39
IRN,2009,74.041
IRN,2008,73.683
IRN,2007,73.299
IRN,2006,72.895
IRN,2005,72.446
IRN,2004,72.04
IRN,2003,70.464
IRN,2002,71.112
IRN,2001,70.619
IRN,2000,70.166
IRN,1999,69.686
IRN,1998,69.214
IRN,1997,68.649
IRN,1996,68.328
IRN,1995,67.904
IRN,1994,67.49
IRN,1993,67.037
IRN,1992,66.653
IRN,1991,66.233
IRN,1990,64.066
IRN,1989,65.314
IRN,1988,63.255
IRN,1987,62.685
IRN,1986,62.136
IRN,1985,61.537
IRN,1984,60.875
IRN,1983,58.518
IRN,1982,57.633
IRN,1981,56.625
IRN,1980,58.369
IRN,1979,58.453
IRN,1978,56.042
IRN,1977,56.66
IRN,1976,55.771
IRN,1975,54.819
IRN,1974,53.862
IRN,1973,52.944
IRN,1972,51.729
IRN,1971,51.12
IRN,1970,50.222
IRN,1969,49.382
IRN,1968,47.946
IRN,1967,47.803
IRN,1966,47.072
IRN,1965,46.372
IRN,1964,45.735
IRN,1963,45.105
IRN,1962,43.769
IRN,1961,43.9
IRN,1960,43.297
IRQ,2024,72.424
IRQ,2023,72.324
IRQ,2022,72.037
IRQ,2021,70.704
IRQ,2020,69.651
IRQ,2019,71.245
IRQ,2018,71.116
IRQ,2017,69.788
IRQ,2016,68.683
IRQ,2015,69.977
IRQ,2014,69.679
IRQ,2013,69.047
IRQ,2012,68.827
IRQ,2011,68.435
IRQ,2010,68.092
IRQ,2009,67.834
IRQ,2008,66.465
IRQ,2007,64.428
IRQ,2006,64.029
IRQ,2005,64.899
IRQ,2004,64.634
IRQ,2003,64.834
IRQ,2002,65.724
IRQ,2001,65.292
IRQ,2000,64.86
IRQ,1999,64.532
IRQ,1998,64.405
IRQ,1997,64.241
IRQ,1996,64.618
IRQ,1995,64.761
IRQ,1994,65.027
IRQ,1993,65.31
IRQ,1992,65.344
IRQ,1991,61.338
IRQ,1990,57.587
IRQ,1989,57.501
IRQ,1988,56.692
IRQ,1987,60.259
IRQ,1986,60.031
IRQ,1985,59.8
IRQ,1984,59.544
IRQ,1983,59.287
IRQ,1982,58.977
IRQ,1981,58.652
IRQ,1980,60.916
IRQ,1979,64.417
IRQ,1978,64.175
IRQ,1977,63.896
IRQ,1976,63.569
IRQ,1975,61.434
IRQ,1974,60.995
IRQ,1973,62.344
IRQ,1972,61.816
IRQ,1971,61.333
IRQ,1970,60.532
IRQ,1969,59.64
IRQ,1968,58.969
IRQ,1967,58.422
IRQ,1966,57.321
IRQ,1965,56.387
IRQ,1964,55.245
IRQ,1963,54.36
IRQ,1962,53.482
IRQ,1961,52.339
IRQ,1960,51.462
IRL,2024,83.009756097561
IRL,2023,82.8073170731707
IRL,2022,82.509756097561
IRL,2021,82.2536585365854
IRL,2020,82.4560975609756
IRL,2019,82.7024390243903
IRL,2018,82.2048780487805
IRL,2017,82.1560975609756
IRL,2016,81.6536585365854
IRL,2015,81.4536585365854
IRL,2014,81.3487804878049
IRL,2013,80.9487804878049
IRL,2012,80.8463414634146
IRL,2011,80.7463414634146
IRL,2010,80.7439024390244
IRL,2009,80.190243902439
IRL,2008,80.0951219512195
IRL,2007,79.6414634146341
IRL,2006,79.2414634146342
IRL,2005,78.9439024390244
IRL,2004,78.5390243902439
IRL,2003,78.1390243902439
IRL,2002,77.6341463414634
IRL,2001,77.1341463414634
IRL,2000,76.5365853658537
IRL,1999,76.0829268292683
IRL,1998,76.1804878048781
IRL,1997,75.9853658536585
IRL,1996,75.8317073170732
IRL,1995,75.4693170731707
IRL,1994,75.7866341463415
IRL,1993,75.2921951219512
IRL,1992,75.4150975609756
IRL,1991,75.025
IRL,1990,74.8460731707317
IRL,1989,74.4552195121951
IRL,1988,74.4394146341463
IRL,1987,74.4319024390244
IRL,1986,73.6655365853659
IRL,1985,73.6219024390244
IRL,1984,73.6637317073171
IRL,1983,73.2400975609756
IRL,1982,73.2090487804878
IRL,1981,72.9517804878049
IRL,1980,72.5954146341464
IRL,1979,72.2680243902439
IRL,1978,71.9963170731707
IRL,1977,71.9973902439024
IRL,1976,71.8566097560976
IRL,1975,71.7530487804878
IRL,1974,71.1755609756098
IRL,1973,71.2399756097561
IRL,1972,71.021756097561
IRL,1971,71.6758536585366
IRL,1970,70.9015609756098
IRL,1969,70.8528292682927
IRL,1968,70.941
IRL,1967,71.2453658536585
IRL,1966,70.2169512195122
IRL,1965,70.695
IRL,1964,70.4899268292683
IRL,1963,70.2300975609756
IRL,1962,69.9910487804878
IRL,1961,69.6782926829268
IRL,1960,70.1942682926829
IMN,2024,81.091
IMN,2023,80.999
IMN,2022,80.956
IMN,2021,80.42
IMN,2020,80.591
IMN,2019,80.74
IMN,2018,80.614
IMN,2017,80.506
IMN,2016,80.391
IMN,2015,80.267
IMN,2014,80.199
IMN,2013,80.12
IMN,2012,80.007
IMN,2011,79.836
IMN,2010,79.613
IMN,2009,79.303
IMN,2008,78.899
IMN,2007,78.451
IMN,2006,77.971
IMN,2005,77.453
IMN,2004,76.876
IMN,2003,76.319
IMN,2002,75.785
IMN,2001,75.289
IMN,2000,74.842
IMN,1999,74.469
IMN,1998,74.204
IMN,1997,73.9
IMN,1996,73.634
IMN,1995,73.371
IMN,1994,73.14
IMN,1993,72.822
IMN,1992,72.544
IMN,1991,72.183
IMN,1990,71.8
IMN,1989,71.406
IMN,1988,71.057
IMN,1987,70.685
IMN,1986,70.34
IMN,1985,70.02
IMN,1984,69.754
IMN,1983,69.457
IMN,1982,69.142
IMN,1981,68.811
IMN,1980,68.446
IMN,1979,68.071
IMN,1978,67.689
IMN,1977,67.357
IMN,1976,67.051
IMN,1975,66.76
IMN,1974,66.478
IMN,1973,66.238
IMN,1972,65.991
IMN,1971,65.841
IMN,1970,65.724
IMN,1969,65.626
IMN,1968,65.542
IMN,1967,65.409
IMN,1966,65.18
IMN,1965,64.922
IMN,1964,64.666
IMN,1963,64.458
IMN,1962,64.397
IMN,1961,64.425
IMN,1960,64.557
ISR,2024,83.1975609756098
ISR,2023,83.1951219512195
ISR,2022,82.7
ISR,2021,82.5
ISR,2020,82.6487804878049
ISR,2019,82.8048780487805
ISR,2018,82.8024390243903
ISR,2017,82.5512195121951
ISR,2016,82.4073170731707
ISR,2015,82.0512195121951
ISR,2014,82.1536585365854
ISR,2013,82.0560975609756
ISR,2012,81.7048780487805
ISR,2011,81.6560975609756
ISR,2010,81.6024390243903
ISR,2009,81.4048780487805
ISR,2008,80.9512195121951
ISR,2007,80.5048780487805
ISR,2006,80.5536585365854
ISR,2005,80.1512195121951
ISR,2004,80.1463414634146
ISR,2003,79.6487804878049
ISR,2002,79.4512195121951
ISR,2001,79.4073170731707
ISR,2000,78.9536585365854
ISR,1999,78.6585365853659
ISR,1998,78.1487804878049
ISR,1997,78.0
ISR,1996,78.1048780487805
ISR,1995,77.4512195121951
ISR,1994,77.4024390243903
ISR,1993,77.1536585365854
ISR,1992,76.5048780487805
ISR,1991,76.7585365853659
ISR,1990,76.6073170731707
ISR,1989,76.3073170731707
ISR,1988,74.4365853658537
ISR,1987,75.2585365853659
ISR,1986,74.9560975609756
ISR,1985,75.2073170731707
ISR,1984,74.8073170731707
ISR,1983,74.4585365853658
ISR,1982,74.109756097561
ISR,1981,74.2609756097561
ISR,1980,73.8756097560976
ISR,1979,73.5073170731707
ISR,1978,73.2073170731707
ISR,1977,72.9585365853659
ISR,1976,72.9560975609756
ISR,1975,72.0451219512195
ISR,1974,71.6617073170732
ISR,1973,71.6934146341464
ISR,1972,71.0780487804878
ISR,1971,71.7190243902439
ISR,1970,71.2134146341463
ISR,1969,70.9704878048781
ISR,1968,71.0565853658537
ISR,1967,71.509756097561
ISR,1966,72.2856097560976
ISR,1962,72.1121951219512
ISR,1961,72.0065853658537
ITA,2024,83.9512195121951
ITA,2023,83.3512195121951
ITA,2022,82.7
ITA,2021,82.6463414634146
ITA,2020,82.1951219512195
ITA,2019,83.4975609756098
ITA,2018,83.3463414634146
ITA,2017,82.9463414634147
ITA,2016,83.2439024390244
ITA,2015,82.5439024390244
ITA,2014,83.090243902439
ITA,2013,82.690243902439
ITA,2012,82.2390243902439
ITA,2011,82.1878048780488
ITA,2010,82.0365853658537
ITA,2009,81.6365853658537
ITA,2008,81.4853658536585
ITA,2007,81.4341463414634
ITA,2006,81.2829268292683
ITA,2005,80.7829268292683
ITA,2004,80.7804878048781
ITA,2003,79.9829268292683
ITA,2002,80.2292682926829
ITA,2001,80.1268292682927
ITA,2000,79.7780487804878
ITA,1999,79.4243902439024
ITA,1998,78.9756097560976
ITA,1997,78.8243902439024
ITA,1996,78.5219512195122
ITA,1995,78.1707317073171
ITA,1994,77.9219512195122
ITA,1993,77.7219512195122
ITA,1992,77.419512195122
ITA,1991,77.0195121951219
ITA,1990,76.9707317073171
ITA,1989,76.819512195122
ITA,1988,76.3707317073171
ITA,1987,76.219512195122
ITA,1986,75.7707317073171
ITA,1985,75.4707317073171
ITA,1984,75.389512195122
ITA,1983,74.640243902439
ITA,1982,74.8146341463415
ITA,1981,74.3539024390244
ITA,1980,73.9431707317073
ITA,1979,74.0026829268293
ITA,1978,73.6931707317073
ITA,1977,73.3646341463415
ITA,1976,72.9919512195122
ITA,1975,72.6473170731708
ITA,1974,72.7343902439025
ITA,1973,72.0263414634146
ITA,1972,72.0753658536586
ITA,1971,71.8068292682927
ITA,1970,71.5587804878049
ITA,1969,70.8119512195122
ITA,1968,70.78
ITA,1967,70.9565853658537
ITA,1966,70.9260975609756
ITA,1965,70.1717073170732
ITA,1964,70.3117073170732
ITA,1963,69.2480487804878
ITA,1962,69.149756097561
ITA,1961,69.760243902439
ITA,1960,69.1239024390244
JAM,2024,71.606
JAM,2023,71.479
JAM,2022,71.481
JAM,2021,69.085
JAM,2020,71.452
JAM,2019,71.532
JAM,2018,71.606
JAM,2017,71.879
JAM,2016,72.052
JAM,2015,72.214
JAM,2014,72.357
JAM,2013,72.435
JAM,2012,72.405
JAM,2011,72.245
JAM,2010,71.979
JAM,2009,71.717
JAM,2008,71.502
JAM,2007,71.405
JAM,2006,71.395
JAM,2005,71.493
JAM,2004,71.542
JAM,2003,71.585
JAM,2002,71.478
JAM,2001,71.287
JAM,2000,71.281
JAM,1999,71.189
JAM,1998,71.17
JAM,1997,71.216
JAM,1996,71.328
JAM,1995,71.488
JAM,1994,71.624
JAM,1993,71.758
JAM,1992,71.816
JAM,1991,71.787
JAM,1990,71.705
JAM,1989,71.512
JAM,1988,71.161
JAM,1987,70.87
JAM,1986,70.446
JAM,1985,70.101
JAM,1984,69.809
JAM,1983,69.546
JAM,1982,69.253
JAM,1981,69.12
JAM,1980,68.992
JAM,1979,68.813
JAM,1978,68.739
JAM,1977,68.586
JAM,1976,68.412
JAM,1975,68.168
JAM,1974,67.913
JAM,1973,67.607
JAM,1972,67.304
JAM,1971,66.997
JAM,1970,66.731
JAM,1969,66.516
JAM,1968,66.319
JAM,1967,66.086
JAM,1966,65.928
JAM,1965,65.663
JAM,1964,65.347
JAM,1963,64.999
JAM,1962,64.619
JAM,1961,64.257
JAM,1960,63.828
JPN,2024,84.0363414634146
JPN,2023,84.0412195121951
JPN,2022,83.9963414634146
JPN,2021,84.4456097560976
JPN,2020,84.56
JPN,2019,84.3563414634146
JPN,2018,84.2109756097561
JPN,2017,84.099756097561
JPN,2016,83.9848780487805
JPN,2015,83.7939024390244
JPN,2014,83.5878048780488
JPN,2013,83.3319512195122
JPN,2012,83.0960975609756
JPN,2011,82.5912195121951
JPN,2010,82.8426829268293
JPN,2009,82.9314634146342
JPN,2008,82.5875609756098
JPN,2007,82.5070731707317
JPN,2006,82.3219512195122
JPN,2005,81.9551219512195
JPN,2004,82.030243902439
JPN,2003,81.76
JPN,2002,81.6907317073171
JPN,2001,81.4163414634146
JPN,2000,81.0760975609756
JPN,1999,80.4609756097561
JPN,1998,80.5014634146342
JPN,1997,80.4241463414634
JPN,1996,80.219756097561
JPN,1995,79.5360975609756
JPN,1994,79.6968292682927
JPN,1993,79.3036585365854
JPN,1992,79.080243902439
JPN,1991,79.0368292682927
JPN,1990,78.8370731707317
JPN,1989,78.7685365853659
JPN,1988,78.349756097561
JPN,1987,78.429512195122
JPN,1986,78.0104878048781
JPN,1985,77.5604878048781
JPN,1984,77.2912195121951
JPN,1983,76.9219512195122
JPN,1982,76.8736585365854
JPN,1981,76.3948780487805
JPN,1980,75.9890243902439
JPN,1979,76.1087804878049
JPN,1978,75.5846341463415
JPN,1977,75.2558536585366
JPN,1976,74.6865853658537
JPN,1975,74.2470731707317
JPN,1974,73.6721951219512
JPN,1973,73.2951219512195
JPN,1972,73.1536585365854
JPN,1971,72.8090243902439
JPN,1970,71.919756097561
JPN,1969,71.8580487804878
JPN,1968,71.6109756097561
JPN,1967,71.4660975609756
JPN,1966,70.9158536585366
JPN,1965,70.2668292682927
JPN,1964,70.2065853658537
JPN,1963,69.7124390243902
JPN,1962,68.6348780487805
JPN,1961,68.3519512195122
JPN,1960,67.6956097560976
JOR,2024,77.981
JOR,2023,77.814
JOR,2022,77.088
JOR,2021,74.204
JOR,2020,75.583
JOR,2019,76.865
JOR,2018,76.491
JOR,2017,76.071
JOR,2016,75.55
JOR,2015,75.06
JOR,2014,74.606
JOR,2013,74.282
JOR,2012,74.087
JOR,2011,73.929
JOR,2010,73.797
JOR,2009,73.707
JOR,2008,73.563
JOR,2007,73.407
JOR,2006,73.225
JOR,2005,72.977
JOR,2004,72.788
JOR,2003,72.585
JOR,2002,72.359
JOR,2001,72.141
JOR,2000,71.926
JOR,1999,71.737
JOR,1998,71.521
JOR,1997,71.324
JOR,1996,71.105
JOR,1995,70.915
JOR,1994,70.738
JOR,1993,70.568
JOR,1992,70.4
JOR,1991,70.24
JOR,1990,70.094
JOR,1989,69.865
JOR,1988,69.605
JOR,1987,69.297
JOR,1986,68.962
JOR,1985,68.587
JOR,1984,68.206
JOR,1983,67.778
JOR,1982,67.36
JOR,1981,66.92
JOR,1980,66.493
JOR,1979,66.049
JOR,1978,65.602
JOR,1977,65.127
JOR,1976,64.654
JOR,1975,64.148
JOR,1974,63.611
JOR,1973,63.065
JOR,1972,62.477
JOR,1971,61.772
JOR,1970,59.833
JOR,1969,60.504
JOR,1968,59.767
JOR,1967,58.97
JOR,1966,57.762
JOR,1965,57.317
JOR,1964,56.456
JOR,1963,55.489
JOR,1962,54.633
JOR,1961,53.68
JOR,1960,52.678
KAZ,2024,74.531
KAZ,2023,74.402
KAZ,2022,73.503
KAZ,2021,70.131
KAZ,2020,71.195
KAZ,2019,73.658
KAZ,2018,73.369
KAZ,2017,72.996
KAZ,2016,72.549
KAZ,2015,72.024
KAZ,2014,71.415
KAZ,2013,70.719
KAZ,2012,69.939
KAZ,2011,69.108
KAZ,2010,68.257
KAZ,2009,67.46
KAZ,2008,66.759
KAZ,2007,66.18
KAZ,2006,65.722
KAZ,2005,65.356
KAZ,2004,65.04
KAZ,2003,64.753
KAZ,2002,64.441
KAZ,2001,64.108
KAZ,2000,63.793
KAZ,1999,63.528
KAZ,1998,63.349
KAZ,1997,63.318
KAZ,1996,63.455
KAZ,1995,63.717
KAZ,1994,64.108
KAZ,1993,64.538
KAZ,1992,64.978
KAZ,1991,65.379
KAZ,1990,65.701
KAZ,1989,65.915
KAZ,1988,66.032
KAZ,1987,65.996
KAZ,1986,65.788
KAZ,1985,65.376
KAZ,1984,64.839
KAZ,1983,64.224
KAZ,1982,63.586
KAZ,1981,62.996
KAZ,1980,62.516
KAZ,1979,62.072
KAZ,1978,61.765
KAZ,1977,61.517
KAZ,1976,61.301
KAZ,1975,61.11
KAZ,1974,60.908
KAZ,1973,60.697
KAZ,1972,60.48
KAZ,1971,60.262
KAZ,1970,60.049
KAZ,1969,59.843
KAZ,1968,59.643
KAZ,1967,59.446
KAZ,1966,59.247
KAZ,1965,59.042
KAZ,1964,58.83
KAZ,1963,58.612
KAZ,1962,58.392
KAZ,1961,58.169
KAZ,1960,57.946
KEN,2024,63.834
KEN,2023,63.646
KEN,2022,63.549
KEN,2021,61.225
KEN,2020,61.596
KEN,2019,62.939
KEN,2018,62.825
KEN,2017,62.725
KEN,2016,62.526
KEN,2015,62.279
KEN,2014,61.99
KEN,2013,61.729
KEN,2012,61.537
KEN,2011,61.283
KEN,2010,60.915
KEN,2009,60.483
KEN,2008,59.955
KEN,2007,59.407
KEN,2006,59.059
KEN,2005,58.51
KEN,2004,57.947
KEN,2003,57.369
KEN,2002,56.759
KEN,2001,56.501
KEN,2000,56.084
KEN,1999,55.866
KEN,1998,55.568
KEN,1997,55.478
KEN,1996,55.575
KEN,1995,55.856
KEN,1994,56.101
KEN,1993,56.668
KEN,1992,57.095
KEN,1991,57.826
KEN,1990,58.334
KEN,1989,59.99
KEN,1988,60.32
KEN,1987,60.721
KEN,1986,60.818
KEN,1985,60.856
KEN,1984,60.611
KEN,1983,60.342
KEN,1982,59.904
KEN,1981,59.562
KEN,1980,59.175
KEN,1979,58.691
KEN,1978,58.234
KEN,1977,57.684
KEN,1976,57.153
KEN,1975,56.62
KEN,1974,56.039
KEN,1973,55.5
KEN,1972,55.013
KEN,1971,54.543
KEN,1970,54.143
KEN,1969,53.734
KEN,1968,53.302
KEN,1967,52.796
KEN,1966,52.383
KEN,1965,51.886
KEN,1964,51.323
KEN,1963,50.758
KEN,1962,50.104
KEN,1961,49.33
KEN,1960,48.477
KIR,2024,66.6
KIR,2023,66.473
KIR,2022,66.269
KIR,2021,64.148
KIR,2020,65.205
KIR,2019,65.866
KIR,2018,65.807
KIR,2017,65.787
KIR,2016,65.799
KIR,2015,65.831
KIR,2014,65.869
KIR,2013,65.898
KIR,2012,65.908
KIR,2011,65.896
KIR,2010,65.859
KIR,2009,65.808
KIR,2008,65.746
KIR,2007,65.677
KIR,2006,65.601
KIR,2005,65.517
KIR,2004,65.416
KIR,2003,65.287
KIR,2002,65.123
KIR,2001,64.918
KIR,2000,64.674
KIR,1999,64.393
KIR,1998,64.1
KIR,1997,63.797
KIR,1996,63.47
KIR,1995,63.146
KIR,1994,62.797
KIR,1993,62.406
KIR,1992,61.968
KIR,1991,61.502
KIR,1990,61.018
KIR,1989,60.539
KIR,1988,60.055
KIR,1987,59.576
KIR,1986,59.118
KIR,1985,58.719
KIR,1984,58.357
KIR,1983,58.05
KIR,1982,57.773
KIR,1981,57.525
KIR,1980,57.303
KIR,1979,57.106
KIR,1978,56.924
KIR,1977,56.057
KIR,1976,56.562
KIR,1975,56.358
KIR,1974,56.102
KIR,1973,55.79
KIR,1972,55.313
KIR,1971,54.934
KIR,1970,54.38
KIR,1969,53.763
KIR,1968,53.129
KIR,1967,52.454
KIR,1966,51.736
KIR,1965,51.028
KIR,1964,50.356
KIR,1963,49.688
KIR,1962,49.042
KIR,1961,48.468
KIR,1960,47.958
PRK,2024,73.743
PRK,2023,73.642
PRK,2022,73.641
PRK,2021,73.437
PRK,2020,72.783
PRK,2019,72.928
PRK,2018,73.02
PRK,2017,73.034
PRK,2016,72.971
PRK,2015,72.825
PRK,2014,72.451
PRK,2013,71.867
PRK,2012,71.317
PRK,2011,70.772
PRK,2010,70.246
PRK,2009,69.702
PRK,2008,69.303
PRK,2007,69.021
PRK,2006,69.061
PRK,2005,69.168
PRK,2004,69.294
PRK,2003,69.399
PRK,2002,60.877
PRK,2001,60.893
PRK,2000,60.911
PRK,1999,60.91
PRK,1998,60.887
PRK,1997,60.869
PRK,1996,60.82
PRK,1995,60.766
PRK,1994,70.472
PRK,1993,70.794
PRK,1992,71.009
PRK,1991,70.717
PRK,1990,70.484
PRK,1989,70.269
PRK,1988,70.052
PRK,1987,69.767
PRK,1986,69.541
PRK,1985,69.231
PRK,1984,68.881
PRK,1983,68.503
PRK,1982,68.09
PRK,1981,67.657
PRK,1980,67.208
PRK,1979,66.748
PRK,1978,66.292
PRK,1977,65.811
PRK,1976,65.325
PRK,1975,64.831
PRK,1974,64.335
PRK,1973,63.816
PRK,1972,63.254
PRK,1971,62.663
PRK,1970,62.049
PRK,1969,61.411
PRK,1968,60.757
PRK,1967,60.087
PRK,1966,59.423
PRK,1965,58.785
PRK,1964,58.17
PRK,1963,57.578
PRK,1962,56.998
PRK,1961,56.408
PRK,1960,55.814
KOR,2024,83.6292682926829
KOR,2023,83.4292682926829
KOR,2022,82.6804878048781
KOR,2021,83.5268292682927
KOR,2020,83.4268292682927
KOR,2019,83.2268292682927
KOR,2018,82.6268292682927
KOR,2017,82.6268292682927
KOR,2016,82.2756097560976
KOR,2015,82.0243902439024
KOR,2014,81.7219512195122
KOR,2013,81.2707317073171
KOR,2012,80.819512195122
KOR,2011,80.5682926829269
KOR,2010,80.1170731707317
KOR,2009,79.9682926829268
KOR,2008,79.5170731707317
KOR,2007,79.119512195122
KOR,2006,78.6682926829268
KOR,2005,78.1682926829268
KOR,2004,77.6658536585366
KOR,2003,77.2146341463415
KOR,2002,76.7658536585366
KOR,2001,76.4121951219512
KOR,2000,75.909756097561
KOR,1999,75.409756097561
KOR,1998,75.0048780487805
KOR,1997,74.6024390243903
KOR,1996,74.1512195121951
KOR,1995,73.7
KOR,1994,73.3975609756098
KOR,1993,72.9975609756098
KOR,1992,72.4975609756098
KOR,1991,72.0463414634146
KOR,1990,71.5975609756098
KOR,1989,71.0487804878049
KOR,1988,70.5487804878049
KOR,1987,69.9975609756098
KOR,1986,69.4463414634146
KOR,1985,68.7951219512195
KOR,1984,68.1951219512195
KOR,1983,67.5463414634146
KOR,1982,67.0951219512195
KOR,1981,66.5463414634146
KOR,1980,66.0463414634146
KOR,1979,65.5463414634146
KOR,1978,65.1975609756098
KOR,1977,64.9
KOR,1976,64.5024390243902
KOR,1975,64.1536585365854
KOR,1974,63.8048780487805
KOR,1973,63.4073170731707
KOR,1972,63.009756097561
KOR,1971,62.6121951219512
KOR,1970,62.1634146341463
KOR,1969,61.4829024390244
KOR,1968,60.9432682926829
KOR,1967,60.9287317073171
KOR,1966,55.5229756097561
KOR,1965,55.8645853658537
KOR,1964,55.392243902439
KOR,1963,55.0254634146342
KOR,1962,55.0549512195122
KOR,1961,54.4768536585366
KOR,1960,53.7975609756098
XKX,2024,78.222
XKX,2023,78.033
XKX,2022,77.623
XKX,2021,74.981
XKX,2020,74.212
XKX,2019,77.249
XKX,2018,77.117
XKX,2017,77.105
XKX,2016,76.748
XKX,2015,76.024
XKX,2014,76.179
XKX,2013,76.336
XKX,2012,75.75
XKX,2011,75.323
XKX,2010,74.609
XKX,2009,74.79
XKX,2008,74.711
XKX,2007,74.422
XKX,2006,73.63
XKX,2005,73.437
XKX,2004,73.132
XKX,2003,72.678
XKX,2002,72.227
XKX,2001,71.782
XKX,2000,71.321
XKX,1999,58.265
XKX,1998,68.58
XKX,1997,69.862
XKX,1996,69.359
XKX,1995,68.782
XKX,1994,68.595
XKX,1993,67.945
XKX,1992,67.381
XKX,1991,66.456
XKX,1990,66.508
XKX,1989,65.234
XKX,1988,64.214
XKX,1987,63.568
XKX,1986,62.537
XKX,1985,61.216
XKX,1984,61.459
XKX,1983,61.002
XKX,1982,60.074
XKX,1981,60.372
XKX,1980,60.297
XKX,1979,59.095
XKX,1978,58.828
XKX,1977,58.403
XKX,1976,57.54
XKX,1975,57.311
XKX,1974,56.376
XKX,1973,55.914
XKX,1972,55.122
XKX,1971,55.128
XKX,1970,54.002
XKX,1969,53.392
XKX,1968,53.606
XKX,1967,53.051
XKX,1966,52.472
XKX,1965,52.003
XKX,1964,51.119
XKX,1963,50.098
XKX,1962,48.378
XKX,1961,49.883
XKX,1960,48.702
KWT,2024,84.580487804878
KWT,2023,83.1878048780488
KWT,2022,80.5878048780488
KWT,2021,78.7365853658537
KWT,2020,78.7609756097561
KWT,2019,81.969756097561
KWT,2018,80.1063658536585
KWT,2017,79.9160731707317
KWT,2016,79.6775853658537
KWT,2015,79.3765609756098
KWT,2014,79.0803414634146
KWT,2013,78.7418048780488
KWT,2012,78.3950243902439
KWT,2011,78.052243902439
KWT,2010,77.7262195121951
KWT,2009,77.4333658536585
KWT,2008,77.1890487804878
KWT,2007,77.0101707317073
KWT,2006,76.8876829268293
KWT,2005,76.8007804878049
KWT,2004,76.7276829268293
KWT,2003,76.6445609756098
KWT,2002,76.5316341463415
KWT,2001,76.3843414634146
KWT,2000,76.2258780487805
KWT,1999,76.0779512195122
KWT,1998,75.9642926829269
KWT,1997,75.9071463414634
KWT,1996,75.9250487804878
KWT,1995,75.979756097561
KWT,1994,76.0328292682927
KWT,1993,76.0514878048781
KWT,1992,76.0023902439025
KWT,1991,73.907243902439
KWT,1990,73.4171463414634
KWT,1989,75.3036341463415
KWT,1988,74.9282682926829
KWT,1987,74.5105365853659
KWT,1986,74.0703414634146
KWT,1985,73.6203902439024
KWT,1984,73.1655609756098
KWT,1983,72.7137073170732
KWT,1982,72.2716829268293
KWT,1981,71.8493170731707
KWT,1980,71.4554878048781
KWT,1979,71.0943170731707
KWT,1978,70.7654146341463
KWT,1977,70.4684146341463
KWT,1976,70.2014390243903
KWT,1975,69.9550243902439
KWT,1974,69.7139512195122
KWT,1973,69.4439756097561
KWT,1972,69.1198048780488
KWT,1971,68.7147317073171
KWT,1970,68.2020487804878
KWT,1969,67.5747804878049
KWT,1968,66.8460487804878
KWT,1967,66.031
KWT,1966,65.1482682926829
KWT,1965,64.217487804878
KWT,1964,63.2567073170732
KWT,1963,62.2694146341463
KWT,1962,61.259512195122
KWT,1961,60.235
KWT,1960,59.2033414634146
KGZ,2024,72.4
KGZ,2023,72.2487804878049
KGZ,2022,72.0487804878049
KGZ,2021,71.9
KGZ,2020,71.8
KGZ,2019,71.6
KGZ,2018,71.4
KGZ,2017,71.2
KGZ,2016,70.9512195121951
KGZ,2015,70.6512195121951
KGZ,2014,70.4024390243902
KGZ,2013,70.2024390243902
KGZ,2012,70.0024390243902
KGZ,2011,69.6024390243903
KGZ,2010,69.3
KGZ,2009,69.1024390243903
KGZ,2008,68.4512195121951
KGZ,2007,67.8951219512195
KGZ,2006,67.6951219512195
KGZ,2005,67.9560975609756
KGZ,2004,68.1536585365854
KGZ,2003,68.2560975609756
KGZ,2002,68.1560975609756
KGZ,2001,68.7073170731707
KGZ,2000,68.5585365853659
KGZ,1999,68.6560975609756
KGZ,1998,67.0512195121951
KGZ,1997,66.8926829268293
KGZ,1996,66.5439024390244
KGZ,1995,65.790243902439
KGZ,1994,66.0390243902439
KGZ,1993,67.1926829268293
KGZ,1992,68.1024390243903
KGZ,1991,68.5512195121951
KGZ,1990,68.2975609756098
KGZ,1989,67.9073170731707
KGZ,1988,65.0037073170732
KGZ,1987,65.1416341463415
KGZ,1986,64.4399512195122
KGZ,1985,63.427
KGZ,1984,62.620243902439
KGZ,1983,62.1123414634146
KGZ,1982,62.0425609756098
KGZ,1981,61.6239756097561
KGZ,1980,61.3072195121951
KGZ,1979,60.8662195121951
KGZ,1978,60.4847804878049
KGZ,1977,60.1499756097561
KGZ,1976,59.8842682926829
KGZ,1975,59.6181951219512
KGZ,1974,59.343756097561
KGZ,1973,58.9897804878049
KGZ,1972,58.6458292682927
KGZ,1971,58.3217804878049
KGZ,1970,58.0186341463415
KGZ,1969,57.7547804878049
KGZ,1968,57.4480975609756
KGZ,1967,57.1559512195122
KGZ,1966,56.8273902439024
KGZ,1965,56.5190487804878
KGZ,1964,56.22
KGZ,1963,55.9325853658537
KGZ,1962,55.641756097561
KGZ,1961,55.3341219512195
KGZ,1960,55.0285853658537
LAO,2024,69.225
LAO,2023,68.964
LAO,2022,68.715
LAO,2021,67.807
LAO,2020,68.339
LAO,2019,67.911
LAO,2018,67.594
LAO,2017,67.345
LAO,2016,67.014
LAO,2015,66.688
LAO,2014,66.35
LAO,2013,65.723
LAO,2012,65.126
LAO,2011,64.505
LAO,2010,63.69
LAO,2009,63.023
LAO,2008,62.248
LAO,2007,61.694
LAO,2006,61.074
LAO,2005,60.688
LAO,2004,60.08
LAO,2003,59.643
LAO,2002,59.302
LAO,2001,58.887
LAO,2000,58.317
LAO,1999,57.866
LAO,1998,57.549
LAO,1997,57.302
LAO,1996,56.821
LAO,1995,56.344
LAO,1994,55.81
LAO,1993,55.583
LAO,1992,55.098
LAO,1991,54.7
LAO,1990,54.035
LAO,1989,53.589
LAO,1988,53.077
LAO,1987,52.597
LAO,1986,52.144
LAO,1985,51.579
LAO,1984,51.014
LAO,1983,50.485
LAO,1982,49.931
LAO,1981,49.237
LAO,1980,48.56
LAO,1979,47.46
LAO,1978,46.832
LAO,1977,46.408
LAO,1976,46.012
LAO,1975,46.15
LAO,1974,45.886
LAO,1973,44.728
LAO,1972,44.416
LAO,1971,44.122
LAO,1970,43.776
LAO,1969,43.46
LAO,1968,43.183
LAO,1967,42.869
LAO,1966,42.347
LAO,1965,42.222
LAO,1964,41.859
LAO,1963,41.544
LAO,1962,42.272
LAO,1961,41.344
LAO,1960,41.036
LVA,2024,76.4292682926829
LVA,2023,75.4268292682927
LVA,2022,74.2780487804878
LVA,2021,72.9804878048781
LVA,2020,75.1853658536585
LVA,2019,75.3878048780488
LVA,2018,74.7829268292683
LVA,2017,74.6292682926829
LVA,2016,74.580487804878
LVA,2015,74.4804878048781
LVA,2014,74.1243902439024
LVA,2013,73.9829268292683
LVA,2012,73.7780487804878
LVA,2011,73.5756097560976
LVA,2010,73.4829268292683
LVA,2009,73.0804878048781
LVA,2008,72.419512195122
LVA,2007,71.019512195122
LVA,2006,70.8658536585366
LVA,2005,71.3560975609756
LVA,2004,72.0268292682927
LVA,2003,71.2658536585366
LVA,2002,70.9609756097561
LVA,2001,70.7609756097561
LVA,2000,70.3146341463415
LVA,1999,69.7429268292683
LVA,1998,69.0121951219512
LVA,1997,69.3492682926829
LVA,1996,68.7765853658537
LVA,1995,66.3912195121951
LVA,1994,65.6643902439025
LVA,1993,66.7226829268293
LVA,1992,68.3960975609756
LVA,1991,69.0324390243903
LVA,1990,69.2731707317073
LVA,1989,70.1553658536586
LVA,1988,70.6153658536585
LVA,1987,70.6929268292683
LVA,1986,70.6224390243903
LVA,1985,69.2914634146342
LVA,1984,69.1629268292683
LVA,1983,69.1190243902439
LVA,1982,69.3282926829268
LVA,1981,68.7863414634146
LVA,1980,68.8085365853659
LVA,1979,68.4956097560976
LVA,1978,68.9878048780488
LVA,1977,69.1046341463415
LVA,1976,69.0478048780488
LVA,1975,68.9253658536585
LVA,1974,69.7409756097561
LVA,1973,69.8134146341464
LVA,1972,69.8787804878049
LVA,1971,70.1646341463415
LVA,1970,69.8353658536586
LVA,1969,69.7968292682927
LVA,1968,70.0429268292683
LVA,1967,70.3939024390244
LVA,1966,70.7073170731707
LVA,1965,70.7265853658537
LVA,1964,71.0280487804878
LVA,1963,69.8290243902439
LVA,1962,69.430487804878
LVA,1961,70.0324390243903
LVA,1960,69.7868292682927
LBN,2024,77.945
LBN,2023,77.817
LBN,2022,78.003
LBN,2021,73.65
LBN,2020,76.299
LBN,2019,78.208
LBN,2018,78.263
LBN,2017,78.192
LBN,2016,78.306
LBN,2015,78.275
LBN,2014,78.148
LBN,2013,78.037
LBN,2012,77.941
LBN,2011,77.768
LBN,2010,77.529
LBN,2009,77.262
LBN,2008,76.956
LBN,2007,76.732
LBN,2006,75.677
LBN,2005,76.074
LBN,2004,75.693
LBN,2003,75.275
LBN,2002,74.836
LBN,2001,74.354
LBN,2000,73.895
LBN,1999,73.513
LBN,1998,73.201
LBN,1997,72.94
LBN,1996,72.614
LBN,1995,72.383
LBN,1994,72.03
LBN,1993,71.559
LBN,1992,71.169
LBN,1991,70.865
LBN,1990,65.479
LBN,1989,65.114
LBN,1988,62.92
LBN,1987,62.539
LBN,1986,62.011
LBN,1985,61.574
LBN,1984,61.167
LBN,1983,60.752
LBN,1982,47.19
LBN,1981,60.279
LBN,1980,59.909
LBN,1979,59.557
LBN,1978,59.996
LBN,1977,60.331
LBN,1976,36.436
LBN,1975,57.744
LBN,1974,66.41
LBN,1973,66.298
LBN,1972,66.201
LBN,1971,66.12
LBN,1970,66.018
LBN,1969,65.918
LBN,1968,65.802
LBN,1967,65.677
LBN,1966,65.504
LBN,1965,65.317
LBN,1964,65.103
LBN,1963,64.879
LBN,1962,64.595
LBN,1961,64.267
LBN,1960,63.927
LSO,2024,57.798
LSO,2023,57.375
LSO,2022,56.812
LSO,2021,54.209
LSO,2020,55.133
LSO,2019,55.249
LSO,2018,54.638
LSO,2017,53.874
LSO,2016,52.908
LSO,2015,51.83
LSO,2014,50.786
LSO,2013,49.547
LSO,2012,48.235
LSO,2011,46.93
LSO,2010,46.045
LSO,2009,45.055
LSO,2008,44.304
LSO,2007,43.66
LSO,2006,43.182
LSO,2005,43.611
LSO,2004,44.039
LSO,2003,44.921
LSO,2002,45.95
LSO,2001,47.153
LSO,2000,48.783
LSO,1999,50.385
LSO,1998,52.029
LSO,1997,53.733
LSO,1996,55.136
LSO,1995,56.368
LSO,1994,57.288
LSO,1993,58.06
LSO,1992,58.638
LSO,1991,59.061
LSO,1990,59.317
LSO,1989,59.505
LSO,1988,59.572
LSO,1987,59.557
LSO,1986,59.346
LSO,1985,59.211
LSO,1984,58.955
LSO,1983,58.495
LSO,1982,57.976
LSO,1981,57.307
LSO,1980,56.534
LSO,1979,55.843
LSO,1978,55.166
LSO,1977,54.526
LSO,1976,53.931
LSO,1975,53.454
LSO,1974,52.941
LSO,1973,52.62
LSO,1972,52.256
LSO,1971,51.845
LSO,1970,51.501
LSO,1969,51.117
LSO,1968,50.791
LSO,1967,50.513
LSO,1966,50.377
LSO,1965,50.326
LSO,1964,50.307
LSO,1963,50.26
LSO,1962,50.307
LSO,1961,50.275
LSO,1960,50.171
LBR,2024,62.324
LBR,2023,62.163
LBR,2022,61.934
LBR,2021,61.166
LBR,2020,61.267
LBR,2019,61.232
LBR,2018,60.999
LBR,2017,60.777
LBR,2016,60.483
LBR,2015,59.248
LBR,2014,59.21
LBR,2013,59.992
LBR,2012,59.785
LBR,2011,59.486
LBR,2010,59.358
LBR,2009,59.106
LBR,2008,58.675
LBR,2007,58.147
LBR,2006,57.495
LBR,2005,56.765
LBR,2004,55.949
LBR,2003,53.045
LBR,2002,54.061
LBR,2001,53.109
LBR,2000,51.852
LBR,1999,50.412
LBR,1998,49.367
LBR,1997,48.302
LBR,1996,44.945
LBR,1995,44.573
LBR,1994,42.621
LBR,1993,43.022
LBR,1992,43.566
LBR,1991,43.575
LBR,1990,37.644
LBR,1989,43.863
LBR,1988,44.065
LBR,1987,44.267
LBR,1986,44.494
LBR,1985,44.026
LBR,1984,44.683
LBR,1983,44.576
LBR,1982,44.447
LBR,1981,44.344
LBR,1980,44.088
LBR,1979,43.89
LBR,1978,43.567
LBR,1977,43.22
LBR,1976,42.851
LBR,1975,42.463
LBR,1974,42.063
LBR,1973,41.619
LBR,1972,41.199
LBR,1971,40.72
LBR,1970,40.359
LBR,1969,39.991
LBR,1968,39.588
LBR,1967,39.262
LBR,1966,38.955
LBR,1965,38.693
LBR,1964,38.451
LBR,1963,38.309
LBR,1962,38.167
LBR,1961,38.104
LBR,1960,38.073
LBY,2024,71.121
LBY,2023,69.339
LBY,2022,74.462
LBY,2021,72.062
LBY,2020,72.388
LBY,2019,72.941
LBY,2018,73.151
LBY,2017,72.721
LBY,2016,71.799
LBY,2015,71.644
LBY,2014,71.3
LBY,2013,72.339
LBY,2012,72.188
LBY,2011,69.95
LBY,2010,72.196
LBY,2009,72.071
LBY,2008,71.936
LBY,2007,71.788
LBY,2006,71.632
LBY,2005,71.439
LBY,2004,71.21
LBY,2003,70.996
LBY,2002,70.788
LBY,2001,70.653
LBY,2000,70.542
LBY,1999,70.601
LBY,1998,70.657
LBY,1997,70.72
LBY,1996,70.736
LBY,1995,70.641
LBY,1994,70.472
LBY,1993,70.247
LBY,1992,69.974
LBY,1991,69.635
LBY,1990,69.312
LBY,1989,68.979
LBY,1988,68.608
LBY,1987,68.258
LBY,1986,67.806
LBY,1985,67.285
LBY,1984,66.748
LBY,1983,66.26
LBY,1982,65.768
LBY,1981,65.255
LBY,1980,64.797
LBY,1979,64.328
LBY,1978,63.796
LBY,1977,63.129
LBY,1976,62.448
LBY,1975,61.621
LBY,1974,60.709
LBY,1973,59.71
LBY,1972,58.685
LBY,1971,57.583
LBY,1970,56.379
LBY,1969,55.173
LBY,1968,53.849
LBY,1967,52.462
LBY,1966,50.946
LBY,1965,49.278
LBY,1964,47.652
LBY,1963,45.584
LBY,1962,44.075
LBY,1961,42.362
LBY,1960,40.752
LIE,2024,84.2
LIE,2023,84.5951219512195
LIE,2022,84.1219512195122
LIE,2021,84.4024390243902
LIE,2020,81.6585365853659
LIE,2019,84.1609756097561
LIE,2018,83.0414634146342
LIE,2017,83.7463414634147
LIE,2016,82.2585365853659
LIE,2015,82.6560975609756
LIE,2014,82.0731707317073
LIE,2013,82.2609756097561
LIE,2012,82.3829268292683
LIE,2011,81.7926829268293
LIE,2010,81.8414634146342
LIE,2009,81.5
LIE,2008,82.6829268292683
LIE,2007,81.2951219512195
LIE,2006,80.9487804878049
LIE,2005,80.6682926829268
LIE,2004,81.7707317073171
LIE,2003,79.9609756097561
LIE,2002,79.6365853658537
LIE,2001,79.2756097560976
LIE,2000,76.8268292682927
LIE,1999,79.109756097561
LIE,1998,77.7463414634146
LIE,1997,76.0463414634146
LIE,1996,76.8365853658537
LIE,1995,77.390243902439
LIE,1994,78.4219512195122
LIE,1993,78.2707073170732
LIE,1992,78.4636585365854
LIE,1991,78.4712926829268
LIE,1990,78.3315365853659
LIE,1989,78.1208536585366
LIE,1988,77.8447317073171
LIE,1987,77.614756097561
LIE,1986,77.1143170731708
LIE,1985,76.6388048780488
LIE,1984,76.0926341463415
LIE,1983,75.6130487804878
LIE,1982,74.9551707317073
LIE,1981,74.8312195121951
LIE,1980,74.6580975609756
LIE,1979,74.6135609756098
LIE,1978,74.5905609756098
LIE,1977,74.6583170731707
LIE,1976,74.4749512195122
LIE,1975,74.2641951219512
LIE,1974,73.9874390243903
LIE,1973,73.6489512195122
LIE,1972,73.4018048780488
LIE,1971,73.0916829268293
LIE,1970,72.8831951219512
LIE,1969,72.6079024390244
LIE,1968,72.3931219512195
LIE,1967,72.0426341463415
LIE,1966,71.6317804878049
LIE,1965,71.2156585365854
LIE,1964,71.0428048780488
LIE,1963,70.9008536585366
LIE,1962,70.8495853658537
LIE,1961,70.9554390243902
LIE,1960,70.8882195121951
LTU,2024,77.1951219512195
LTU,2023,77.290243902439
LTU,2022,75.6439024390244
LTU,2021,74.0365853658537
LTU,2020,75.0292682926829
LTU,2019,76.2829268292683
LTU,2018,75.6804878048781
LTU,2017,75.4804878048781
LTU,2016,74.6707317073171
LTU,2015,74.3219512195122
LTU,2014,74.5170731707317
LTU,2013,73.9146341463415
LTU,2012,73.8634146341464
LTU,2011,73.5634146341464
LTU,2010,73.2682926829268
LTU,2009,72.9146341463415
LTU,2008,71.8121951219512
LTU,2007,70.9
LTU,2006,71.0560975609756
LTU,2005,71.2536585365854
LTU,2004,71.9609756097561
LTU,2003,72.0609756097561
LTU,2002,71.7609756097561
LTU,2001,71.6585365853659
LTU,2000,72.0195121951219
LTU,1999,71.5707317073171
LTU,1998,71.219512195122
LTU,1997,70.9090243902439
LTU,1996,70.1080487804878
LTU,1995,69.0063414634147
LTU,1994,68.530243902439
LTU,1993,68.9104878048781
LTU,1992,70.2343902439025
LTU,1991,70.3641463414634
LTU,1990,71.1607317073171
LTU,1989,71.4253658536585
LTU,1988,71.7621951219512
LTU,1987,71.9346341463415
LTU,1986,72.0807317073171
LTU,1985,70.5012195121951
LTU,1984,70.32
LTU,1983,70.7778048780488
LTU,1982,70.8368292682927
LTU,1981,70.4607317073171
LTU,1980,70.4821951219512
LTU,1979,70.4821951219512
LTU,1978,70.6046341463415
LTU,1977,70.809512195122
LTU,1976,70.9580487804878
LTU,1975,70.8673170731707
LTU,1974,71.2441463414634
LTU,1973,71.3321951219512
LTU,1972,71.0246341463415
LTU,1971,71.7353658536585
LTU,1970,70.8043902439024
LTU,1969,70.9285365853659
LTU,1968,71.3136585365854
LTU,1967,71.6039024390244
LTU,1966,71.520243902439
LTU,1965,71.3251219512195
LTU,1964,71.5090243902439
LTU,1963,70.2043902439024
LTU,1962,69.0953658536585
LTU,1961,70.1026829268293
LTU,1960,69.8473170731707
LUX,2024,83.1951219512195
LUX,2023,83.309756097561
LUX,2022,82.9463414634147
LUX,2021,82.5975609756098
LUX,2020,82.1439024390244
LUX,2019,82.6390243902439
LUX,2018,82.2951219512195
LUX,2017,82.0951219512195
LUX,2016,82.6853658536585
LUX,2015,82.2926829268293
LUX,2014,82.2292682926829
LUX,2013,81.8
LUX,2012,81.3926829268293
LUX,2011,80.9878048780488
LUX,2010,80.6317073170732
LUX,2009,80.6365853658537
LUX,2008,80.5390243902439
LUX,2007,79.3829268292683
LUX,2006,79.2878048780488
LUX,2005,79.4317073170732
LUX,2004,79.1219512195122
LUX,2003,77.7268292682927
LUX,2002,77.9658536585366
LUX,2001,77.8243902439025
LUX,2000,77.8731707317073
LUX,1999,77.7707317073171
LUX,1998,77.0170731707317
LUX,1997,76.880487804878
LUX,1996,76.519512195122
LUX,1995,76.5121951219512
LUX,1994,76.3707317073171
LUX,1993,75.7121951219512
LUX,1992,75.7707317073171
LUX,1991,75.4634146341463
LUX,1990,74.7754878048781
LUX,1989,74.1226585365854
LUX,1988,74.1201951219512
LUX,1987,73.7223414634146
LUX,1986,73.952512195122
LUX,1985,73.1336097560976
LUX,1984,72.5807073170732
LUX,1983,72.8511951219512
LUX,1982,72.0555853658537
LUX,1981,71.9679268292683
LUX,1980,72.2581707317073
LUX,1979,72.1766585365854
LUX,1978,71.4146341463415
LUX,1977,71.4241463414634
LUX,1976,70.2204146341464
LUX,1975,70.3182195121951
LUX,1974,70.1996341463415
LUX,1973,70.3344390243903
LUX,1972,70.4433658536585
LUX,1971,69.2398536585366
LUX,1970,69.2080975609756
LUX,1969,69.7166829268293
LUX,1968,69.974756097561
LUX,1967,69.4889268292683
LUX,1966,68.9003658536585
LUX,1965,69.2268536585366
LUX,1964,68.8656829268293
LUX,1963,68.6719756097561
LUX,1962,68.4317317073171
LUX,1961,69.1529268292683
LUX,1960,68.8005609756098
MAC,2024,83.3317073170732
MAC,2023,83.1804878048781
MAC,2022,83.0804878048781
MAC,2021,83.7292682926829
MAC,2020,84.1292682926829
MAC,2019,83.9292682926829
MAC,2018,83.6780487804878
MAC,2017,83.5268292682927
MAC,2016,83.2756097560976
MAC,2015,83.2243902439024
MAC,2014,83.0219512195122
MAC,2013,82.7219512195122
MAC,2012,82.4707317073171
MAC,2011,82.4707317073171
MAC,2010,82.2731707317073
MAC,2009,82.1756097560976
MAC,2008,82.0268292682927
MAC,2007,81.7292682926829
MAC,2006,81.7292682926829
MAC,2005,81.3414634146341
MAC,2004,80.9926829268293
MAC,2003,81.0439024390244
MAC,2002,80.9463414634146
MAC,2001,80.5878048780488
MAC,2000,80.1829268292683
MAC,1999,78.9951219512195
MAC,1998,78.2463414634146
MAC,1997,77.6463414634146
MAC,1996,77.5439024390244
MAC,1995,76.7585365853659
MAC,1994,77.2664878048781
MAC,1993,77.3012682926829
MAC,1992,76.8933170731707
MAC,1991,76.4601219512195
MAC,1990,76.3986829268293
MAC,1989,76.0493658536586
MAC,1988,75.3718536585366
MAC,1987,74.9958292682927
MAC,1986,74.814512195122
MAC,1985,74.5358048780488
MAC,1984,74.0673902439025
MAC,1983,73.906512195122
MAC,1982,73.7552926829268
MAC,1981,73.1919756097561
MAC,1980,72.7648292682927
MAC,1979,72.3346829268293
MAC,1978,71.9051463414634
MAC,1977,71.3875365853659
MAC,1976,71.4869756097561
MAC,1975,70.7074390243902
MAC,1974,70.5503902439024
MAC,1973,70.1881463414634
MAC,1972,69.6813902439025
MAC,1971,69.1089268292683
MAC,1970,68.6991463414634
MAC,1969,68.1946341463415
MAC,1968,67.945
MAC,1967,67.3226829268293
MAC,1966,66.7044146341464
MAC,1965,66.2214634146342
MAC,1964,65.8860731707317
MAC,1963,65.4913414634146
MAC,1962,64.9175365853659
MAC,1961,64.311
MAC,1960,63.780756097561
MDG,2024,63.835
MDG,2023,63.632
MDG,2022,63.068
MDG,2021,62.516
MDG,2020,62.706
MDG,2019,63.504
MDG,2018,63.491
MDG,2017,63.433
MDG,2016,63.431
MDG,2015,63.362
MDG,2014,63.261
MDG,2013,63.161
MDG,2012,63.007
MDG,2011,62.86
MDG,2010,62.597
MDG,2009,62.304
MDG,2008,61.992
MDG,2007,61.533
MDG,2006,61.14
MDG,2005,60.664
MDG,2004,60.168
MDG,2003,59.693
MDG,2002,59.17
MDG,2001,58.674
MDG,2000,57.974
MDG,1999,57.434
MDG,1998,56.803
MDG,1997,56.127
MDG,1996,55.477
MDG,1995,54.845
MDG,1994,54.247
MDG,1993,53.733
MDG,1992,52.946
MDG,1991,52.555
MDG,1990,52.14
MDG,1989,51.816
MDG,1988,51.425
MDG,1987,51.098
MDG,1986,50.651
MDG,1985,50.406
MDG,1984,50.209
MDG,1983,50.107
MDG,1982,50.009
MDG,1981,49.806
MDG,1980,49.984
MDG,1979,50.059
MDG,1978,50.017
MDG,1977,49.945
MDG,1976,49.8
MDG,1975,49.596
MDG,1974,49.303
MDG,1973,48.921
MDG,1972,48.507
MDG,1971,48.204
MDG,1970,47.898
MDG,1969,47.322
MDG,1968,46.932
MDG,1967,46.457
MDG,1966,45.98
MDG,1965,45.447
MDG,1964,45.037
MDG,1963,44.626
MDG,1962,44.185
MDG,1961,43.79
MDG,1960,43.349
MWI,2024,67.561
MWI,2023,67.353
MWI,2022,66.037
MWI,2021,64.782
MWI,2020,65.216
MWI,2019,64.995
MWI,2018,64.464
MWI,2017,63.914
MWI,2016,63.163
MWI,2015,62.324
MWI,2014,61.651
MWI,2013,60.816
MWI,2012,59.87
MWI,2011,58.859
MWI,2010,57.787
MWI,2009,56.714
MWI,2008,55.715
MWI,2007,54.687
MWI,2006,53.652
MWI,2005,52.469
MWI,2004,51.073
MWI,2003,49.601
MWI,2002,48.176
MWI,2001,47.205
MWI,2000,46.17
MWI,1999,45.06
MWI,1998,44.3
MWI,1997,44.2
MWI,1996,44.005
MWI,1995,43.804
MWI,1994,43.8
MWI,1993,43.648
MWI,1992,43.636
MWI,1991,43.54
MWI,1990,43.575
MWI,1989,43.515
MWI,1988,43.569
MWI,1987,43.902
MWI,1986,44.298
MWI,1985,44.568
MWI,1984,44.807
MWI,1983,44.974
MWI,1982,44.84
MWI,1981,44.72
MWI,1980,44.331
MWI,1979,43.703
MWI,1978,43.002
MWI,1977,41.979
MWI,1976,41.022
MWI,1975,40.079
MWI,1974,39.197
MWI,1973,38.355
MWI,1972,37.608
MWI,1971,37.095
MWI,1970,36.638
MWI,1969,36.301
MWI,1968,36.085
MWI,1967,35.941
MWI,1966,35.831
MWI,1965,35.74
MWI,1964,35.681
MWI,1963,35.643
MWI,1962,35.449
MWI,1961,35.23
MWI,1960,34.986
MYS,2024,76.821
MYS,2023,76.657
MYS,2022,75.444
MYS,2021,73.917
MYS,2020,76.057
MYS,2019,75.9
MYS,2018,75.734
MYS,2017,75.542
MYS,2016,75.371
MYS,2015,75.288
MYS,2014,75.345
MYS,2013,75.464
MYS,2012,75.552
MYS,2011,75.488
MYS,2010,75.376
MYS,2009,75.269
MYS,2008,75.151
MYS,2007,74.961
MYS,2006,74.697
MYS,2005,74.37
MYS,2004,74.027
MYS,2003,73.727
MYS,2002,73.469
MYS,2001,73.08
MYS,2000,72.732
MYS,1999,72.428
MYS,1998,72.385
MYS,1997,72.296
MYS,1996,72.119
MYS,1995,71.979
MYS,1994,71.865
MYS,1993,71.721
MYS,1992,71.483
MYS,1991,71.219
MYS,1990,70.952
MYS,1989,70.759
MYS,1988,70.551
MYS,1987,70.351
MYS,1986,70.133
MYS,1985,69.863
MYS,1984,69.551
MYS,1983,69.205
MYS,1982,68.876
MYS,1981,68.461
MYS,1980,68.061
MYS,1979,67.607
MYS,1978,67.17
MYS,1977,66.72
MYS,1976,66.233
MYS,1975,65.697
MYS,1974,65.204
MYS,1973,64.725
MYS,1972,64.232
MYS,1971,63.77
MYS,1970,63.298
MYS,1969,62.868
MYS,1968,62.443
MYS,1967,62.044
MYS,1966,61.679
MYS,1965,61.144
MYS,1964,60.448
MYS,1963,59.667
MYS,1962,58.855
MYS,1961,58.015
MYS,1960,57.168
MDV,2024,81.285
MDV,2023,81.041
MDV,2022,80.76
MDV,2021,78.052
MDV,2020,78.713
MDV,2019,79.707
MDV,2018,79.433
MDV,2017,79.228
MDV,2016,78.913
MDV,2015,78.607
MDV,2014,78.187
MDV,2013,77.847
MDV,2012,77.512
MDV,2011,77.141
MDV,2010,76.756
MDV,2009,76.371
MDV,2008,75.999
MDV,2007,75.711
MDV,2006,75.256
MDV,2005,74.785
MDV,2004,73.008
MDV,2003,73.263
MDV,2002,72.36
MDV,2001,71.659
MDV,2000,70.892
MDV,1999,70.157
MDV,1998,69.303
MDV,1997,68.517
MDV,1996,67.734
MDV,1995,66.962
MDV,1994,66.197
MDV,1993,65.434
MDV,1992,64.664
MDV,1991,63.911
MDV,1990,63.148
MDV,1989,62.375
MDV,1988,61.59
MDV,1987,60.789
MDV,1986,59.993
MDV,1985,59.18
MDV,1984,58.341
MDV,1983,57.484
MDV,1982,56.614
MDV,1981,55.729
MDV,1980,54.819
MDV,1979,53.871
MDV,1978,50.448
MDV,1977,51.835
MDV,1976,50.753
MDV,1975,49.645
MDV,1974,48.535
MDV,1973,47.459
MDV,1972,46.431
MDV,1971,45.454
MDV,1970,44.522
MDV,1969,43.654
MDV,1968,42.852
MDV,1967,42.106
MDV,1966,41.406
MDV,1965,40.759
MDV,1964,40.152
MDV,1963,39.593
MDV,1962,39.09
MDV,1961,38.645
MDV,1960,38.244
MLI,2024,60.675
MLI,2023,60.439
MLI,2022,60.035
MLI,2021,59.116
MLI,2020,58.858
MLI,2019,59.217
MLI,2018,58.873
MLI,2017,58.562
MLI,2016,58.286
MLI,2015,57.852
MLI,2014,57.482
MLI,2013,57.052
MLI,2012,56.696
MLI,2011,56.367
MLI,2010,55.993
MLI,2009,55.588
MLI,2008,55.187
MLI,2007,54.756
MLI,2006,54.305
MLI,2005,53.792
MLI,2004,53.253
MLI,2003,52.632
MLI,2002,51.995
MLI,2001,51.3
MLI,2000,50.605
MLI,1999,50.06
MLI,1998,49.592
MLI,1997,49.086
MLI,1996,48.5
MLI,1995,48.292
MLI,1994,47.914
MLI,1993,47.586
MLI,1992,47.238
MLI,1991,46.889
MLI,1990,46.541
MLI,1989,46.237
MLI,1988,45.72
MLI,1987,45.228
MLI,1986,44.62
MLI,1985,43.921
MLI,1984,43.396
MLI,1983,42.748
MLI,1982,41.804
MLI,1981,40.984
MLI,1980,40.266
MLI,1979,39.506
MLI,1978,38.761
MLI,1977,37.986
MLI,1976,37.204
MLI,1975,36.484
MLI,1974,35.749
MLI,1973,35.087
MLI,1972,34.507
MLI,1971,33.804
MLI,1970,33.396
MLI,1969,32.871
MLI,1968,32.568
MLI,1967,32.197
MLI,1966,31.792
MLI,1965,31.529
MLI,1964,31.231
MLI,1963,31.02
MLI,1962,30.833
MLI,1961,30.637
MLI,1960,30.459
MLT,2024,82.9560975609756
MLT,2023,83.3560975609756
MLT,2022,82.2975609756098
MLT,2021,82.2585365853659
MLT,2020,82.0975609756098
MLT,2019,82.6585365853659
MLT,2018,82.2487804878049
MLT,2017,82.1951219512195
MLT,2016,82.3536585365854
MLT,2015,81.7975609756098
MLT,2014,81.8951219512195
MLT,2013,81.7463414634146
MLT,2012,80.7463414634146
MLT,2011,80.7463414634146
MLT,2010,81.3975609756098
MLT,2009,80.2414634146342
MLT,2008,79.6365853658537
MLT,2007,79.7926829268293
MLT,2006,79.4390243902439
MLT,2005,79.3
MLT,2004,79.2536585365854
MLT,2003,78.5463414634146
MLT,2002,78.7390243902439
MLT,2001,78.8439024390244
MLT,2000,78.3487804878049
MLT,1999,77.5
MLT,1998,77.5878048780488
MLT,1997,77.7390243902439
MLT,1996,77.3414634146342
MLT,1995,77.290243902439
MLT,1994,76.8329756097561
MLT,1993,76.7196097560976
MLT,1992,76.5651219512195
MLT,1991,76.3776341463415
MLT,1990,76.0459268292683
MLT,1989,76.0512926829268
MLT,1988,75.7509024390244
MLT,1987,75.1933170731707
MLT,1986,74.393512195122
MLT,1985,73.7640731707317
MLT,1984,73.2111707317073
MLT,1983,73.0011463414634
MLT,1982,72.7255853658537
MLT,1981,72.2716585365854
MLT,1980,72.2183902439025
MLT,1979,72.3917073170732
MLT,1978,72.2289268292683
MLT,1977,72.2178048780488
MLT,1976,72.0916097560976
MLT,1975,71.9532195121951
MLT,1974,71.8290731707317
MLT,1973,71.2199268292683
MLT,1972,70.5963170731707
MLT,1971,70.0765365853659
MLT,1970,70.2849512195122
MLT,1969,69.9741463414634
MLT,1968,69.8187804878049
MLT,1967,69.710512195122
MLT,1966,69.6580975609756
MLT,1965,69.3719024390244
MLT,1964,69.2581951219512
MLT,1963,69.158512195122
MLT,1962,69.0752682926829
MLT,1961,68.3216341463415
MLT,1960,68.3440975609756
MHL,2024,67.075
MHL,2023,66.945
MHL,2022,66.725
MHL,2021,65.421
MHL,2020,65.387
MHL,2019,66.047
MHL,2018,65.87
MHL,2017,65.673
MHL,2016,65.477
MHL,2015,65.292
MHL,2014,65.11
MHL,2013,64.954
MHL,2012,64.776
MHL,2011,64.641
MHL,2010,64.498
MHL,2009,64.395
MHL,2008,64.3
MHL,2007,64.259
MHL,2006,64.207
MHL,2005,64.112
MHL,2004,64.044
MHL,2003,63.956
MHL,2002,63.848
MHL,2001,63.735
MHL,2000,63.323
MHL,1999,63.421
MHL,1998,63.218
MHL,1997,63.015
MHL,1996,62.765
MHL,1995,62.515
MHL,1994,62.308
MHL,1993,62.085
MHL,1992,61.9
MHL,1991,61.792
MHL,1990,61.756
MHL,1989,61.733
MHL,1988,61.778
MHL,1987,61.808
MHL,1986,61.778
MHL,1985,61.712
MHL,1984,61.602
MHL,1983,61.452
MHL,1982,61.293
MHL,1981,61.139
MHL,1980,60.989
MHL,1979,60.845
MHL,1978,60.701
MHL,1977,60.572
MHL,1976,60.416
MHL,1975,60.273
MHL,1974,60.12
MHL,1973,59.833
MHL,1972,59.491
MHL,1971,59.133
MHL,1970,58.798
MHL,1969,58.504
MHL,1968,58.192
MHL,1967,57.764
MHL,1966,57.284
MHL,1965,56.779
MHL,1964,56.265
MHL,1963,55.739
MHL,1962,55.214
MHL,1961,54.725
MHL,1960,54.359
MRT,2024,68.713
MRT,2023,68.484
MRT,2022,68.281
MRT,2021,66.762
MRT,2020,66.794
MRT,2019,67.64
MRT,2018,67.419
MRT,2017,67.088
MRT,2016,66.823
MRT,2015,66.498
MRT,2014,66.207
MRT,2013,65.89
MRT,2012,65.808
MRT,2011,65.754
MRT,2010,65.661
MRT,2009,65.485
MRT,2008,65.233
MRT,2007,64.885
MRT,2006,64.493
MRT,2005,63.92
MRT,2004,63.369
MRT,2003,62.805
MRT,2002,62.249
MRT,2001,61.662
MRT,2000,61.044
MRT,1999,60.443
MRT,1998,59.89
MRT,1997,59.417
MRT,1996,58.915
MRT,1995,58.861
MRT,1994,58.763
MRT,1993,58.733
MRT,1992,58.568
MRT,1991,58.291
MRT,1990,58.087
MRT,1989,57.699
MRT,1988,57.483
MRT,1987,56.964
MRT,1986,56.323
MRT,1985,55.808
MRT,1984,55.195
MRT,1983,54.58
MRT,1982,54.229
MRT,1981,53.684
MRT,1980,53.204
MRT,1979,52.763
MRT,1978,52.349
MRT,1977,51.998
MRT,1976,51.77
MRT,1975,51.571
MRT,1974,51.432
MRT,1973,51.216
MRT,1972,51.037
MRT,1971,50.757
MRT,1970,50.544
MRT,1969,50.085
MRT,1968,49.507
MRT,1967,48.893
MRT,1966,48.135
MRT,1965,47.36
MRT,1964,46.581
MRT,1963,45.794
MRT,1962,45.047
MRT,1961,44.307
MRT,1960,43.611
MUS,2024,73.7890243902439
MUS,2023,73.4121951219512
MUS,2022,73.5146341463415
MUS,2021,73.680243902439
MUS,2020,74.1770731707317
MUS,2019,74.2358536585366
MUS,2018,74.4163414634146
MUS,2017,74.5146341463415
MUS,2016,74.3948780487805
MUS,2015,74.3531707317073
MUS,2014,74.1943902439024
MUS,2013,74.0170731707317
MUS,2012,73.8634146341464
MUS,2011,73.2668292682927
MUS,2010,72.9673170731707
MUS,2009,72.8824390243903
MUS,2008,72.5707317073171
MUS,2007,72.5707317073171
MUS,2006,72.4321951219512
MUS,2005,72.4321951219512
MUS,2004,72.2658536585366
MUS,2003,72.1170731707317
MUS,2002,71.9658536585366
MUS,2001,71.7658536585366
MUS,2000,71.6634146341463
MUS,1999,70.9609756097561
MUS,1998,70.6073170731707
MUS,1997,70.4048780487805
MUS,1996,70.3229268292683
MUS,1995,70.3258536585366
MUS,1994,70.1585365853659
MUS,1993,70.1073170731707
MUS,1992,70.0585365853659
MUS,1991,69.9560975609756
MUS,1990,69.4048780487805
MUS,1989,69.6791219512195
MUS,1988,69.5606097560976
MUS,1987,69.2877073170732
MUS,1986,68.9978048780488
MUS,1985,68.855512195122
MUS,1984,68.7760243902439
MUS,1983,68.5459024390244
MUS,1982,68.0819756097561
MUS,1981,67.4061463414634
MUS,1980,66.7709024390244
MUS,1979,66.3225365853659
MUS,1978,65.5920731707317
MUS,1977,65.1307317073171
MUS,1976,64.3810243902439
MUS,1975,64.6136829268293
MUS,1974,64.4107073170732
MUS,1973,64.2941951219512
MUS,1972,63.8733902439024
MUS,1971,63.9004390243903
MUS,1970,63.7321951219512
MUS,1969,62.7038780487805
MUS,1968,62.0993414634146
MUS,1967,61.7451707317073
MUS,1966,62.1274878048781
MUS,1965,62.074756097561
MUS,1964,61.5040487804878
MUS,1963,61.128512195122
MUS,1962,60.4433902439024
MUS,1961,59.5666829268293
MUS,1960,58.4614146341463
MEX,2024,75.264
MEX,2023,75.069
MEX,2022,73.973
MEX,2021,69.75
MEX,2020,70.449
MEX,2019,74.53
MEX,2018,74.301
MEX,2017,74.261
MEX,2016,74.376
MEX,2015,74.431
MEX,2014,74.404
MEX,2013,74.289
MEX,2012,74.128
MEX,2011,73.921
MEX,2010,73.718
MEX,2009,73.628
MEX,2008,73.695
MEX,2007,73.796
MEX,2006,73.746
MEX,2005,73.627
MEX,2004,73.432
MEX,2003,73.308
MEX,2002,73.106
MEX,2001,72.912
MEX,2000,72.562
MEX,1999,72.203
MEX,1998,71.792
MEX,1997,71.472
MEX,1996,71.088
MEX,1995,70.703
MEX,1994,70.302
MEX,1993,69.961
MEX,1992,69.663
MEX,1991,69.368
MEX,1990,69.034
MEX,1989,68.621
MEX,1988,68.299
MEX,1987,67.904
MEX,1986,67.377
MEX,1985,66.775
MEX,1984,66.215
MEX,1983,65.756
MEX,1982,65.256
MEX,1981,64.722
MEX,1980,64.282
MEX,1979,63.862
MEX,1978,63.435
MEX,1977,62.988
MEX,1976,62.475
MEX,1975,61.883
MEX,1974,61.18
MEX,1973,60.518
MEX,1972,60.051
MEX,1971,59.415
MEX,1970,58.893
MEX,1969,58.413
MEX,1968,58.22
MEX,1967,57.959
MEX,1966,57.355
MEX,1965,56.688
MEX,1964,55.916
MEX,1963,55.501
MEX,1962,55.057
MEX,1961,54.422
MEX,1960,53.573
FSM,2024,67.357
FSM,2023,67.198
FSM,2022,66.961
FSM,2021,66.152
FSM,2020,65.878
FSM,2019,66.196
FSM,2018,65.943
FSM,2017,65.761
FSM,2016,65.576
FSM,2015,65.306
FSM,2014,65.294
FSM,2013,65.179
FSM,2012,65.08
FSM,2011,64.969
FSM,2010,64.892
FSM,2009,64.865
FSM,2008,64.849
FSM,2007,64.844
FSM,2006,64.859
FSM,2005,64.906
FSM,2004,64.898
FSM,2003,64.915
FSM,2002,63.907
FSM,2001,64.801
FSM,2000,64.317
FSM,1999,64.626
FSM,1998,64.509
FSM,1997,64.371
FSM,1996,64.253
FSM,1995,64.142
FSM,1994,64.082
FSM,1993,64.041
FSM,1992,63.996
FSM,1991,63.881
FSM,1990,63.722
FSM,1989,63.617
FSM,1988,63.461
FSM,1987,63.206
FSM,1986,63.151
FSM,1985,63.028
FSM,1984,62.923
FSM,1983,62.829
FSM,1982,62.747
FSM,1981,62.668
FSM,1980,62.556
FSM,1979,62.46
FSM,1978,62.306
FSM,1977,62.118
FSM,1976,61.885
FSM,1975,61.617
FSM,1974,61.319
FSM,1973,60.955
FSM,1972,60.608
FSM,1971,60.182
FSM,1970,59.774
FSM,1969,59.309
FSM,1968,58.827
FSM,1967,58.305
FSM,1966,57.75
FSM,1965,57.199
FSM,1964,56.655
FSM,1963,56.004
FSM,1962,55.393
FSM,1961,54.736
FSM,1960,54.195
MDA,2024,71.332
MDA,2023,71.198
MDA,2022,71.546
MDA,2021,68.991
MDA,2020,69.914
MDA,2019,70.181
MDA,2018,70.236
MDA,2017,70.375
MDA,2016,70.179
MDA,2015,70.118
MDA,2014,70.241
MDA,2013,70.291
MDA,2012,70.344
MDA,2011,70.173
MDA,2010,69.876
MDA,2009,69.406
MDA,2008,69.0
MDA,2007,68.674
MDA,2006,68.423
MDA,2005,68.197
MDA,2004,68.017
MDA,2003,67.9
MDA,2002,67.793
MDA,2001,67.672
MDA,2000,67.462
MDA,1999,67.205
MDA,1998,66.84
MDA,1997,66.484
MDA,1996,66.248
MDA,1995,66.218
MDA,1994,66.319
MDA,1993,66.66
MDA,1992,66.749
MDA,1991,67.554
MDA,1990,67.92
MDA,1989,68.173
MDA,1988,68.191
MDA,1987,67.922
MDA,1986,67.395
MDA,1985,66.882
MDA,1984,66.433
MDA,1983,66.149
MDA,1982,65.859
MDA,1981,65.595
MDA,1980,65.189
MDA,1979,64.823
MDA,1978,64.489
MDA,1977,64.231
MDA,1976,63.968
MDA,1975,63.7
MDA,1974,63.437
MDA,1973,63.175
MDA,1972,62.932
MDA,1971,62.672
MDA,1970,62.414
MDA,1969,62.184
MDA,1968,61.975
MDA,1967,61.781
MDA,1966,61.552
MDA,1965,61.275
MDA,1964,60.962
MDA,1963,60.616
MDA,1962,60.254
MDA,1961,59.856
MDA,1960,59.44
MCO,2024,86.497
MCO,2023,86.372
MCO,2022,85.746
MCO,2021,85.113
MCO,2020,86.089
MCO,2019,86.151
MCO,2018,86.084
MCO,2017,85.878
MCO,2016,85.63
MCO,2015,85.323
MCO,2014,85.093
MCO,2013,85.056
MCO,2012,85.045
MCO,2011,85.01
MCO,2010,84.644
MCO,2009,84.187
MCO,2008,83.827
MCO,2007,83.903
MCO,2006,84.194
MCO,2005,84.34
MCO,2004,84.151
MCO,2003,83.613
MCO,2002,83.055
MCO,2001,82.485
MCO,2000,82.121
MCO,1999,81.826
MCO,1998,81.605
MCO,1997,81.358
MCO,1996,81.133
MCO,1995,80.902
MCO,1994,80.654
MCO,1993,80.365
MCO,1992,80.065
MCO,1991,79.749
MCO,1990,79.436
MCO,1989,79.416
MCO,1988,79.408
MCO,1987,79.257
MCO,1986,78.4
MCO,1985,77.363
MCO,1984,76.394
MCO,1983,75.697
MCO,1982,75.255
MCO,1981,74.953
MCO,1980,74.948
MCO,1979,74.87
MCO,1978,74.656
MCO,1977,74.193
MCO,1976,73.797
MCO,1975,73.523
MCO,1974,73.421
MCO,1973,73.374
MCO,1972,73.381
MCO,1971,73.365
MCO,1970,73.349
MCO,1969,73.249
MCO,1968,73.17
MCO,1967,73.058
MCO,1966,73.03
MCO,1965,72.866
MCO,1964,72.706
MCO,1963,72.476
MCO,1962,72.437
MCO,1961,72.177
MCO,1960,71.861
MNG,2024,72.3980487804878
MNG,2023,72.1224390243902
MNG,2022,71.9007317073171
MNG,2021,71.6451219512195
MNG,2020,71.3490243902439
MNG,2019,71.0531707317073
MNG,2018,70.8270731707317
MNG,2017,70.5434146341463
MNG,2016,70.2239024390244
MNG,2015,70.810243902439
MNG,2014,70.5831707317073
MNG,2013,70.0980487804878
MNG,2012,69.500243902439
MNG,2011,69.109268292683
MNG,2010,68.5056097560976
MNG,2009,67.9690243902439
MNG,2008,67.2460975609756
MNG,2007,66.5934146341464
MNG,2006,65.9021951219512
MNG,2005,65.2807317073171
MNG,2004,64.630243902439
MNG,2003,63.5753658536585
MNG,2002,63.540243902439
MNG,2001,63.3917073170732
MNG,2000,63.2104878048781
MNG,1999,62.7895365853659
MNG,1998,62.0830731707317
MNG,1997,61.414512195122
MNG,1996,60.994
MNG,1995,60.892512195122
MNG,1994,60.859
MNG,1993,60.8242195121951
MNG,1992,60.4307073170732
MNG,1991,59.8047317073171
MNG,1990,58.8011951219512
MNG,1989,58.1020243902439
MNG,1988,57.4803414634146
MNG,1987,57.0928536585366
MNG,1986,56.7378048780488
MNG,1985,56.416756097561
MNG,1984,56.1206097560976
MNG,1983,55.8454146341464
MNG,1982,55.5940243902439
MNG,1981,55.3730487804878
MNG,1980,55.1848780487805
MNG,1979,55.0270487804878
MNG,1978,54.8861707317073
MNG,1977,54.7357804878049
MNG,1976,54.5484146341463
MNG,1975,54.3009756097561
MNG,1974,53.9876341463415
MNG,1973,53.5671463414634
MNG,1972,53.0728292682927
MNG,1971,52.5202195121951
MNG,1970,51.9505853658537
MNG,1969,51.3599756097561
MNG,1968,50.7391951219512
MNG,1967,50.09
MNG,1966,49.3344878048781
MNG,1965,48.6831463414634
MNG,1964,47.9171951219512
MNG,1963,47.106243902439
MNG,1962,46.2474146341463
MNG,1961,45.3926829268293
MNG,1960,44.5310487804878
MNE,2024,77.890243902439
MNE,2023,77.5878048780488
MNE,2022,76.1878048780488
MNE,2021,73.8243902439024
MNE,2020,75.9317073170732
MNE,2019,76.6829268292683
MNE,2018,77.8853658536585
MNE,2017,76.6853658536585
MNE,2016,76.5414634146342
MNE,2015,76.6024390243903
MNE,2014,76.3390243902439
MNE,2013,76.490243902439
MNE,2012,76.3
MNE,2011,76.0829268292683
MNE,2010,75.990243902439
MNE,2009,75.1439024390244
MNE,2008,75.1365853658537
MNE,2007,74.3390243902439
MNE,2006,73.8390243902439
MNE,2005,73.9829268292683
MNE,2004,74.2056097560976
MNE,2003,74.0557317073171
MNE,2002,73.9652195121951
MNE,2001,73.5801951219512
MNE,2000,73.3968048780488
MNE,1999,73.1438780487805
MNE,1998,73.2877804878049
MNE,1997,73.3429756097561
MNE,1996,73.4447317073171
MNE,1995,73.5649268292683
MNE,1994,73.5877804878049
MNE,1993,73.6938780487805
MNE,1992,73.6216585365854
MNE,1991,73.7667317073171
MNE,1990,73.6963414634146
MNE,1989,73.6204878048781
MNE,1988,73.2131219512195
MNE,1987,72.9833414634146
MNE,1986,72.5884634146342
MNE,1985,72.2386097560976
MNE,1984,72.0980487804878
MNE,1983,72.1067804878049
MNE,1982,72.1014878048781
MNE,1981,71.9192926829268
MNE,1980,72.0325853658537
MNE,1979,71.2804634146342
MNE,1978,71.7102195121951
MNE,1977,71.6151219512195
MNE,1976,71.8461951219512
MNE,1975,71.7094146341463
MNE,1974,71.4118048780488
MNE,1973,71.3676097560976
MNE,1972,71.0364634146342
MNE,1971,70.6126585365854
MNE,1970,70.2063170731708
MNE,1969,69.9628780487805
MNE,1968,69.6431707317073
MNE,1967,69.0755609756098
MNE,1966,68.4289024390244
MNE,1965,67.9017317073171
MNE,1964,67.2085609756098
MNE,1963,66.6071951219512
MNE,1962,66.2178780487805
MNE,1961,65.9281951219512
MNE,1960,65.4921951219512
MAR,2024,75.493
MAR,2023,75.313
MAR,2022,75.161
MAR,2021,73.385
MAR,2020,73.133
MAR,2019,74.245
MAR,2018,73.946
MAR,2017,73.608
MAR,2016,73.228
MAR,2015,72.894
MAR,2014,72.522
MAR,2013,72.117
MAR,2012,71.674
MAR,2011,71.263
MAR,2010,70.821
MAR,2009,70.454
MAR,2008,70.051
MAR,2007,69.62
MAR,2006,69.157
MAR,2005,68.748
MAR,2004,68.272
MAR,2003,67.958
MAR,2002,67.582
MAR,2001,67.2
MAR,2000,66.794
MAR,1999,66.404
MAR,1998,66.008
MAR,1997,65.616
MAR,1996,65.226
MAR,1995,64.725
MAR,1994,64.346
MAR,1993,63.868
MAR,1992,63.388
MAR,1991,62.919
MAR,1990,62.396
MAR,1989,61.824
MAR,1988,61.231
MAR,1987,60.62
MAR,1986,59.951
MAR,1985,59.208
MAR,1984,58.438
MAR,1983,57.685
MAR,1982,56.869
MAR,1981,56.023
MAR,1980,55.219
MAR,1979,54.376
MAR,1978,53.554
MAR,1977,52.791
MAR,1976,52.048
MAR,1975,51.356
MAR,1974,50.762
MAR,1973,50.22
MAR,1972,49.706
MAR,1971,49.169
MAR,1970,48.691
MAR,1969,48.187
MAR,1968,47.659
MAR,1967,47.099
MAR,1966,46.495
MAR,1965,45.922
MAR,1964,45.346
MAR,1963,44.768
MAR,1962,44.226
MAR,1961,43.694
MAR,1960,41.73
MOZ,2024,63.797
MOZ,2023,63.611
MOZ,2022,63.011
MOZ,2021,60.268
MOZ,2020,61.39
MOZ,2019,61.306
MOZ,2018,60.79
MOZ,2017,60.148
MOZ,2016,59.455
MOZ,2015,58.711
MOZ,2014,57.965
MOZ,2013,57.189
MOZ,2012,56.46
MOZ,2011,55.733
MOZ,2010,55.04
MOZ,2009,54.4
MOZ,2008,53.799
MOZ,2007,53.255
MOZ,2006,52.748
MOZ,2005,52.322
MOZ,2004,51.855
MOZ,2003,51.383
MOZ,2002,50.879
MOZ,2001,50.259
MOZ,2000,49.476
MOZ,1999,48.837
MOZ,1998,48.212
MOZ,1997,47.8
MOZ,1996,47.121
MOZ,1995,46.546
MOZ,1994,46.086
MOZ,1993,45.675
MOZ,1992,45.095
MOZ,1991,44.705
MOZ,1990,44.337
MOZ,1989,43.889
MOZ,1988,43.691
MOZ,1987,41.002
MOZ,1986,40.951
MOZ,1985,38.984
MOZ,1984,38.897
MOZ,1983,41.596
MOZ,1982,41.677
MOZ,1981,41.643
MOZ,1980,43.987
MOZ,1979,43.914
MOZ,1978,43.963
MOZ,1977,43.924
MOZ,1976,43.923
MOZ,1975,43.821
MOZ,1974,43.211
MOZ,1973,42.724
MOZ,1972,42.523
MOZ,1971,42.581
MOZ,1970,42.459
MOZ,1969,42.267
MOZ,1968,42.1
MOZ,1967,41.953
MOZ,1966,41.835
MOZ,1965,41.792
MOZ,1964,41.656
MOZ,1963,41.958
MOZ,1962,41.761
MOZ,1961,41.5
MOZ,1960,41.197
MMR,2024,67.095
MMR,2023,66.889
MMR,2022,66.506
MMR,2021,65.553
MMR,2020,66.612
MMR,2019,66.457
MMR,2018,66.232
MMR,2017,65.909
MMR,2016,65.64
MMR,2015,65.288
MMR,2014,64.994
MMR,2013,64.617
MMR,2012,64.251
MMR,2011,63.859
MMR,2010,63.479
MMR,2009,63.095
MMR,2008,56.364
MMR,2007,62.367
MMR,2006,62.026
MMR,2005,61.72
MMR,2004,61.443
MMR,2003,61.196
MMR,2002,60.925
MMR,2001,60.64
MMR,2000,60.357
MMR,1999,60.107
MMR,1998,59.896
MMR,1997,59.523
MMR,1996,59.169
MMR,1995,58.671
MMR,1994,58.326
MMR,1993,58.032
MMR,1992,57.681
MMR,1991,57.395
MMR,1990,57.159
MMR,1989,56.889
MMR,1988,56.57
MMR,1987,56.353
MMR,1986,56.084
MMR,1985,55.816
MMR,1984,55.596
MMR,1983,55.308
MMR,1982,55.033
MMR,1981,54.699
MMR,1980,54.374
MMR,1979,54.026
MMR,1978,53.522
MMR,1977,53.266
MMR,1976,52.908
MMR,1975,52.493
MMR,1974,52.092
MMR,1973,51.763
MMR,1972,51.397
MMR,1971,51.027
MMR,1970,50.47
MMR,1969,50.02
MMR,1968,49.4
MMR,1967,48.86
MMR,1966,48.181
MMR,1965,47.405
MMR,1964,46.653
MMR,1963,45.951
MMR,1962,45.264
MMR,1961,44.603
MMR,1960,44.086
NAM,2024,67.516
NAM,2023,67.385
NAM,2022,64.19
NAM,2021,60.85
NAM,2020,64.071
NAM,2019,63.546
NAM,2018,62.579
NAM,2017,61.661
NAM,2016,60.81
NAM,2015,60.008
NAM,2014,59.311
NAM,2013,58.468
NAM,2012,57.733
NAM,2011,56.647
NAM,2010,56.093
NAM,2009,55.347
NAM,2008,54.74
NAM,2007,54.026
NAM,2006,53.183
NAM,2005,52.557
NAM,2004,52.175
NAM,2003,51.918
NAM,2002,51.988
NAM,2001,51.98
NAM,2000,52.946
NAM,1999,53.983
NAM,1998,54.767
NAM,1997,55.844
NAM,1996,56.639
NAM,1995,57.518
NAM,1994,58.441
NAM,1993,59.26
NAM,1992,60.16
NAM,1991,60.833
NAM,1990,61.359
NAM,1989,60.773
NAM,1988,59.033
NAM,1987,59.123
NAM,1986,58.725
NAM,1985,58.472
NAM,1984,58.097
NAM,1983,57.637
NAM,1982,57.335
NAM,1981,56.912
NAM,1980,56.572
NAM,1979,59.519
NAM,1978,59.111
NAM,1977,58.586
NAM,1976,58.041
NAM,1975,57.55
NAM,1974,56.943
NAM,1973,56.422
NAM,1972,55.845
NAM,1971,55.289
NAM,1970,54.686
NAM,1969,54.126
NAM,1968,53.553
NAM,1967,52.933
NAM,1966,52.301
NAM,1965,51.997
NAM,1964,51.349
NAM,1963,50.641
NAM,1962,49.972
NAM,1961,49.242
NAM,1960,48.529
NRU,2024,62.279
NRU,2023,62.109
NRU,2022,61.93
NRU,2021,61.331
NRU,2020,61.527
NRU,2019,61.393
NRU,2018,61.238
NRU,2017,61.101
NRU,2016,60.996
NRU,2015,60.897
NRU,2014,60.834
NRU,2013,60.701
NRU,2012,60.533
NRU,2011,60.287
NRU,2010,60.074
NRU,2009,59.852
NRU,2008,59.675
NRU,2007,59.49
NRU,2006,59.409
NRU,2005,59.361
NRU,2004,59.346
NRU,2003,59.359
NRU,2002,59.427
NRU,2001,59.482
NRU,2000,59.574
NRU,1999,59.701
NRU,1998,59.86
NRU,1997,59.985
NRU,1996,60.07
NRU,1995,60.063
NRU,1994,59.954
NRU,1993,59.761
NRU,1992,59.518
NRU,1991,59.312
NRU,1990,59.102
NRU,1989,58.9
NRU,1988,58.725
NRU,1987,58.625
NRU,1986,58.591
NRU,1985,58.598
NRU,1984,58.658
NRU,1983,58.694
NRU,1982,58.635
NRU,1981,58.555
NRU,1980,58.471
NRU,1979,58.374
NRU,1978,58.288
NRU,1977,58.144
NRU,1976,58.215
NRU,1975,58.251
NRU,1974,58.31
NRU,1973,58.362
NRU,1972,58.405
NRU,1971,58.427
NRU,1970,58.449
NRU,1969,58.408
NRU,1968,58.633
NRU,1967,58.62
NRU,1966,58.385
NRU,1965,58.255
NRU,1964,58.167
NRU,1963,58.099
NRU,1962,58.023
NRU,1961,58.005
NRU,1960,57.924
NPL,2024,70.636
NPL,2023,70.354
NPL,2022,70.087
NPL,2021,68.385
NPL,2020,69.106
NPL,2019,69.299
NPL,2018,69.036
NPL,2017,68.74
NPL,2016,68.444
NPL,2015,67.374
NPL,2014,67.812
NPL,2013,67.598
NPL,2012,67.364
NPL,2011,67.123
NPL,2010,66.772
NPL,2009,66.6
NPL,2008,66.442
NPL,2007,66.169
NPL,2006,65.891
NPL,2005,65.275
NPL,2004,64.744
NPL,2003,64.229
NPL,2002,63.507
NPL,2001,63.288
NPL,2000,62.642
NPL,1999,62.035
NPL,1998,61.532
NPL,1997,60.823
NPL,1996,60.044
NPL,1995,59.323
NPL,1994,58.631
NPL,1993,57.597
NPL,1992,56.686
NPL,1991,55.65
NPL,1990,54.771
NPL,1989,54.013
NPL,1988,53.109
NPL,1987,52.382
NPL,1986,51.594
NPL,1985,50.922
NPL,1984,50.227
NPL,1983,49.676
NPL,1982,49.181
NPL,1981,48.662
NPL,1980,48.333
NPL,1979,47.766
NPL,1978,47.202
NPL,1977,46.628
NPL,1976,45.991
NPL,1975,45.499
NPL,1974,44.919
NPL,1973,44.485
NPL,1972,44.068
NPL,1971,43.616
NPL,1970,43.151
NPL,1969,42.722
NPL,1968,42.173
NPL,1967,41.71
NPL,1966,41.239
NPL,1965,40.688
NPL,1964,40.229
NPL,1963,39.608
NPL,1962,39.333
NPL,1961,38.966
NPL,1960,38.652
NLD,2024,81.9658536585366
NLD,2023,81.8634146341464
NLD,2022,81.6146341463415
NLD,2021,81.309756097561
NLD,2020,81.3585365853659
NLD,2019,82.1121951219512
NLD,2018,81.8121951219512
NLD,2017,81.7609756097561
NLD,2016,81.5609756097561
NLD,2015,81.509756097561
NLD,2014,81.7073170731707
NLD,2013,81.3048780487805
NLD,2012,81.1048780487805
NLD,2011,81.2048780487805
NLD,2010,80.7024390243902
NLD,2009,80.5487804878049
NLD,2008,80.2512195121951
NLD,2007,80.0975609756098
NLD,2006,79.6975609756098
NLD,2005,79.3463414634146
NLD,2004,79.0951219512195
NLD,2003,78.4926829268293
NLD,2002,78.2926829268293
NLD,2001,78.190243902439
NLD,2000,77.9878048780488
NLD,1999,77.8365853658537
NLD,1998,77.8829268292683
NLD,1997,77.7943902439024
NLD,1996,77.4356097560976
NLD,1995,77.4046341463415
NLD,1994,77.3751219512195
NLD,1993,76.9165853658537
NLD,1992,77.2170731707317
NLD,1991,77.0
NLD,1990,76.8780487804878
NLD,1989,76.7341463414634
NLD,1988,76.890243902439
NLD,1987,76.7051219512195
NLD,1986,76.2704878048781
NLD,1985,76.2846341463415
NLD,1984,76.2331707317073
NLD,1983,76.1641463414634
NLD,1982,75.9885365853659
NLD,1981,75.9343902439025
NLD,1980,75.7431707317073
NLD,1979,75.6060975609756
NLD,1978,75.1451219512195
NLD,1977,75.2214634146342
NLD,1976,74.6470731707317
NLD,1975,74.4987804878049
NLD,1974,74.5368292682927
NLD,1973,74.1439024390244
NLD,1972,73.7270731707317
NLD,1971,73.809512195122
NLD,1970,73.5856097560976
NLD,1969,73.539512195122
NLD,1968,73.6126829268293
NLD,1967,73.8041463414634
NLD,1966,73.5129268292683
NLD,1965,73.5687804878049
NLD,1964,73.7041463414634
NLD,1963,73.3370731707317
NLD,1962,73.3239024390244
NLD,1961,73.6526829268293
NLD,1960,73.3926829268293
NCL,2024,78.921
NCL,2023,78.766
NCL,2022,77.698
NCL,2021,77.113
NCL,2020,77.049
NCL,2019,77.262
NCL,2018,77.557
NCL,2017,77.504
NCL,2016,77.359
NCL,2015,77.206
NCL,2014,77.053
NCL,2013,76.867
NCL,2012,76.615
NCL,2011,76.315
NCL,2010,75.992
NCL,2009,75.676
NCL,2008,75.398
NCL,2007,75.181
NCL,2006,75.016
NCL,2005,74.867
NCL,2004,74.713
NCL,2003,74.5
NCL,2002,74.278
NCL,2001,73.958
NCL,2000,73.574
NCL,1999,73.141
NCL,1998,72.677
NCL,1997,72.204
NCL,1996,71.75
NCL,1995,71.314
NCL,1994,70.897
NCL,1993,70.504
NCL,1992,70.143
NCL,1991,69.82
NCL,1990,69.526
NCL,1989,69.221
NCL,1988,68.92
NCL,1987,68.597
NCL,1986,68.239
NCL,1985,67.843
NCL,1984,67.419
NCL,1983,66.972
NCL,1982,66.51
NCL,1981,65.987
NCL,1980,65.601
NCL,1979,65.154
NCL,1978,64.702
NCL,1977,64.236
NCL,1976,63.751
NCL,1975,63.239
NCL,1974,62.69
NCL,1973,62.1
NCL,1972,61.413
NCL,1971,60.785
NCL,1970,60.057
NCL,1969,59.3
NCL,1968,58.503
NCL,1967,57.688
NCL,1966,56.871
NCL,1965,56.066
NCL,1964,55.287
NCL,1963,54.531
NCL,1962,53.795
NCL,1961,53.068
NCL,1960,52.341
NZL,2024,82.009756097561
NZL,2023,81.7585365853659
NZL,2022,81.9585365853658
NZL,2021,82.2073170731707
NZL,2020,82.2560975609756
NZL,2019,82.0560975609756
NZL,2018,81.7073170731707
NZL,2017,81.8585365853659
NZL,2016,81.6585365853659
NZL,2015,81.6124390243903
NZL,2014,81.4568292682927
NZL,2013,81.4048780487805
NZL,2012,81.4073170731707
NZL,2011,81.1560975609756
NZL,2010,80.9048780487805
NZL,2009,80.7024390243902
NZL,2008,80.3512195121951
NZL,2007,80.1512195121951
NZL,2006,80.0487804878049
NZL,2005,79.8512195121951
NZL,2004,79.5487804878049
NZL,2003,79.1463414634146
NZL,2002,78.8463414634146
NZL,2001,78.6926829268293
NZL,2000,78.6365853658537
NZL,1999,77.890243902439
NZL,1998,78.0853658536585
NZL,1997,77.3341463414634
NZL,1996,76.7878048780488
NZL,1995,76.7341463414634
NZL,1994,76.8829268292683
NZL,1993,76.4341463414634
NZL,1992,76.1243902439025
NZL,1991,76.0317073170732
NZL,1990,75.3780487804878
NZL,1989,74.8243902439024
NZL,1988,74.4243902439024
NZL,1987,74.1780487804878
NZL,1986,74.1219512195122
NZL,1985,73.8292682926829
NZL,1984,74.3707317073171
NZL,1983,73.7756097560976
NZL,1982,73.7243902439024
NZL,1981,73.6219512195122
NZL,1980,72.8292682926829
NZL,1979,73.0682926829269
NZL,1978,73.019512195122
NZL,1977,72.1682926829268
NZL,1976,72.4219512195122
NZL,1975,72.219512195122
NZL,1974,71.9243902439024
NZL,1973,71.6682926829268
NZL,1972,71.8292682926829
NZL,1971,71.7731707317073
NZL,1970,71.2731707317073
NZL,1969,71.4731707317073
NZL,1968,71.1243902439025
NZL,1967,71.4731707317073
NZL,1966,71.1243902439025
NZL,1965,71.2268292682927
NZL,1964,71.3292682926829
NZL,1963,71.280487804878
NZL,1962,71.2317073170732
NZL,1961,70.9853658536585
NZL,1960,71.2365853658537
NIC,2024,75.1
NIC,2023,74.947
NIC,2022,74.463
NIC,2021,70.478
NIC,2020,70.766
NIC,2019,73.764
NIC,2018,73.879
NIC,2017,73.389
NIC,2016,73.18
NIC,2015,72.899
NIC,2014,72.792
NIC,2013,72.551
NIC,2012,72.435
NIC,2011,72.033
NIC,2010,71.761
NIC,2009,71.499
NIC,2008,71.404
NIC,2007,71.197
NIC,2006,70.958
NIC,2005,70.374
NIC,2004,69.51
NIC,2003,68.749
NIC,2002,67.95
NIC,2001,67.028
NIC,2000,66.36
NIC,1999,65.892
NIC,1998,64.111
NIC,1997,65.523
NIC,1996,65.215
NIC,1995,64.869
NIC,1994,64.549
NIC,1993,64.093
NIC,1992,63.672
NIC,1991,63.31
NIC,1990,62.473
NIC,1989,61.884
NIC,1988,59.833
NIC,1987,57.329
NIC,1986,57.558
NIC,1985,56.4
NIC,1984,56.126
NIC,1983,56.851
NIC,1982,58.685
NIC,1981,58.278
NIC,1980,57.953
NIC,1979,50.828
NIC,1978,53.533
NIC,1977,56.126
NIC,1976,56.118
NIC,1975,55.774
NIC,1974,55.401
NIC,1973,55.023
NIC,1972,47.957
NIC,1971,54.219
NIC,1970,53.815
NIC,1969,53.35
NIC,1968,52.865
NIC,1967,52.348
NIC,1966,51.579
NIC,1965,50.647
NIC,1964,49.586
NIC,1963,48.752
NIC,1962,47.981
NIC,1961,47.289
NIC,1960,46.399
NER,2024,61.433
NER,2023,61.183
NER,2022,60.398
NER,2021,59.542
NER,2020,59.89
NER,2019,60.031
NER,2018,59.765
NER,2017,59.524
NER,2016,59.228
NER,2015,58.85
NER,2014,58.693
NER,2013,58.364
NER,2012,57.987
NER,2011,57.6
NER,2010,57.08
NER,2009,56.487
NER,2008,55.852
NER,2007,55.063
NER,2006,54.223
NER,2005,53.32
NER,2004,52.402
NER,2003,51.545
NER,2002,50.645
NER,2001,49.872
NER,2000,49.172
NER,1999,48.48
NER,1998,47.807
NER,1997,47.097
NER,1996,46.313
NER,1995,45.504
NER,1994,44.586
NER,1993,43.838
NER,1992,43.064
NER,1991,42.289
NER,1990,41.732
NER,1989,41.188
NER,1988,40.791
NER,1987,40.468
NER,1986,40.251
NER,1985,40.12
NER,1984,39.989
NER,1983,39.979
NER,1982,39.844
NER,1981,39.637
NER,1980,39.344
NER,1979,38.889
NER,1978,38.267
NER,1977,37.689
NER,1976,37.101
NER,1975,36.568
NER,1974,36.195
NER,1973,35.938
NER,1972,35.813
NER,1971,35.294
NER,1970,35.919
NER,1969,36.003
NER,1968,36.128
NER,1967,36.243
NER,1966,36.331
NER,1965,36.404
NER,1964,36.464
NER,1963,36.437
NER,1962,36.319
NER,1961,36.287
NER,1960,36.193
NGA,2024,54.635
NGA,2023,54.462
NGA,2022,54.079
NGA,2021,53.455
NGA,2020,53.072
NGA,2019,53.009
NGA,2018,52.669
NGA,2017,52.397
NGA,2016,52.189
NGA,2015,51.939
NGA,2014,51.94
NGA,2013,51.827
NGA,2012,51.688
NGA,2011,51.49
NGA,2010,51.315
NGA,2009,51.08
NGA,2008,50.748
NGA,2007,50.381
NGA,2006,49.876
NGA,2005,49.538
NGA,2004,49.148
NGA,2003,48.618
NGA,2002,48.02
NGA,2001,47.549
NGA,2000,47.143
NGA,1999,46.609
NGA,1998,46.148
NGA,1997,45.96
NGA,1996,45.833
NGA,1995,45.87
NGA,1994,45.748
NGA,1993,45.783
NGA,1992,45.587
NGA,1991,45.483
NGA,1990,45.733
NGA,1989,45.83
NGA,1988,45.834
NGA,1987,45.89
NGA,1986,45.953
NGA,1985,46.193
NGA,1984,46.339
NGA,1983,46.442
NGA,1982,46.437
NGA,1981,46.309
NGA,1980,45.959
NGA,1979,45.738
NGA,1978,45.348
NGA,1977,44.847
NGA,1976,44.186
NGA,1975,43.054
NGA,1974,42.489
NGA,1973,41.831
NGA,1972,41.273
NGA,1971,40.606
NGA,1970,40.008
NGA,1969,38.946
NGA,1968,38.642
NGA,1967,37.497
NGA,1966,38.355
NGA,1965,38.221
NGA,1964,37.98
NGA,1963,37.806
NGA,1962,37.606
NGA,1961,37.427
NGA,1960,37.207
MKD,2024,76.6165853658537
MKD,2023,75.3160975609756
MKD,2022,74.4248780487805
MKD,2021,73.2463414634146
MKD,2020,74.3951219512195
MKD,2019,76.6024390243903
MKD,2018,76.6487804878049
MKD,2017,75.9536585365854
MKD,2016,75.4
MKD,2015,75.4024390243902
MKD,2014,75.4512195121951
MKD,2013,75.4
MKD,2012,74.9024390243903
MKD,2011,75.1
MKD,2010,74.9975609756098
MKD,2009,74.4463414634146
MKD,2008,74.4
MKD,2007,73.8
MKD,2006,73.8951219512195
MKD,2005,73.6975609756098
MKD,2004,73.5975609756098
MKD,2003,73.2414634146342
MKD,2002,73.0390243902439
MKD,2001,73.4365853658537
MKD,2000,72.9463414634147
MKD,1999,72.790243902439
MKD,1998,72.2975609756098
MKD,1997,72.4463414634146
MKD,1996,72.4951219512195
MKD,1995,71.8487804878049
MKD,1994,71.6926829268293
MKD,1993,71.5965609756098
MKD,1992,71.1484634146342
MKD,1991,71.5829024390244
MKD,1990,71.1720975609756
MKD,1989,70.9574634146342
MKD,1988,70.3136097560976
MKD,1987,70.2638048780488
MKD,1986,70.1540975609756
MKD,1985,70.0877804878049
MKD,1984,70.0617804878049
MKD,1983,69.6072926829268
MKD,1982,69.7328536585366
MKD,1981,69.3280975609756
MKD,1980,68.9679756097561
MKD,1979,69.0623658536585
MKD,1978,68.9548780487805
MKD,1977,68.1356585365854
MKD,1976,67.7716829268293
MKD,1975,67.1628780487805
MKD,1974,67.0261951219512
MKD,1973,66.9862682926829
MKD,1972,65.5685853658537
MKD,1971,65.1379268292683
MKD,1970,64.9018292682927
MKD,1969,63.9315365853659
MKD,1968,64.5210975609756
MKD,1967,63.7112926829268
MKD,1966,63.4809024390244
MKD,1965,62.5633658536586
MKD,1964,61.5034146341463
MKD,1963,61.3576097560976
MKD,1962,59.2847317073171
MKD,1961,61.7780975609756
MKD,1960,60.5017317073171
MNP,2024,78.947
MNP,2023,78.808
MNP,2022,78.531
MNP,2021,78.16
MNP,2020,78.03
MNP,2019,77.844
MNP,2018,77.51
MNP,2017,77.47
MNP,2016,77.392
MNP,2015,77.36
MNP,2014,77.377
MNP,2013,77.452
MNP,2012,77.566
MNP,2011,77.688
MNP,2010,77.8
MNP,2009,77.903
MNP,2008,77.938
MNP,2007,77.863
MNP,2006,77.688
MNP,2005,77.307
MNP,2004,76.789
MNP,2003,76.505
MNP,2002,75.934
MNP,2001,75.419
MNP,2000,74.9
MNP,1999,74.262
MNP,1998,73.573
MNP,1997,72.947
MNP,1996,72.442
MNP,1995,71.938
MNP,1994,71.533
MNP,1993,71.156
MNP,1992,70.762
MNP,1991,70.362
MNP,1990,70.038
MNP,1989,69.784
MNP,1988,69.614
MNP,1987,69.48
MNP,1986,69.357
MNP,1985,69.231
MNP,1984,69.062
MNP,1983,68.858
MNP,1982,68.692
MNP,1981,68.479
MNP,1980,68.302
MNP,1979,68.123
MNP,1978,67.903
MNP,1977,67.653
MNP,1976,67.278
MNP,1975,66.85
MNP,1974,66.434
MNP,1973,65.988
MNP,1972,65.557
MNP,1971,65.196
MNP,1970,64.831
MNP,1969,64.475
MNP,1968,64.076
MNP,1967,63.711
MNP,1966,63.331
MNP,1965,62.958
MNP,1964,62.592
MNP,1963,62.308
MNP,1962,61.972
MNP,1961,61.671
MNP,1960,61.39
NOR,2024,83.1609756097561
NOR,2023,83.0121951219512
NOR,2022,82.509756097561
NOR,2021,83.1634146341463
NOR,2020,83.209756097561
NOR,2019,82.9585365853659
NOR,2018,82.7585365853659
NOR,2017,82.609756097561
NOR,2016,82.4073170731707
NOR,2015,82.3048780487805
NOR,2014,82.1
NOR,2013,81.7512195121951
NOR,2012,81.4512195121951
NOR,2011,81.2951219512195
NOR,2010,80.9975609756098
NOR,2009,80.7951219512195
NOR,2008,80.5926829268293
NOR,2007,80.3951219512195
NOR,2006,80.3439024390244
NOR,2005,80.0414634146342
NOR,2004,79.8414634146342
NOR,2003,79.390243902439
NOR,2002,78.9878048780488
NOR,2001,78.7853658536585
NOR,2000,78.6341463414634
NOR,1999,78.2829268292683
NOR,1998,78.3292682926829
NOR,1997,78.1426829268293
NOR,1996,78.1504878048781
NOR,1995,77.7365853658537
NOR,1994,77.689756097561
NOR,1993,77.1517073170732
NOR,1992,77.1843902439025
NOR,1991,76.9807317073171
NOR,1990,76.5373170731707
NOR,1989,76.500487804878
NOR,1988,76.2204878048781
NOR,1987,76.0817073170732
NOR,1986,76.2412195121951
NOR,1985,75.9168292682927
NOR,1984,76.2243902439024
NOR,1983,76.0668292682927
NOR,1982,76.0109756097561
NOR,1981,75.8690243902439
NOR,1980,75.6717073170732
NOR,1979,75.4139024390244
NOR,1978,75.4185365853659
NOR,1977,75.3868292682927
NOR,1976,75.039512195122
NOR,1975,74.8175609756098
NOR,1974,74.7536585365854
NOR,1973,74.4421951219512
NOR,1972,74.3446341463415
NOR,1971,74.1792682926829
NOR,1970,74.0880487804878
NOR,1969,73.6634146341463
NOR,1968,73.9419512195122
NOR,1967,74.0665853658537
NOR,1966,73.9953658536585
NOR,1965,73.7231707317073
NOR,1964,73.5958536585366
NOR,1963,73.0775609756098
NOR,1962,73.4480487804878
NOR,1961,73.5504878048781
NOR,1960,73.549756097561
OMN,2024,80.246
OMN,2023,80.031
OMN,2022,77.911
OMN,2021,75.969
OMN,2020,77.763
OMN,2019,79.946
OMN,2018,79.864
OMN,2017,79.748
OMN,2016,79.581
OMN,2015,79.346
OMN,2014,79.03
OMN,2013,78.633
OMN,2012,78.187
OMN,2011,77.74
OMN,2010,77.184
OMN,2009,76.631
OMN,2008,76.124
OMN,2007,75.596
OMN,2006,75.354
OMN,2005,75.07
OMN,2004,74.82
OMN,2003,74.521
OMN,2002,74.276
OMN,2001,73.979
OMN,2000,73.643
OMN,1999,73.276
OMN,1998,72.882
OMN,1997,72.463
OMN,1996,72.023
OMN,1995,71.56
OMN,1994,71.072
OMN,1993,70.608
OMN,1992,70.114
OMN,1991,69.584
OMN,1990,69.012
OMN,1989,68.393
OMN,1988,67.718
OMN,1987,66.979
OMN,1986,66.168
OMN,1985,65.281
OMN,1984,64.272
OMN,1983,63.192
OMN,1982,62.049
OMN,1981,60.802
OMN,1980,59.601
OMN,1979,58.328
OMN,1978,57.037
OMN,1977,55.524
OMN,1976,54.448
OMN,1975,52.511
OMN,1974,51.228
OMN,1973,49.964
OMN,1972,48.717
OMN,1971,47.868
OMN,1970,46.64
OMN,1969,45.624
OMN,1968,44.395
OMN,1967,43.177
OMN,1966,41.975
OMN,1965,40.791
OMN,1964,39.628
OMN,1963,38.498
OMN,1962,37.413
OMN,1961,36.386
OMN,1960,35.429
PAK,2024,67.799
PAK,2023,67.649
PAK,2022,67.417
PAK,2021,65.773
PAK,2020,65.701
PAK,2019,66.729
PAK,2018,66.481
PAK,2017,66.223
PAK,2016,65.943
PAK,2015,65.641
PAK,2014,65.374
PAK,2013,65.129
PAK,2012,64.883
PAK,2011,64.659
PAK,2010,64.378
PAK,2009,64.206
PAK,2008,64.002
PAK,2007,63.807
PAK,2006,63.624
PAK,2005,62.416
PAK,2004,63.097
PAK,2003,62.834
PAK,2002,62.556
PAK,2001,62.241
PAK,2000,61.903
PAK,1999,61.54
PAK,1998,61.134
PAK,1997,60.623
PAK,1996,60.466
PAK,1995,60.273
PAK,1994,60.197
PAK,1993,60.083
PAK,1992,59.983
PAK,1991,59.864
PAK,1990,59.728
PAK,1989,59.528
PAK,1988,59.36
PAK,1987,59.222
PAK,1986,59.167
PAK,1985,59.075
PAK,1984,58.921
PAK,1983,58.663
PAK,1982,58.291
PAK,1981,57.764
PAK,1980,57.199
PAK,1979,56.614
PAK,1978,56.072
PAK,1977,55.482
PAK,1976,55.069
PAK,1975,54.722
PAK,1974,54.266
PAK,1973,54.09
PAK,1972,53.824
PAK,1971,49.002
PAK,1970,52.943
PAK,1969,52.316
PAK,1968,51.624
PAK,1967,50.763
PAK,1966,49.797
PAK,1965,48.495
PAK,1964,47.831
PAK,1963,46.761
PAK,1962,45.85
PAK,1961,44.956
PAK,1960,44.101
PLW,2024,69.383
PLW,2023,69.269
PLW,2022,68.922
PLW,2021,68.563
PLW,2020,68.689
PLW,2019,68.982
PLW,2018,68.989
PLW,2017,69.019
PLW,2016,69.046
PLW,2015,69.07
PLW,2014,69.062
PLW,2013,68.981
PLW,2012,68.863
PLW,2011,68.638
PLW,2010,68.347
PLW,2009,67.99
PLW,2008,67.562
PLW,2007,67.113
PLW,2006,66.633
PLW,2005,66.219
PLW,2004,65.816
PLW,2003,65.446
PLW,2002,65.076
PLW,2001,64.8
PLW,2000,64.499
PLW,1999,64.23
PLW,1998,63.951
PLW,1997,63.707
PLW,1996,63.455
PLW,1995,63.255
PLW,1994,63.104
PLW,1993,62.98
PLW,1992,62.926
PLW,1991,62.849
PLW,1990,62.79
PLW,1989,62.777
PLW,1988,62.779
PLW,1987,62.771
PLW,1986,62.752
PLW,1985,62.72
PLW,1984,62.638
PLW,1983,62.477
PLW,1982,62.333
PLW,1981,62.142
PLW,1980,61.909
PLW,1979,61.616
PLW,1978,61.294
PLW,1977,60.899
PLW,1976,60.469
PLW,1975,59.998
PLW,1974,59.492
PLW,1973,59.024
PLW,1972,58.557
PLW,1971,58.108
PLW,1970,57.674
PLW,1969,57.253
PLW,1968,56.886
PLW,1967,56.54
PLW,1966,56.212
PLW,1965,55.938
PLW,1964,55.795
PLW,1963,55.567
PLW,1962,55.378
PLW,1961,55.092
PLW,1960,54.853
PAN,2024,79.775
PAN,2023,79.594
PAN,2022,79.324
PAN,2021,77.004
PAN,2020,76.33
PAN,2019,78.514
PAN,2018,78.266
PAN,2017,77.901
PAN,2016,77.772
PAN,2015,77.583
PAN,2014,77.365
PAN,2013,77.129
PAN,2012,76.877
PAN,2011,76.659
PAN,2010,76.417
PAN,2009,76.228
PAN,2008,75.937
PAN,2007,75.675
PAN,2006,75.429
PAN,2005,75.16
PAN,2004,74.845
PAN,2003,74.567
PAN,2002,74.195
PAN,2001,73.82
PAN,2000,73.443
PAN,1999,73.124
PAN,1998,72.785
PAN,1997,72.541
PAN,1996,72.199
PAN,1995,71.994
PAN,1994,71.943
PAN,1993,71.805
PAN,1992,71.461
PAN,1991,71.331
PAN,1990,71.266
PAN,1989,70.137
PAN,1988,70.945
PAN,1987,70.811
PAN,1986,70.669
PAN,1985,70.544
PAN,1984,70.403
PAN,1983,70.133
PAN,1982,69.9
PAN,1981,69.79
PAN,1980,69.451
PAN,1979,69.09
PAN,1978,68.687
PAN,1977,68.252
PAN,1976,67.794
PAN,1975,67.243
PAN,1974,66.552
PAN,1973,65.783
PAN,1972,65.183
PAN,1971,64.666
PAN,1970,64.068
PAN,1969,63.66
PAN,1968,63.242
PAN,1967,62.887
PAN,1966,62.629
PAN,1965,62.337
PAN,1964,62.101
PAN,1963,61.814
PAN,1962,61.428
PAN,1961,60.914
PAN,1960,60.278
PNG,2024,66.256
PNG,2023,66.134
PNG,2022,65.274
PNG,2021,64.358
PNG,2020,65.075
PNG,2019,65.331
PNG,2018,65.114
PNG,2017,64.923
PNG,2016,64.7
PNG,2015,64.473
PNG,2014,64.198
PNG,2013,63.927
PNG,2012,63.639
PNG,2011,63.382
PNG,2010,63.056
PNG,2009,62.772
PNG,2008,62.511
PNG,2007,62.211
PNG,2006,62.018
PNG,2005,61.868
PNG,2004,61.795
PNG,2003,61.741
PNG,2002,61.643
PNG,2001,61.647
PNG,2000,61.609
PNG,1999,61.505
PNG,1998,60.435
PNG,1997,61.27
PNG,1996,61.071
PNG,1995,60.929
PNG,1994,60.726
PNG,1993,60.466
PNG,1992,60.26
PNG,1991,59.94
PNG,1990,59.778
PNG,1989,59.598
PNG,1988,59.381
PNG,1987,59.232
PNG,1986,59.017
PNG,1985,58.804
PNG,1984,58.583
PNG,1983,58.294
PNG,1982,58.075
PNG,1981,57.76
PNG,1980,57.391
PNG,1979,56.967
PNG,1978,56.523
PNG,1977,56.05
PNG,1976,55.53
PNG,1975,54.984
PNG,1974,54.441
PNG,1973,53.853
PNG,1972,53.25
PNG,1971,52.593
PNG,1970,52.144
PNG,1969,51.523
PNG,1968,50.884
PNG,1967,50.247
PNG,1966,49.566
PNG,1965,48.927
PNG,1964,48.295
PNG,1963,47.674
PNG,1962,46.706
PNG,1961,46.425
PNG,1960,45.805
PRY,2024,73.982
PRY,2023,73.844
PRY,2022,72.319
PRY,2021,68.108
PRY,2020,72.72
PRY,2019,73.668
PRY,2018,73.627
PRY,2017,73.45
PRY,2016,73.487
PRY,2015,73.454
PRY,2014,73.415
PRY,2013,73.292
PRY,2012,73.105
PRY,2011,72.787
PRY,2010,72.551
PRY,2009,72.282
PRY,2008,72.047
PRY,2007,71.817
PRY,2006,71.584
PRY,2005,71.317
PRY,2004,71.054
PRY,2003,70.795
PRY,2002,70.539
PRY,2001,70.281
PRY,2000,70.026
PRY,1999,69.774
PRY,1998,69.507
PRY,1997,69.284
PRY,1996,69.05
PRY,1995,68.778
PRY,1994,68.504
PRY,1993,68.234
PRY,1992,67.961
PRY,1991,67.676
PRY,1990,67.341
PRY,1989,66.922
PRY,1988,66.71
PRY,1987,66.454
PRY,1986,66.172
PRY,1985,65.893
PRY,1984,65.609
PRY,1983,65.293
PRY,1982,65.076
PRY,1981,64.811
PRY,1980,64.553
PRY,1979,64.298
PRY,1978,64.078
PRY,1977,63.86
PRY,1976,63.654
PRY,1975,63.435
PRY,1974,63.231
PRY,1973,63.059
PRY,1972,62.89
PRY,1971,62.726
PRY,1970,62.554
PRY,1969,62.385
PRY,1968,62.208
PRY,1967,62.025
PRY,1966,61.832
PRY,1965,61.606
PRY,1964,61.368
PRY,1963,61.101
PRY,1962,60.816
PRY,1961,60.517
PRY,1960,60.197
PER,2024,77.941
PER,2023,77.74
PER,2022,76.834
PER,2021,71.596
PER,2020,73.832
PER,2019,76.275
PER,2018,76.018
PER,2017,75.958
PER,2016,75.951
PER,2015,75.732
PER,2014,75.26
PER,2013,74.591
PER,2012,73.979
PER,2011,73.327
PER,2010,72.886
PER,2009,72.631
PER,2008,72.743
PER,2007,72.746
PER,2006,72.337
PER,2005,71.988
PER,2004,71.447
PER,2003,71.278
PER,2002,70.815
PER,2001,70.315
PER,2000,69.821
PER,1999,69.302
PER,1998,68.724
PER,1997,68.324
PER,1996,67.85
PER,1995,67.22
PER,1994,66.544
PER,1993,65.732
PER,1992,65.031
PER,1991,64.248
PER,1990,63.979
PER,1989,63.405
PER,1988,62.995
PER,1987,62.544
PER,1986,62.154
PER,1985,61.71
PER,1984,61.066
PER,1983,60.764
PER,1982,60.559
PER,1981,60.325
PER,1980,59.982
PER,1979,59.624
PER,1978,59.261
PER,1977,58.895
PER,1976,58.57
PER,1975,58.205
PER,1974,57.769
PER,1973,57.333
PER,1972,56.989
PER,1971,56.493
PER,1970,47.728
PER,1969,55.816
PER,1968,55.384
PER,1967,54.893
PER,1966,54.4
PER,1965,53.871
PER,1964,53.302
PER,1963,52.597
PER,1962,51.532
PER,1961,51.192
PER,1960,50.597
PHL,2024,69.946
PHL,2023,69.833
PHL,2022,69.472
PHL,2021,66.675
PHL,2020,70.097
PHL,2019,69.68
PHL,2018,69.761
PHL,2017,69.966
PHL,2016,69.49
PHL,2015,69.45
PHL,2014,69.311
PHL,2013,69.283
PHL,2012,69.237
PHL,2011,69.096
PHL,2010,68.883
PHL,2009,68.631
PHL,2008,68.643
PHL,2007,68.549
PHL,2006,68.172
PHL,2005,68.423
PHL,2004,68.301
PHL,2003,68.049
PHL,2002,67.886
PHL,2001,67.829
PHL,2000,67.789
PHL,1999,67.503
PHL,1998,67.212
PHL,1997,66.994
PHL,1996,66.691
PHL,1995,66.311
PHL,1994,66.0
PHL,1993,65.661
PHL,1992,65.353
PHL,1991,64.622
PHL,1990,64.382
PHL,1989,64.105
PHL,1988,63.711
PHL,1987,63.299
PHL,1986,62.875
PHL,1985,62.735
PHL,1984,62.426
PHL,1983,62.349
PHL,1982,62.175
PHL,1981,61.942
PHL,1980,61.884
PHL,1979,61.727
PHL,1978,61.531
PHL,1977,61.431
PHL,1976,60.869
PHL,1975,60.904
PHL,1974,60.816
PHL,1973,60.741
PHL,1972,60.911
PHL,1971,61.065
PHL,1970,60.827
PHL,1969,60.981
PHL,1968,60.917
PHL,1967,60.804
PHL,1966,60.623
PHL,1965,60.41
PHL,1964,60.13
PHL,1963,60.018
PHL,1962,59.755
PHL,1961,59.469
PHL,1960,59.175
POL,2024,78.409756097561
POL,2023,78.2585365853659
POL,2022,77.1560975609756
POL,2021,75.3512195121951
POL,2020,76.4
POL,2019,77.9048780487805
POL,2018,77.6024390243903
POL,2017,77.7536585365854
POL,2016,77.8512195121951
POL,2015,77.4512195121951
POL,2014,77.6024390243903
POL,2013,77.0
POL,2012,76.7463414634146
POL,2011,76.6951219512195
POL,2010,76.2463414634146
POL,2009,75.6951219512195
POL,2008,75.5439024390244
POL,2007,75.2439024390244
POL,2006,75.1439024390244
POL,2005,74.9951219512195
POL,2004,74.8463414634146
POL,2003,74.5975609756098
POL,2002,74.4975609756098
POL,2001,74.2
POL,2000,73.7487804878049
POL,1999,73.0439024390244
POL,1998,72.9975609756098
POL,1997,72.6463414634146
POL,1996,72.2463414634146
POL,1995,71.8926829268293
POL,1994,71.6951219512195
POL,1993,71.5951219512195
POL,1992,71.090243902439
POL,1991,70.5878048780488
POL,1990,70.890243902439
POL,1989,71.0439024390244
POL,1988,71.3317073170732
POL,1987,70.8975609756098
POL,1986,70.8487804878049
POL,1985,70.5487804878049
POL,1984,70.8
POL,1983,71.0
POL,1982,71.1024390243903
POL,1981,71.0512195121951
POL,1980,70.0975609756098
POL,1979,70.7512195121951
POL,1978,70.3512195121951
POL,1977,70.4024390243902
POL,1976,70.6560975609756
POL,1975,70.5609756097561
POL,1974,71.1170731707317
POL,1973,70.6634146341463
POL,1972,70.6658536585366
POL,1971,69.6121951219512
POL,1970,69.8682926829268
POL,1969,69.719512195122
POL,1968,70.219512195122
POL,1967,69.4243902439024
POL,1966,69.8268292682927
POL,1965,69.4292682926829
POL,1964,68.6292682926829
POL,1963,68.3756097560976
POL,1962,67.4268292682927
POL,1961,67.7780487804878
POL,1960,67.6804878048781
PRT,2024,82.3829268292683
PRT,2023,82.3292682926829
PRT,2022,81.6317073170732
PRT,2021,81.3780487804878
PRT,2020,81.3292682926829
PRT,2019,81.6756097560976
PRT,2018,81.3243902439024
PRT,2017,81.4243902439025
PRT,2016,81.1243902439025
PRT,2015,81.1243902439025
PRT,2014,81.1219512195122
PRT,2013,80.7219512195122
PRT,2012,80.3731707317073
PRT,2011,80.4707317073171
PRT,2010,79.0268292682927
PRT,2009,78.7268292682927
PRT,2008,78.5243902439025
PRT,2007,78.3219512195122
PRT,2006,78.419512195122
PRT,2005,78.0707317073171
PRT,2004,77.6707317073171
PRT,2003,77.219512195122
PRT,2002,77.0658536585366
PRT,2001,76.8146341463415
PRT,2000,76.3146341463415
PRT,1999,75.9634146341463
PRT,1998,75.7121951219512
PRT,1997,75.4121951219512
PRT,1996,75.2609756097561
PRT,1995,75.3121951219512
PRT,1994,74.9146341463415
PRT,1993,74.5121951219512
PRT,1992,74.3121951219512
PRT,1991,74.0146341463415
PRT,1990,73.9658536585366
PRT,1989,74.2658536585366
PRT,1988,73.7146341463415
PRT,1987,73.6658536585366
PRT,1986,73.2658536585366
PRT,1985,72.8146341463415
PRT,1984,72.5146341463415
PRT,1983,72.2658536585366
PRT,1982,72.4146341463415
PRT,1981,71.6146341463415
PRT,1980,71.2146341463415
PRT,1979,71.1682926829268
PRT,1978,70.3170731707317
PRT,1977,70.0121951219512
PRT,1976,68.8609756097561
PRT,1975,68.309756097561
PRT,1974,68.019512195122
PRT,1973,67.5243902439024
PRT,1972,68.3243902439024
PRT,1971,66.7707317073171
PRT,1970,67.0731707317073
PRT,1969,66.2781707317073
PRT,1968,66.6781951219512
PRT,1967,66.3340731707317
PRT,1966,65.4876585365854
PRT,1965,65.9604634146341
PRT,1964,64.9833902439024
PRT,1963,64.7883902439024
PRT,1962,64.1810243902439
PRT,1961,62.666512195122
PRT,1960,64.0074634146342
PRI,2024,81.902
PRI,2023,81.69
PRI,2022,79.427
PRI,2021,79.77
PRI,2020,80.009
PRI,2019,81.438
PRI,2018,81.086
PRI,2017,79.07
PRI,2016,80.355
PRI,2015,80.677
PRI,2014,80.039
PRI,2013,80.318
PRI,2012,79.258
PRI,2011,78.766
PRI,2010,78.717
PRI,2009,78.377
PRI,2008,78.111
PRI,2007,77.659
PRI,2006,77.561
PRI,2005,76.703
PRI,2004,76.913
PRI,2003,76.941
PRI,2002,76.819
PRI,2001,75.972
PRI,2000,75.514
PRI,1999,75.278
PRI,1998,74.556
PRI,1997,74.674
PRI,1996,73.995
PRI,1995,73.571
PRI,1994,73.622
PRI,1993,73.309
PRI,1992,73.387
PRI,1991,73.877
PRI,1990,72.827
PRI,1989,72.479
PRI,1988,73.153
PRI,1987,73.402
PRI,1986,73.272
PRI,1985,72.633
PRI,1984,73.427
PRI,1983,73.375
PRI,1982,72.949
PRI,1981,72.981
PRI,1980,73.101
PRI,1979,72.718
PRI,1978,72.528
PRI,1977,72.401
PRI,1976,72.08
PRI,1975,71.963
PRI,1974,71.324
PRI,1973,70.949
PRI,1972,70.813
PRI,1971,71.084
PRI,1970,70.352
PRI,1969,70.511
PRI,1968,70.566
PRI,1967,70.699
PRI,1966,70.223
PRI,1965,69.289
PRI,1964,68.242
PRI,1963,68.727
PRI,1962,68.863
PRI,1961,68.528
PRI,1960,68.627
QAT,2024,82.522
QAT,2023,82.368
QAT,2022,81.857
QAT,2021,81.083
QAT,2020,80.409
QAT,2019,82.945
QAT,2018,82.714
QAT,2017,82.458
QAT,2016,82.147
QAT,2015,81.785
QAT,2014,81.395
QAT,2013,80.974
QAT,2012,80.499
QAT,2011,79.994
QAT,2010,79.444
QAT,2009,78.837
QAT,2008,78.262
QAT,2007,77.741
QAT,2006,77.323
QAT,2005,76.909
QAT,2004,76.484
QAT,2003,76.097
QAT,2002,75.766
QAT,2001,75.486
QAT,2000,75.25
QAT,1999,75.048
QAT,1998,74.872
QAT,1997,74.713
QAT,1996,74.558
QAT,1995,74.404
QAT,1994,74.245
QAT,1993,74.071
QAT,1992,73.876
QAT,1991,73.654
QAT,1990,73.405
QAT,1989,73.131
QAT,1988,72.836
QAT,1987,72.52
QAT,1986,72.184
QAT,1985,71.831
QAT,1984,71.465
QAT,1983,71.089
QAT,1982,70.704
QAT,1981,70.313
QAT,1980,69.915
QAT,1979,69.507
QAT,1978,69.083
QAT,1977,68.639
QAT,1976,68.172
QAT,1975,67.679
QAT,1974,67.165
QAT,1973,66.629
QAT,1972,66.07
QAT,1971,65.49
QAT,1970,64.889
QAT,1969,64.246
QAT,1968,63.577
QAT,1967,62.884
QAT,1966,62.171
QAT,1965,61.441
QAT,1964,60.7
QAT,1963,59.96
QAT,1962,59.226
QAT,1961,58.502
QAT,1960,57.773
ROU,2024,76.4585365853659
ROU,2023,76.4048780487805
ROU,2022,75.1536585365854
ROU,2021,72.809756097561
ROU,2020,74.2536585365854
ROU,2019,75.6073170731707
ROU,2018,75.3585365853659
ROU,2017,75.209756097561
ROU,2016,75.209756097561
ROU,2015,74.9121951219512
ROU,2014,74.909756097561
ROU,2013,75.0634146341463
ROU,2012,74.4121951219512
ROU,2011,74.409756097561
ROU,2010,73.4585365853659
ROU,2009,73.309756097561
ROU,2008,72.5658536585366
ROU,2007,72.5658536585366
ROU,2006,72.1634146341463
ROU,2005,71.9121951219512
ROU,2004,71.5609756097561
ROU,2003,71.309756097561
ROU,2002,71.009756097561
ROU,2001,71.1609756097561
ROU,2000,71.1634146341463
ROU,1999,70.5121951219512
ROU,1998,69.8073170731708
ROU,1997,69.0048780487805
ROU,1996,69.1048780487805
ROU,1995,69.4560975609756
ROU,1994,69.509756097561
ROU,1993,69.5634146341464
ROU,1992,69.7843902439024
ROU,1991,69.7843902439024
ROU,1990,69.7412195121951
ROU,1989,69.5307317073171
ROU,1988,69.3880487804878
ROU,1987,69.2268292682927
ROU,1986,69.4963414634146
ROU,1985,69.7068292682927
ROU,1984,69.6587804878049
ROU,1983,69.7263414634147
ROU,1982,69.5317073170732
ROU,1981,69.3682926829268
ROU,1980,69.0909756097561
ROU,1979,69.1531707317073
ROU,1978,69.4804878048781
ROU,1977,69.7419512195122
ROU,1976,69.6987804878049
ROU,1975,69.6139024390244
ROU,1974,69.499756097561
ROU,1973,69.0056097560976
ROU,1972,68.470243902439
ROU,1971,68.5041463414634
ROU,1970,67.4824146341464
ROU,1969,66.6920731707317
ROU,1968,67.5603658536585
ROU,1967,67.5159512195122
ROU,1966,68.8976585365854
ROU,1965,67.7072682926829
ROU,1964,67.8451219512195
ROU,1963,67.0717073170732
ROU,1962,65.2556585365854
ROU,1961,65.8771463414634
ROU,1960,65.8605365853659
RUS,2024,73.4404878048781
RUS,2023,73.2546341463415
RUS,2022,72.5456097560976
RUS,2021,69.900243902439
RUS,2020,71.3387804878049
RUS,2019,73.0839024390244
RUS,2018,72.6621951219512
RUS,2017,72.4514634146342
RUS,2016,71.6512195121951
RUS,2015,71.1834146341463
RUS,2014,70.7436585365854
RUS,2013,70.5787804878049
RUS,2012,70.0721951219512
RUS,2011,69.6839024390244
RUS,2010,68.8412195121951
RUS,2009,68.6846341463415
RUS,2008,67.9492682926829
RUS,2007,67.5868292682927
RUS,2006,66.7275609756098
RUS,2005,65.529756097561
RUS,2004,65.4709756097561
RUS,2003,65.0275609756098
RUS,2002,65.1287804878049
RUS,2001,65.3834146341463
RUS,2000,65.4836585365854
RUS,1999,65.9821951219512
RUS,1998,67.029756097561
RUS,1997,66.6987804878049
RUS,1996,65.8541463414634
RUS,1995,64.6907317073171
RUS,1994,64.4670731707317
RUS,1993,64.9358536585366
RUS,1992,66.8731707317073
RUS,1991,68.4743902439024
RUS,1990,68.8860975609756
RUS,1989,69.1717073170732
RUS,1988,69.4643902439024
RUS,1987,69.44
RUS,1986,69.389756097561
RUS,1985,67.8568292682927
RUS,1984,67.2026829268293
RUS,1983,67.6526829268293
RUS,1982,67.8060975609756
RUS,1981,67.2639024390244
RUS,1980,67.0339024390244
RUS,1979,67.1143902439024
RUS,1978,67.3909756097561
RUS,1977,67.3763414634146
RUS,1976,67.4875609756098
RUS,1975,67.7239024390244
RUS,1974,68.320243902439
RUS,1973,68.2946341463415
RUS,1972,68.3085365853659
RUS,1971,68.3765853658537
RUS,1970,68.1336585365854
RUS,1969,67.9122682926829
RUS,1968,68.3152926829268
RUS,1967,68.4269024390244
RUS,1966,68.5857073170732
RUS,1965,68.5063902439025
RUS,1964,68.7147317073171
RUS,1963,68.2745853658537
RUS,1962,67.6988536585366
RUS,1961,67.7827317073171
RUS,1960,67.5261219512195
RWA,2024,68.017
RWA,2023,67.785
RWA,2022,67.528
RWA,2021,66.85
RWA,2020,66.953
RWA,2019,66.691
RWA,2018,66.354
RWA,2017,66.14
RWA,2016,65.733
RWA,2015,65.419
RWA,2014,65.088
RWA,2013,64.651
RWA,2012,64.189
RWA,2011,63.476
RWA,2010,62.804
RWA,2009,61.813
RWA,2008,60.641
RWA,2007,59.504
RWA,2006,58.342
RWA,2005,56.968
RWA,2004,55.52
RWA,2003,53.529
RWA,2002,51.262
RWA,2001,49.49
RWA,2000,47.798
RWA,1999,45.749
RWA,1998,43.099
RWA,1997,41.978
RWA,1996,42.486
RWA,1995,41.518
RWA,1994,12.158
RWA,1993,42.937
RWA,1992,44.397
RWA,1991,46.243
RWA,1990,47.763
RWA,1989,49.485
RWA,1988,50.914
RWA,1987,51.465
RWA,1986,51.706
RWA,1985,51.704
RWA,1984,51.445
RWA,1983,50.944
RWA,1982,50.188
RWA,1981,49.216
RWA,1980,48.122
RWA,1979,47.087
RWA,1978,46.165
RWA,1977,45.579
RWA,1976,45.312
RWA,1975,45.324
RWA,1974,45.566
RWA,1973,45.944
RWA,1972,46.343
RWA,1971,46.755
RWA,1970,47.116
RWA,1969,47.437
RWA,1968,47.731
RWA,1967,47.987
RWA,1966,48.084
RWA,1965,48.203
RWA,1964,48.131
RWA,1963,43.998
RWA,1962,47.802
RWA,1961,47.458
RWA,1960,47.022
WSM,2024,71.826
WSM,2023,71.698
WSM,2022,71.55
WSM,2021,71.096
WSM,2020,70.727
WSM,2019,70.269
WSM,2018,71.052
WSM,2017,70.991
WSM,2016,71.003
WSM,2015,71.06
WSM,2014,71.142
WSM,2013,71.229
WSM,2012,71.159
WSM,2011,71.393
WSM,2010,71.451
WSM,2009,69.486
WSM,2008,71.531
WSM,2007,71.605
WSM,2006,71.62
WSM,2005,71.487
WSM,2004,71.508
WSM,2003,71.441
WSM,2002,71.233
WSM,2001,71.028
WSM,2000,70.791
WSM,1999,70.555
WSM,1998,70.308
WSM,1997,70.045
WSM,1996,69.767
WSM,1995,69.469
WSM,1994,69.162
WSM,1993,68.818
WSM,1992,68.532
WSM,1991,68.039
WSM,1990,67.808
WSM,1989,67.607
WSM,1988,67.328
WSM,1987,67.047
WSM,1986,66.819
WSM,1985,66.557
WSM,1984,66.284
WSM,1983,65.991
WSM,1982,65.647
WSM,1981,65.296
WSM,1980,64.961
WSM,1979,64.543
WSM,1978,64.132
WSM,1977,63.742
WSM,1976,63.301
WSM,1975,62.839
WSM,1974,62.34
WSM,1973,61.863
WSM,1972,61.36
WSM,1971,60.879
WSM,1970,60.388
WSM,1969,59.881
WSM,1968,59.381
WSM,1967,58.878
WSM,1966,58.225
WSM,1965,57.886
WSM,1964,54.043
WSM,1963,56.861
WSM,1962,56.316
WSM,1961,55.738
WSM,1960,55.153
SMR,2024,85.817
SMR,2023,85.706
SMR,2022,85.708
SMR,2021,83.539
SMR,2020,82.65
SMR,2019,85.257
SMR,2018,85.095
SMR,2017,84.933
SMR,2016,84.775
SMR,2015,84.596
SMR,2014,84.394
SMR,2013,84.175
SMR,2012,83.943
SMR,2011,83.713
SMR,2010,83.464
SMR,2009,83.224
SMR,2008,82.894
SMR,2007,82.605
SMR,2006,82.258
SMR,2005,81.926
SMR,2004,81.592
SMR,2003,81.33
SMR,2002,81.061
SMR,2001,80.803
SMR,2000,80.504
SMR,1999,80.2
SMR,1998,79.918
SMR,1997,79.677
SMR,1996,79.332
SMR,1995,79.031
SMR,1994,78.67
SMR,1993,78.373
SMR,1992,78.133
SMR,1991,77.944
SMR,1990,77.783
SMR,1989,77.647
SMR,1988,77.544
SMR,1987,77.453
SMR,1986,77.377
SMR,1985,77.27
SMR,1984,77.162
SMR,1983,77.011
SMR,1982,76.808
SMR,1981,76.584
SMR,1980,76.371
SMR,1979,76.122
SMR,1978,75.889
SMR,1977,75.643
SMR,1976,75.431
SMR,1975,75.251
SMR,1974,75.052
SMR,1973,74.787
SMR,1972,74.592
SMR,1971,74.404
SMR,1970,74.269
SMR,1969,74.171
SMR,1968,74.062
SMR,1967,73.946
SMR,1966,73.839
SMR,1965,73.723
SMR,1964,73.658
SMR,1963,73.586
SMR,1962,73.531
SMR,1961,73.375
SMR,1960,73.197
STP,2024,69.905
STP,2023,69.718
STP,2022,69.237
STP,2021,68.026
STP,2020,67.979
STP,2019,68.043
STP,2018,67.602
STP,2017,67.074
STP,2016,66.563
STP,2015,66.023
STP,2014,65.478
STP,2013,64.93
STP,2012,64.505
STP,2011,64.122
STP,2010,63.867
STP,2009,63.669
STP,2008,63.448
STP,2007,63.336
STP,2006,63.041
STP,2005,62.434
STP,2004,62.56
STP,2003,62.158
STP,2002,61.826
STP,2001,61.5
STP,2000,61.207
STP,1999,60.976
STP,1998,60.785
STP,1997,60.648
STP,1996,60.576
STP,1995,60.536
STP,1994,60.552
STP,1993,60.618
STP,1992,60.706
STP,1991,60.792
STP,1990,60.707
STP,1989,59.731
STP,1988,60.808
STP,1987,60.663
STP,1986,57.605
STP,1985,60.139
STP,1984,59.893
STP,1983,59.679
STP,1982,59.533
STP,1981,59.432
STP,1980,59.361
STP,1979,59.273
STP,1978,59.141
STP,1977,58.979
STP,1976,58.782
STP,1975,58.561
STP,1974,58.262
STP,1973,57.896
STP,1972,57.448
STP,1971,56.965
STP,1970,56.267
STP,1969,55.4
STP,1968,54.491
STP,1967,53.449
STP,1966,52.309
STP,1965,51.072
STP,1964,49.739
STP,1963,48.4
STP,1962,46.843
STP,1961,45.193
STP,1960,43.564
SAU,2024,78.982
SAU,2023,78.732
SAU,2022,77.31
SAU,2021,77.089
SAU,2020,77.596
SAU,2019,78.313
SAU,2018,78.75
SAU,2017,78.721
SAU,2016,78.354
SAU,2015,77.776
SAU,2014,77.116
SAU,2013,76.517
SAU,2012,76.09
SAU,2011,75.808
SAU,2010,75.616
SAU,2009,75.447
SAU,2008,75.301
SAU,2007,75.066
SAU,2006,74.762
SAU,2005,74.4
SAU,2004,74.027
SAU,2003,73.657
SAU,2002,73.296
SAU,2001,72.951
SAU,2000,72.607
SAU,1999,72.29
SAU,1998,71.957
SAU,1997,71.624
SAU,1996,71.288
SAU,1995,70.944
SAU,1994,70.587
SAU,1993,70.208
SAU,1992,69.799
SAU,1991,69.341
SAU,1990,68.874
SAU,1989,68.359
SAU,1988,67.814
SAU,1987,67.242
SAU,1986,66.648
SAU,1985,66.027
SAU,1984,65.391
SAU,1983,64.719
SAU,1982,64.008
SAU,1981,63.252
SAU,1980,62.444
SAU,1979,61.518
SAU,1978,60.685
SAU,1977,59.749
SAU,1976,58.782
SAU,1975,57.78
SAU,1974,56.785
SAU,1973,55.765
SAU,1972,54.742
SAU,1971,53.727
SAU,1970,52.729
SAU,1969,51.773
SAU,1968,50.857
SAU,1967,49.994
SAU,1966,49.187
SAU,1965,48.436
SAU,1964,47.732
SAU,1963,47.086
SAU,1962,46.469
SAU,1961,45.88
SAU,1960,45.31
SEN,2024,68.924
SEN,2023,68.683
SEN,2022,67.788
SEN,2021,66.868
SEN,2020,67.496
SEN,2019,67.668
SEN,2018,67.379
SEN,2017,67.059
SEN,2016,66.724
SEN,2015,66.451
SEN,2014,66.001
SEN,2013,65.638
SEN,2012,65.229
SEN,2011,64.799
SEN,2010,64.221
SEN,2009,63.751
SEN,2008,63.201
SEN,2007,62.653
SEN,2006,61.801
SEN,2005,60.98
SEN,2004,60.308
SEN,2003,59.474
SEN,2002,58.912
SEN,2001,58.158
SEN,2000,57.615
SEN,1999,57.315
SEN,1998,57.076
SEN,1997,57.107
SEN,1996,57.129
SEN,1995,57.336
SEN,1994,57.479
SEN,1993,57.348
SEN,1992,57.287
SEN,1991,57.037
SEN,1990,56.674
SEN,1989,56.209
SEN,1988,55.546
SEN,1987,54.632
SEN,1986,53.718
SEN,1985,52.586
SEN,1984,51.694
SEN,1983,50.811
SEN,1982,49.863
SEN,1981,49.083
SEN,1980,48.294
SEN,1979,47.478
SEN,1978,46.596
SEN,1977,45.714
SEN,1976,44.809
SEN,1975,43.938
SEN,1974,43.104
SEN,1973,42.429
SEN,1972,41.77
SEN,1971,41.243
SEN,1970,40.789
SEN,1969,40.398
SEN,1968,40.15
SEN,1967,39.992
SEN,1966,39.848
SEN,1965,39.761
SEN,1964,39.755
SEN,1963,39.745
SEN,1962,39.738
SEN,1961,39.715
SEN,1960,39.668
SRB,2024,75.9682926829268
SRB,2023,76.1414634146341
SRB,2022,75.2365853658537
SRB,2021,72.780487804878
SRB,2020,74.4780487804878
SRB,2019,75.9365853658537
SRB,2018,75.890243902439
SRB,2017,75.5390243902439
SRB,2016,75.6878048780488
SRB,2015,75.2878048780488
SRB,2014,75.3365853658537
SRB,2013,75.1853658536585
SRB,2012,74.8365853658537
SRB,2011,74.5365853658537
SRB,2010,74.3365853658537
SRB,2009,73.9853658536585
SRB,2008,73.8853658536585
SRB,2007,73.6317073170732
SRB,2006,73.3853658536585
SRB,2005,72.8341463414634
SRB,2004,72.6829268292683
SRB,2003,72.4365853658537
SRB,2002,72.2853658536585
SRB,2001,72.2341463414634
SRB,2000,71.5829268292683
SRB,1999,69.9271463414634
SRB,1998,72.1948780487805
SRB,1997,72.8280975609756
SRB,1996,72.7948536585366
SRB,1995,72.6157317073171
SRB,1994,72.2040243902439
SRB,1993,71.7946829268293
SRB,1992,71.5688292682927
SRB,1991,71.8760487804878
SRB,1990,72.1552682926829
SRB,1989,72.258756097561
SRB,1988,71.9700487804878
SRB,1987,71.7754878048781
SRB,1986,71.5618292682927
SRB,1985,71.3633414634146
SRB,1984,71.0908780487805
SRB,1983,71.032512195122
SRB,1982,70.9744634146341
SRB,1981,71.0449268292683
SRB,1980,70.9969756097561
SRB,1979,71.0845853658537
SRB,1978,71.3456829268293
SRB,1977,71.6648780487805
SRB,1976,71.7468536585366
SRB,1975,71.4935853658537
SRB,1974,71.0062926829268
SRB,1973,70.381487804878
SRB,1972,69.8716341463415
SRB,1971,69.6149024390244
SRB,1970,69.6292926829268
SRB,1969,69.9095609756098
SRB,1968,69.9547804878049
SRB,1967,69.9707317073171
SRB,1966,69.3070731707317
SRB,1965,68.6011463414634
SRB,1964,67.879
SRB,1963,67.2328780487805
SRB,1962,66.9230487804878
SRB,1961,66.1841951219512
SRB,1960,65.5898536585366
SYC,2024,76.2951219512195
SYC,2023,75.419512195122
SYC,2022,74.509756097561
SYC,2021,73.3975609756097
SYC,2020,77.2365853658537
SYC,2019,74.0463414634146
SYC,2018,72.8414634146341
SYC,2017,74.3
SYC,2016,74.309756097561
SYC,2015,74.2951219512195
SYC,2014,73.2292682926829
SYC,2013,73.119512195122
SYC,2012,74.2756097560976
SYC,2011,72.7243902439024
SYC,2010,73.1975609756098
SYC,2009,73.0829268292683
SYC,2008,73.1634146341463
SYC,2007,73.1439024390244
SYC,2006,72.2170731707317
SYC,2005,72.1317073170732
SYC,2004,72.6609756097561
SYC,2003,71.0292682926829
SYC,2002,71.0878048780488
SYC,2001,73.2536585365854
SYC,2000,72.7780487804878
SYC,1999,72.6682926829268
SYC,1998,71.7463414634146
SYC,1997,71.2121951219512
SYC,1996,71.5609756097561
SYC,1995,72.4829268292683
SYC,1994,70.7292682926829
SYC,1993,69.4682926829268
SYC,1992,71.2146341463415
SYC,1991,70.7121951219512
SYC,1990,68.1073170731707
SYC,1989,67.9707317073171
SYC,1988,68.7024390243902
SYC,1987,68.2365853658537
SYC,1986,68.6560975609756
SYC,1985,69.6975609756098
SYC,1984,69.5536585365854
SYC,1983,70.3829268292683
SYC,1982,69.3243902439024
SYC,1981,70.1878048780488
SYC,1980,69.5975609756098
SYC,1979,68.3445853658537
SYC,1978,68.0320731707317
SYC,1977,67.6752195121951
SYC,1976,67.2967073170732
SYC,1975,66.9132195121951
SYC,1974,66.4828780487805
SYC,1973,65.9660487804878
SYC,1972,65.3703902439024
SYC,1971,64.6586097560976
SYC,1970,63.992243902439
SYC,1969,63.2811219512195
SYC,1968,62.6659512195122
SYC,1967,62.1034634146342
SYC,1966,61.727
SYC,1965,61.4950975609756
SYC,1964,61.1964146341464
SYC,1963,60.936756097561
SYC,1962,60.6882926829268
SYC,1961,60.6061219512195
SYC,1960,60.5314390243903
SLE,2024,61.964
SLE,2023,61.786
SLE,2022,61.275
SLE,2021,60.26
SLE,2020,59.694
SLE,2019,59.593
SLE,2018,59.059
SLE,2017,57.761
SLE,2016,56.937
SLE,2015,55.454
SLE,2014,54.281
SLE,2013,54.051
SLE,2012,53.159
SLE,2011,52.594
SLE,2010,51.927
SLE,2009,51.312
SLE,2008,50.693
SLE,2007,50.024
SLE,2006,49.547
SLE,2005,48.306
SLE,2004,47.485
SLE,2003,46.784
SLE,2002,46.174
SLE,2001,45.448
SLE,2000,44.834
SLE,1999,41.962
SLE,1998,42.714
SLE,1997,43.649
SLE,1996,43.528
SLE,1995,42.579
SLE,1994,42.808
SLE,1993,43.428
SLE,1992,43.451
SLE,1991,43.287
SLE,1990,43.72
SLE,1989,43.741
SLE,1988,43.765
SLE,1987,43.748
SLE,1986,43.502
SLE,1985,43.556
SLE,1984,43.561
SLE,1983,43.455
SLE,1982,43.302
SLE,1981,43.086
SLE,1980,42.839
SLE,1979,42.53
SLE,1978,42.192
SLE,1977,41.826
SLE,1976,41.425
SLE,1975,40.99
SLE,1974,40.412
SLE,1973,39.96
SLE,1972,39.505
SLE,1971,39.104
SLE,1970,38.619
SLE,1969,38.23
SLE,1968,37.761
SLE,1967,37.281
SLE,1966,36.64
SLE,1965,35.93
SLE,1964,35.298
SLE,1963,34.705
SLE,1962,34.155
SLE,1961,33.633
SLE,1960,33.09
SGP,2024,83.3463414634146
SGP,2023,83.0975609756098
SGP,2022,82.8951219512195
SGP,2021,83.0926829268293
SGP,2020,83.5439024390244
SGP,2019,83.5951219512195
SGP,2018,83.2975609756098
SGP,2017,83.0951219512195
SGP,2016,82.8463414634146
SGP,2015,82.7439024390244
SGP,2014,82.4951219512195
SGP,2013,82.2463414634147
SGP,2012,81.9951219512195
SGP,2011,81.7439024390244
SGP,2010,81.5414634146342
SGP,2009,81.2414634146342
SGP,2008,80.790243902439
SGP,2007,80.4414634146342
SGP,2006,80.1414634146341
SGP,2005,79.990243902439
SGP,2004,79.490243902439
SGP,2003,79.0390243902439
SGP,2002,78.5512195121951
SGP,2001,78.2512195121951
SGP,2000,77.9512195121951
SGP,1999,77.5512195121951
SGP,1998,77.3
SGP,1997,76.8975609756097
SGP,1996,76.5951219512195
SGP,1995,76.2951219512195
SGP,1994,76.1975609756098
SGP,1993,76.0463414634146
SGP,1992,75.9463414634146
SGP,1991,75.6463414634146
SGP,1990,75.2951219512195
SGP,1989,74.9463414634146
SGP,1988,74.6975609756098
SGP,1987,74.5487804878049
SGP,1986,74.2463414634146
SGP,1985,73.890243902439
SGP,1984,73.290243902439
SGP,1983,73.0365853658537
SGP,1982,72.6878048780488
SGP,1981,72.5878048780488
SGP,1980,72.190243902439
SGP,1979,71.461756097561
SGP,1978,71.2835609756098
SGP,1977,71.0261219512195
SGP,1976,70.7470487804878
SGP,1975,70.405512195122
SGP,1974,69.894512195122
SGP,1973,69.5304634146342
SGP,1972,69.1635609756098
SGP,1971,69.0002195121951
SGP,1970,68.724756097561
SGP,1969,68.3339756097561
SGP,1968,67.9807804878049
SGP,1967,67.6523902439025
SGP,1966,67.5478292682927
SGP,1965,67.2328536585366
SGP,1964,67.0024146341463
SGP,1963,66.7795365853659
SGP,1962,66.3726341463415
SGP,1961,65.9597073170732
SGP,1960,65.5621951219512
SXM,2024,76.528
SXM,2023,76.371
SXM,2022,76.18
SXM,2021,74.505
SXM,2020,75.002
SXM,2019,75.68
SXM,2018,75.693
SXM,2017,75.455
SXM,2016,75.952
SXM,2015,75.899
SXM,2014,75.735
SXM,2013,75.391
SXM,2012,75.125
SXM,2011,74.868
SXM,2010,74.821
SXM,2009,74.796
SXM,2008,74.852
SXM,2007,74.812
SXM,2006,74.779
SXM,2005,74.681
SXM,2004,74.618
SXM,2003,74.588
SXM,2002,74.585
SXM,2001,74.525
SXM,2000,74.409
SXM,1999,74.222
SXM,1998,73.9
SXM,1997,73.551
SXM,1996,73.188
SXM,1995,72.849
SXM,1994,72.597
SXM,1993,72.462
SXM,1992,72.402
SXM,1991,72.384
SXM,1990,72.414
SXM,1989,72.441
SXM,1988,72.456
SXM,1987,72.435
SXM,1986,72.436
SXM,1985,72.385
SXM,1984,72.28
SXM,1983,72.146
SXM,1982,72.01
SXM,1981,71.864
SXM,1980,71.79
SXM,1979,71.839
SXM,1978,71.971
SXM,1977,72.133
SXM,1976,72.276
SXM,1975,72.308
SXM,1974,72.243
SXM,1973,72.061
SXM,1972,71.729
SXM,1971,71.309
SXM,1970,70.856
SXM,1969,70.208
SXM,1968,69.551
SXM,1967,69.024
SXM,1966,68.505
SXM,1965,68.048
SXM,1964,67.782
SXM,1963,67.467
SXM,1962,67.054
SXM,1961,66.678
SXM,1960,66.351
SVK,2024,78.3707317073171
SVK,2023,78.119512195122
SVK,2022,76.9658536585366
SVK,2021,74.6146341463415
SVK,2020,76.8658536585366
SVK,2019,77.6658536585366
SVK,2018,77.2658536585366
SVK,2017,77.1658536585366
SVK,2016,77.1658536585366
SVK,2015,76.5634146341463
SVK,2014,76.8121951219512
SVK,2013,76.4121951219512
SVK,2012,76.109756097561
SVK,2011,75.9585365853659
SVK,2010,75.1121951219512
SVK,2009,74.909756097561
SVK,2008,74.7048780487805
SVK,2007,74.2073170731707
SVK,2006,74.2048780487805
SVK,2005,73.9048780487805
SVK,2004,73.9585365853659
SVK,2003,73.6048780487805
SVK,2002,73.6048780487805
SVK,2001,73.4024390243903
SVK,2000,73.0512195121951
SVK,1999,72.9024390243902
SVK,1998,72.5512195121951
SVK,1997,72.7048780487805
SVK,1996,72.6536585365854
SVK,1995,72.2536585365854
SVK,1994,72.3
SVK,1993,72.4487804878049
SVK,1992,71.7951219512195
SVK,1991,70.8829268292683
SVK,1990,70.9326829268293
SVK,1989,71.0263414634146
SVK,1988,71.2078048780488
SVK,1987,71.0887804878049
SVK,1986,71.0212195121951
SVK,1985,70.7346341463415
SVK,1984,70.7509756097561
SVK,1983,70.4790243902439
SVK,1982,70.6890243902439
SVK,1981,70.6292682926829
SVK,1980,70.4085365853659
SVK,1979,70.7447317073171
SVK,1978,70.4264390243902
SVK,1977,70.4231219512195
SVK,1976,70.4631951219512
SVK,1975,70.3050487804878
SVK,1974,70.1781707317073
SVK,1973,70.0213902439024
SVK,1972,70.2982195121951
SVK,1971,69.8625609756098
SVK,1970,69.7125853658537
SVK,1969,69.7953902439024
SVK,1968,70.436756097561
SVK,1967,70.9255853658537
SVK,1966,70.3774390243903
SVK,1965,70.2352682926829
SVK,1964,71.0198780487805
SVK,1963,70.6334146341463
SVK,1962,70.2702926829268
SVK,1961,70.7239024390244
SVK,1960,70.2697804878049
SVN,2024,82.2853658536585
SVN,2023,81.9292682926829
SVN,2022,81.2829268292683
SVN,2021,80.6756097560976
SVN,2020,80.5317073170732
SVN,2019,81.5292682926829
SVN,2018,81.3780487804878
SVN,2017,81.0292682926829
SVN,2016,81.1756097560976
SVN,2015,80.7756097560976
SVN,2014,81.0780487804878
SVN,2013,80.3219512195122
SVN,2012,80.1243902439024
SVN,2011,79.9707317073171
SVN,2010,79.4219512195122
SVN,2009,78.9707317073171
SVN,2008,78.7658536585366
SVN,2007,78.5609756097561
SVN,2006,78.0865853658537
SVN,2005,77.6121951219512
SVN,2004,77.2073170731707
SVN,2003,76.8585365853659
SVN,2002,76.0073170731707
SVN,2001,75.7585365853659
SVN,2000,75.4121951219512
SVN,1999,75.009756097561
SVN,1998,74.8073170731708
SVN,1997,74.7073170731707
SVN,1996,74.4585365853658
SVN,1995,73.9585365853659
SVN,1994,73.4048780487805
SVN,1993,73.2536585365854
SVN,1992,73.3048780487805
SVN,1991,73.3536585365854
SVN,1990,73.2048780487805
SVN,1989,72.7048780487805
SVN,1988,72.4463414634146
SVN,1987,72.0024390243902
SVN,1986,71.8024390243903
SVN,1985,71.3512195121951
SVN,1984,70.9024390243903
SVN,1983,70.5414634146342
SVN,1982,71.0536585365854
SVN,1981,71.2048780487805
SVN,1980,71.1048780487805
SVN,1979,70.8536585365854
SVN,1978,70.7024390243902
SVN,1977,70.5560975609756
SVN,1976,70.3073170731707
SVN,1975,70.3585365853659
SVN,1974,70.1609756097561
SVN,1973,69.4048780487805
SVN,1972,69.0585365853659
SVN,1971,68.8341463414634
SVN,1970,68.609756097561
SVN,1969,68.3609756097561
SVN,1968,68.9170731707317
SVN,1967,69.3658536585366
SVN,1966,69.0121951219512
SVN,1965,68.3658536585366
SVN,1964,68.6634146341463
SVN,1963,68.6219512195122
SVN,1962,68.9780487804878
SVN,1961,68.9780487804878
SVN,1960,68.9780487804878
SLB,2024,70.694
SLB,2023,70.528
SLB,2022,70.409
SLB,2021,68.89
SLB,2020,69.258
SLB,2019,69.981
SLB,2018,69.806
SLB,2017,69.652
SLB,2016,69.501
SLB,2015,69.323
SLB,2014,68.984
SLB,2013,69.007
SLB,2012,68.961
SLB,2011,68.824
SLB,2010,68.669
SLB,2009,68.397
SLB,2008,68.336
SLB,2007,67.845
SLB,2006,67.968
SLB,2005,67.79
SLB,2004,67.628
SLB,2003,67.479
SLB,2002,67.35
SLB,2001,67.237
SLB,2000,67.116
SLB,1999,67.001
SLB,1998,66.89
SLB,1997,66.768
SLB,1996,66.739
SLB,1995,66.717
SLB,1994,66.661
SLB,1993,66.558
SLB,1992,66.471
SLB,1991,66.357
SLB,1990,66.194
SLB,1989,66.051
SLB,1988,65.866
SLB,1987,65.683
SLB,1986,64.718
SLB,1985,65.288
SLB,1984,65.049
SLB,1983,64.771
SLB,1982,64.456
SLB,1981,64.077
SLB,1980,63.669
SLB,1979,63.134
SLB,1978,62.536
SLB,1977,61.528
SLB,1976,61.153
SLB,1975,58.404
SLB,1974,59.611
SLB,1973,58.777
SLB,1972,57.913
SLB,1971,57.015
SLB,1970,56.061
SLB,1969,55.099
SLB,1968,54.142
SLB,1967,53.059
SLB,1966,52.256
SLB,1965,51.406
SLB,1964,50.583
SLB,1963,49.815
SLB,1962,49.037
SLB,1961,48.336
SLB,1960,47.683
SOM,2024,58.967
SOM,2023,58.816
SOM,2022,53.931
SOM,2021,55.703
SOM,2020,57.095
SOM,2019,57.249
SOM,2018,54.767
SOM,2017,52.19
SOM,2016,55.283
SOM,2015,55.056
SOM,2014,54.442
SOM,2013,54.016
SOM,2012,49.138
SOM,2011,32.453
SOM,2010,48.9
SOM,2009,52.101
SOM,2008,51.456
SOM,2007,50.885
SOM,2006,50.915
SOM,2005,50.894
SOM,2004,50.685
SOM,2003,50.721
SOM,2002,50.82
SOM,2001,50.829
SOM,2000,50.747
SOM,1999,50.611
SOM,1998,50.755
SOM,1997,50.278
SOM,1996,50.524
SOM,1995,50.65
SOM,1994,50.303
SOM,1993,50.551
SOM,1992,25.034
SOM,1991,25.418
SOM,1990,46.896
SOM,1989,46.648
SOM,1988,43.933
SOM,1987,49.002
SOM,1986,48.431
SOM,1985,48.279
SOM,1984,48.438
SOM,1983,48.23
SOM,1982,48.02
SOM,1981,47.817
SOM,1980,47.611
SOM,1979,47.405
SOM,1978,47.013
SOM,1977,47.004
SOM,1976,44.727
SOM,1975,44.49
SOM,1974,44.259
SOM,1973,46.224
SOM,1972,46.032
SOM,1971,45.837
SOM,1970,45.644
SOM,1969,45.453
SOM,1968,45.254
SOM,1967,45.051
SOM,1966,44.843
SOM,1965,44.631
SOM,1964,44.393
SOM,1963,44.194
SOM,1962,43.972
SOM,1961,43.667
SOM,1960,43.543
ZAF,2024,66.312
ZAF,2023,66.139
ZAF,2022,65.454
ZAF,2021,62.01
ZAF,2020,65.15
ZAF,2019,66.071
ZAF,2018,65.726
ZAF,2017,65.422
ZAF,2016,64.749
ZAF,2015,64.053
ZAF,2014,63.184
ZAF,2013,62.388
ZAF,2012,61.737
ZAF,2011,60.602
ZAF,2010,58.886
ZAF,2009,57.413
ZAF,2008,55.982
ZAF,2007,54.948
ZAF,2006,54.22
ZAF,2005,53.914
ZAF,2004,53.963
ZAF,2003,54.245
ZAF,2002,55.58
ZAF,2001,57.161
ZAF,2000,58.368
ZAF,1999,59.19
ZAF,1998,59.912
ZAF,1997,60.538
ZAF,1996,61.079
ZAF,1995,61.603
ZAF,1994,62.069
ZAF,1993,62.618
ZAF,1992,62.839
ZAF,1991,62.983
ZAF,1990,62.942
ZAF,1989,63.017
ZAF,1988,62.902
ZAF,1987,62.694
ZAF,1986,62.421
ZAF,1985,62.195
ZAF,1984,61.837
ZAF,1983,61.393
ZAF,1982,60.936
ZAF,1981,60.445
ZAF,1980,59.961
ZAF,1979,59.472
ZAF,1978,58.991
ZAF,1977,58.48
ZAF,1976,58.0
ZAF,1975,57.591
ZAF,1974,57.11
ZAF,1973,56.72
ZAF,1972,56.377
ZAF,1971,56.02
ZAF,1970,55.681
ZAF,1969,55.44
ZAF,1968,55.191
ZAF,1967,54.955
ZAF,1966,54.731
ZAF,1965,54.427
ZAF,1964,54.215
ZAF,1963,53.895
ZAF,1962,53.566
ZAF,1961,53.067
ZAF,1960,52.575
SSD,2024,57.738
SSD,2023,57.617
SSD,2022,57.203
SSD,2021,57.047
SSD,2020,57.648
SSD,2019,58.129
SSD,2018,51.905
SSD,2017,35.351
SSD,2016,36.72
SSD,2015,39.757
SSD,2014,45.625
SSD,2013,58.285
SSD,2012,58.241
SSD,2011,57.674
SSD,2010,57.485
SSD,2009,56.848
SSD,2008,56.28
SSD,2007,55.425
SSD,2006,54.653
SSD,2005,53.965
SSD,2004,53.052
SSD,2003,52.324
SSD,2002,49.394
SSD,2001,48.55
SSD,2000,47.591
SSD,1999,44.537
SSD,1998,19.048
SSD,1997,33.068
SSD,1996,32.124
SSD,1995,31.51
SSD,1994,44.858
SSD,1993,22.263
SSD,1992,21.938
SSD,1991,29.185
SSD,1990,28.628
SSD,1989,28.217
SSD,1988,10.989
SSD,1987,20.721
SSD,1986,32.816
SSD,1985,32.36
SSD,1984,31.788
SSD,1983,34.733
SSD,1982,38.677
SSD,1981,38.313
SSD,1980,38.034
SSD,1979,37.805
SSD,1978,37.592
SSD,1977,37.397
SSD,1976,37.092
SSD,1975,36.867
SSD,1974,36.589
SSD,1973,36.277
SSD,1972,31.291
SSD,1971,30.993
SSD,1970,25.632
SSD,1969,25.396
SSD,1968,26.103
SSD,1967,25.858
SSD,1966,25.633
SSD,1965,28.781
SSD,1964,32.458
SSD,1963,28.249
SSD,1962,28.506
SSD,1961,28.278
SSD,1960,28.054
ESP,2024,83.8878048780488
ESP,2023,83.9341463414634
ESP,2022,83.1341463414634
ESP,2021,83.1780487804878
ESP,2020,82.2317073170732
ESP,2019,83.8317073170732
ESP,2018,83.4317073170732
ESP,2017,83.2829268292683
ESP,2016,83.3292682926829
ESP,2015,82.8317073170732
ESP,2014,83.2292682926829
ESP,2013,83.0780487804878
ESP,2012,82.4268292682927
ESP,2011,82.4756097560976
ESP,2010,81.6268292682927
ESP,2009,81.4756097560976
ESP,2008,81.1756097560976
ESP,2007,80.8731707317073
ESP,2006,80.8219512195122
ESP,2005,80.1707317073171
ESP,2004,79.8707317073171
ESP,2003,79.619512195122
ESP,2002,79.5682926829268
ESP,2001,79.3682926829268
ESP,2000,78.9658536585366
ESP,1999,78.7170731707317
ESP,1998,78.6658536585366
ESP,1997,78.6041463414634
ESP,1996,78.1204878048781
ESP,1995,77.9807317073171
ESP,1994,77.9014634146342
ESP,1993,77.5465853658537
ESP,1992,77.41
ESP,1991,76.9712195121951
ESP,1990,76.8375609756098
ESP,1989,76.8136585365854
ESP,1988,76.7470731707317
ESP,1987,76.7280487804878
ESP,1986,76.5104878048781
ESP,1985,76.259512195122
ESP,1984,76.2953658536586
ESP,1983,75.9090243902439
ESP,1982,76.1341463414634
ESP,1981,75.5285365853659
ESP,1980,75.3492682926829
ESP,1979,74.8187804878049
ESP,1978,74.2956097560976
ESP,1977,74.1319512195122
ESP,1976,73.6426829268293
ESP,1975,73.3187804878049
ESP,1974,72.969756097561
ESP,1973,72.6107317073171
ESP,1972,72.8180487804878
ESP,1971,71.630243902439
ESP,1970,72.0273170731707
ESP,1969,71.0575609756098
ESP,1968,71.5378048780488
ESP,1967,71.2529268292683
ESP,1966,71.0551219512195
ESP,1965,70.8092682926829
ESP,1964,70.399756097561
ESP,1963,69.6812195121951
ESP,1962,69.5190243902439
ESP,1961,69.4804878048781
ESP,1960,69.1092682926829
LKA,2024,77.672
LKA,2023,77.483
LKA,2022,77.3
LKA,2021,76.278
LKA,2020,76.928
LKA,2019,76.698
LKA,2018,76.485
LKA,2017,76.239
LKA,2016,76.136
LKA,2015,75.99
LKA,2014,75.757
LKA,2013,75.546
LKA,2012,75.187
LKA,2011,74.74
LKA,2010,74.463
LKA,2009,70.298
LKA,2008,72.556
LKA,2007,72.983
LKA,2006,72.825
LKA,2005,73.073
LKA,2004,68.022
LKA,2003,72.442
LKA,2002,72.271
LKA,2001,71.804
LKA,2000,71.179
LKA,1999,70.427
LKA,1998,70.134
LKA,1997,69.934
LKA,1996,69.841
LKA,1995,69.746
LKA,1994,70.211
LKA,1993,70.049
LKA,1992,69.619
LKA,1991,69.131
LKA,1990,69.239
LKA,1989,67.284
LKA,1988,68.995
LKA,1987,69.009
LKA,1986,68.962
LKA,1985,68.881
LKA,1984,68.761
LKA,1983,68.726
LKA,1982,68.665
LKA,1981,68.38
LKA,1980,68.006
LKA,1979,67.514
LKA,1978,66.844
LKA,1977,66.391
LKA,1976,65.84
LKA,1975,65.355
LKA,1974,64.966
LKA,1973,64.785
LKA,1972,64.625
LKA,1971,64.24
LKA,1970,64.352
LKA,1969,64.138
LKA,1968,63.869
LKA,1967,63.556
LKA,1966,63.156
LKA,1965,62.793
LKA,1964,62.376
LKA,1963,62.031
LKA,1962,61.627
LKA,1961,61.158
LKA,1960,60.602
KNA,2024,72.281
KNA,2023,72.145
KNA,2022,70.313
KNA,2021,69.271
KNA,2020,71.181
KNA,2019,71.54
KNA,2018,71.336
KNA,2017,71.284
KNA,2016,71.227
KNA,2015,71.211
KNA,2014,71.228
KNA,2013,71.29
KNA,2012,71.362
KNA,2011,71.4
KNA,2010,71.452
KNA,2009,71.488
KNA,2008,71.479
KNA,2007,71.437
KNA,2006,71.356
KNA,2005,71.151
KNA,2004,70.92
KNA,2003,70.614
KNA,2002,70.194
KNA,2001,69.767
KNA,2000,69.249
KNA,1999,68.725
KNA,1998,67.891
KNA,1997,67.811
KNA,1996,67.488
KNA,1995,67.23
KNA,1994,67.002
KNA,1993,66.708
KNA,1992,66.339
KNA,1991,65.958
KNA,1990,65.641
KNA,1989,65.45
KNA,1988,65.451
KNA,1987,65.516
KNA,1986,65.554
KNA,1985,65.482
KNA,1984,65.334
KNA,1983,65.118
KNA,1982,64.868
KNA,1981,64.62
KNA,1980,64.385
KNA,1979,64.198
KNA,1978,63.995
KNA,1977,63.73
KNA,1976,63.49
KNA,1975,63.191
KNA,1974,62.888
KNA,1973,62.517
KNA,1972,62.137
KNA,1971,61.74
KNA,1970,61.372
KNA,1969,61.079
KNA,1968,60.776
KNA,1967,60.445
KNA,1966,60.081
KNA,1965,59.595
KNA,1964,59.04
KNA,1963,58.43
KNA,1962,57.84
KNA,1961,57.338
KNA,1960,56.84
LCA,2024,72.846
LCA,2023,72.697
LCA,2022,72.67
LCA,2021,69.119
LCA,2020,72.308
LCA,2019,72.249
LCA,2018,72.655
LCA,2017,72.522
LCA,2016,72.552
LCA,2015,72.932
LCA,2014,72.676
LCA,2013,72.687
LCA,2012,72.86
LCA,2011,72.962
LCA,2010,72.768
LCA,2009,72.946
LCA,2008,72.963
LCA,2007,72.86
LCA,2006,72.794
LCA,2005,72.544
LCA,2004,72.453
LCA,2003,72.188
LCA,2002,71.707
LCA,2001,71.367
LCA,2000,70.779
LCA,1999,70.692
LCA,1998,70.68
LCA,1997,70.778
LCA,1996,70.963
LCA,1995,71.172
LCA,1994,71.076
LCA,1993,71.05
LCA,1992,70.734
LCA,1991,70.309
LCA,1990,70.008
LCA,1989,70.028
LCA,1988,69.736
LCA,1987,69.671
LCA,1986,70.229
LCA,1985,70.308
LCA,1984,70.522
LCA,1983,69.987
LCA,1982,68.977
LCA,1981,68.688
LCA,1980,67.801
LCA,1979,67.364
LCA,1978,67.38
LCA,1977,66.957
LCA,1976,66.198
LCA,1975,65.909
LCA,1974,65.419
LCA,1973,64.573
LCA,1972,64.645
LCA,1971,64.492
LCA,1970,64.29
LCA,1969,64.026
LCA,1968,63.749
LCA,1967,63.161
LCA,1966,62.533
LCA,1965,61.924
LCA,1964,61.339
LCA,1963,60.538
LCA,1962,59.877
LCA,1961,59.095
LCA,1960,57.865
MAF,2024,80.438
MAF,2023,80.224
MAF,2022,80.236
MAF,2021,80.206
MAF,2020,80.085
MAF,2019,80.078
MAF,2018,80.029
MAF,2017,78.762
MAF,2016,79.885
MAF,2015,79.829
MAF,2014,79.727
MAF,2013,79.528
MAF,2012,79.302
MAF,2011,79.016
MAF,2010,78.752
MAF,2009,78.513
MAF,2008,78.326
MAF,2007,78.16
MAF,2006,77.989
MAF,2005,77.802
MAF,2004,77.612
MAF,2003,77.419
MAF,2002,77.219
MAF,2001,77.009
MAF,2000,76.793
MAF,1999,76.565
MAF,1998,76.338
MAF,1997,76.105
MAF,1996,75.885
MAF,1995,75.714
MAF,1994,75.533
MAF,1993,75.349
MAF,1992,75.15
MAF,1991,74.925
MAF,1990,74.565
MAF,1989,74.205
MAF,1988,73.858
MAF,1987,73.519
MAF,1986,73.201
MAF,1985,72.943
MAF,1984,72.734
MAF,1983,72.55
MAF,1982,72.419
MAF,1981,72.384
MAF,1980,72.347
MAF,1979,72.296
MAF,1978,72.238
MAF,1977,72.174
MAF,1976,72.116
MAF,1975,72.046
MAF,1974,71.933
MAF,1973,71.78
MAF,1972,71.568
MAF,1971,71.305
MAF,1970,70.982
MAF,1969,70.559
MAF,1968,70.15
MAF,1967,69.775
MAF,1966,69.401
MAF,1965,69.034
MAF,1964,68.757
MAF,1963,68.487
MAF,1962,68.194
MAF,1961,67.912
MAF,1960,67.648
VCT,2024,71.382
VCT,2023,71.23
VCT,2022,71.191
VCT,2021,69.132
VCT,2020,69.605
VCT,2019,70.994
VCT,2018,71.017
VCT,2017,71.013
VCT,2016,70.7
VCT,2015,70.463
VCT,2014,70.355
VCT,2013,70.091
VCT,2012,70.539
VCT,2011,70.609
VCT,2010,70.66
VCT,2009,70.712
VCT,2008,70.611
VCT,2007,70.446
VCT,2006,70.434
VCT,2005,70.454
VCT,2004,70.445
VCT,2003,70.43
VCT,2002,70.658
VCT,2001,70.382
VCT,2000,70.35
VCT,1999,70.312
VCT,1998,70.263
VCT,1997,70.382
VCT,1996,70.466
VCT,1995,70.575
VCT,1994,70.602
VCT,1993,70.621
VCT,1992,70.745
VCT,1991,70.64
VCT,1990,70.647
VCT,1989,70.647
VCT,1988,70.607
VCT,1987,70.428
VCT,1986,70.104
VCT,1985,69.771
VCT,1984,69.244
VCT,1983,68.796
VCT,1982,68.584
VCT,1981,68.292
VCT,1980,67.977
VCT,1979,69.345
VCT,1978,67.273
VCT,1977,66.883
VCT,1976,66.466
VCT,1975,65.873
VCT,1974,65.422
VCT,1973,65.095
VCT,1972,64.752
VCT,1971,64.432
VCT,1970,64.029
VCT,1969,63.529
VCT,1968,63.064
VCT,1967,62.541
VCT,1966,62.102
VCT,1965,61.61
VCT,1964,61.071
VCT,1963,60.521
VCT,1962,59.924
VCT,1961,59.272
VCT,1960,58.566
SDN,2024,66.521
SDN,2023,66.331
SDN,2022,65.695
SDN,2021,64.46
SDN,2020,65.124
SDN,2019,65.803
SDN,2018,65.501
SDN,2017,65.146
SDN,2016,64.677
SDN,2015,64.375
SDN,2014,63.99
SDN,2013,63.443
SDN,2012,63.427
SDN,2011,63.181
SDN,2010,62.979
SDN,2009,62.676
SDN,2008,61.261
SDN,2007,61.442
SDN,2006,60.4
SDN,2005,57.226
SDN,2004,56.773
SDN,2003,58.319
SDN,2002,59.308
SDN,2001,59.264
SDN,2000,58.946
SDN,1999,58.607
SDN,1998,58.308
SDN,1997,58.058
SDN,1996,57.638
SDN,1995,57.447
SDN,1994,57.022
SDN,1993,56.102
SDN,1992,55.952
SDN,1991,55.553
SDN,1990,55.497
SDN,1989,54.883
SDN,1988,54.984
SDN,1987,54.747
SDN,1986,54.558
SDN,1985,50.014
SDN,1984,49.807
SDN,1983,49.562
SDN,1982,54.375
SDN,1981,54.369
SDN,1980,54.072
SDN,1979,53.374
SDN,1978,53.29
SDN,1977,53.522
SDN,1976,53.342
SDN,1975,53.31
SDN,1974,53.156
SDN,1973,52.988
SDN,1972,52.803
SDN,1971,52.541
SDN,1970,52.294
SDN,1969,52.04
SDN,1968,51.762
SDN,1967,51.495
SDN,1966,51.253
SDN,1965,51.031
SDN,1964,50.879
SDN,1963,50.816
SDN,1962,50.419
SDN,1961,49.964
SDN,1960,49.566
SUR,2024,73.757
SUR,2023,73.631
SUR,2022,73.254
SUR,2021,68.943
SUR,2020,72.321
SUR,2019,71.773
SUR,2018,71.468
SUR,2017,71.247
SUR,2016,70.979
SUR,2015,70.567
SUR,2014,70.33
SUR,2013,70.11
SUR,2012,69.957
SUR,2011,69.82
SUR,2010,69.626
SUR,2009,69.323
SUR,2008,68.873
SUR,2007,68.307
SUR,2006,67.643
SUR,2005,66.997
SUR,2004,66.362
SUR,2003,65.778
SUR,2002,65.274
SUR,2001,64.82
SUR,2000,64.409
SUR,1999,64.035
SUR,1998,63.706
SUR,1997,63.385
SUR,1996,63.079
SUR,1995,62.779
SUR,1994,62.542
SUR,1993,62.382
SUR,1992,62.246
SUR,1991,62.151
SUR,1990,62.088
SUR,1989,61.982
SUR,1988,61.477
SUR,1987,61.314
SUR,1986,61.159
SUR,1985,61.358
SUR,1984,61.211
SUR,1983,61.072
SUR,1982,60.934
SUR,1981,60.795
SUR,1980,60.654
SUR,1979,60.527
SUR,1978,60.401
SUR,1977,60.277
SUR,1976,60.155
SUR,1975,60.035
SUR,1974,59.914
SUR,1973,59.793
SUR,1972,59.685
SUR,1971,59.59
SUR,1970,59.494
SUR,1969,59.394
SUR,1968,59.292
SUR,1967,59.172
SUR,1966,59.232
SUR,1965,59.137
SUR,1964,58.908
SUR,1963,58.496
SUR,1962,58.023
SUR,1961,57.29
SUR,1960,56.595
SWE,2024,84.0634146341463
SWE,2023,83.309756097561
SWE,2022,83.0585365853659
SWE,2021,83.0560975609756
SWE,2020,82.3560975609756
SWE,2019,83.109756097561
SWE,2018,82.5585365853659
SWE,2017,82.409756097561
SWE,2016,82.3073170731707
SWE,2015,82.2048780487805
SWE,2014,82.2536585365854
SWE,2013,81.9560975609756
SWE,2012,81.7048780487805
SWE,2011,81.8024390243903
SWE,2010,81.4512195121951
SWE,2009,81.3512195121951
SWE,2008,81.1
SWE,2007,80.9
SWE,2006,80.7487804878049
SWE,2005,80.5463414634146
SWE,2004,80.4975609756098
SWE,2003,80.0951219512195
SWE,2002,79.8463414634146
SWE,2001,79.7951219512195
SWE,2000,79.6439024390244
SWE,1999,79.4414634146342
SWE,1998,79.3390243902439
SWE,1997,79.1975609756098
SWE,1996,78.9590243902439
SWE,1995,78.7404878048781
SWE,1994,78.650243902439
SWE,1993,78.0604878048781
SWE,1992,77.9987804878049
SWE,1991,77.6668292682927
SWE,1990,77.5368292682927
SWE,1989,77.7268292682927
SWE,1988,76.9792682926829
SWE,1987,77.0921951219512
SWE,1986,76.9312195121951
SWE,1985,76.6678048780488
SWE,1984,76.8158536585366
SWE,1983,76.5517073170732
SWE,1982,76.3273170731707
SWE,1981,76.0260975609756
SWE,1980,75.7409756097561
SWE,1979,75.5241463414634
SWE,1978,75.4690243902439
SWE,1977,75.379756097561
SWE,1976,74.9692682926829
SWE,1975,74.9846341463415
SWE,1974,74.9804878048781
SWE,1973,74.8673170731707
SWE,1972,74.7180487804878
SWE,1971,74.6239024390244
SWE,1970,74.6492682926829
SWE,1969,74.0848780487805
SWE,1968,73.9729268292683
SWE,1967,74.1224390243903
SWE,1966,74.0785365853659
SWE,1965,73.8617073170732
SWE,1964,73.7331707317073
SWE,1963,73.5553658536585
SWE,1962,73.3504878048781
SWE,1961,73.4743902439024
SWE,1960,73.0056097560976
CHE,2024,84.4073170731707
CHE,2023,84.1560975609756
CHE,2022,83.6048780487805
CHE,2021,83.7512195121951
CHE,2020,83.0
CHE,2019,83.9048780487805
CHE,2018,83.7536585365854
CHE,2017,83.5512195121951
CHE,2016,83.6024390243903
CHE,2015,82.8975609756098
CHE,2014,83.1975609756098
CHE,2013,82.7975609756098
CHE,2012,82.6975609756098
CHE,2011,82.6951219512195
CHE,2010,82.2463414634147
CHE,2009,82.0439024390244
CHE,2008,81.9926829268293
CHE,2007,81.7414634146342
CHE,2006,81.490243902439
CHE,2005,81.2365853658537
CHE,2004,81.0878048780488
CHE,2003,80.5365853658537
CHE,2002,80.3853658536585
CHE,2001,80.1804878048781
CHE,2000,79.6804878048781
CHE,1999,79.580487804878
CHE,1998,79.3243902439025
CHE,1997,79.079512195122
CHE,1996,78.8960975609756
CHE,1995,78.4170731707317
CHE,1994,78.35
CHE,1993,78.0853658536586
CHE,1992,77.8060975609756
CHE,1991,77.5146341463415
CHE,1990,77.2424390243902
CHE,1989,77.4212195121951
CHE,1988,77.2265853658537
CHE,1987,77.1975609756098
CHE,1986,76.8990243902439
CHE,1985,76.7336585365854
CHE,1984,76.6085365853659
CHE,1983,76.0312195121951
CHE,1982,76.0339024390244
CHE,1981,75.6931707317073
CHE,1980,75.4592682926829
CHE,1979,75.4660975609756
CHE,1978,75.1873170731707
CHE,1977,75.2380487804878
CHE,1976,74.7853658536585
CHE,1975,74.6656097560976
CHE,1974,74.2870731707317
CHE,1973,73.9409756097561
CHE,1972,73.6443902439024
CHE,1971,73.1307317073171
CHE,1970,73.020243902439
CHE,1969,72.6126829268293
CHE,1968,72.590243902439
CHE,1967,72.6365853658537
CHE,1966,72.3356097560976
CHE,1965,72.2017073170732
CHE,1964,72.0778048780488
CHE,1963,71.1875609756098
CHE,1962,71.1960975609756
CHE,1961,71.6448780487805
CHE,1960,71.3134146341463
SYR,2024,72.56
SYR,2023,72.12
SYR,2022,72.79
SYR,2021,72.418
SYR,2020,71.944
SYR,2019,70.97
SYR,2018,67.371
SYR,2017,65.651
SYR,2016,65.19
SYR,2015,63.265
SYR,2014,65.492
SYR,2013,65.146
SYR,2012,66.206
SYR,2011,72.259
SYR,2010,73.542
SYR,2009,73.496
SYR,2008,73.368
SYR,2007,73.256
SYR,2006,73.04
SYR,2005,72.797
SYR,2004,72.494
SYR,2003,72.188
SYR,2002,71.742
SYR,2001,71.296
SYR,2000,70.856
SYR,1999,70.507
SYR,1998,70.237
SYR,1997,70.158
SYR,1996,70.156
SYR,1995,70.209
SYR,1994,70.296
SYR,1993,70.309
SYR,1992,70.243
SYR,1991,70.075
SYR,1990,69.83
SYR,1989,69.486
SYR,1988,69.172
SYR,1987,68.797
SYR,1986,68.415
SYR,1985,68.048
SYR,1984,67.723
SYR,1983,67.35
SYR,1982,60.839
SYR,1981,64.598
SYR,1980,66.545
SYR,1979,66.244
SYR,1978,65.932
SYR,1977,65.398
SYR,1976,64.844
SYR,1975,64.187
SYR,1974,63.441
SYR,1973,60.826
SYR,1972,61.969
SYR,1971,61.334
SYR,1970,60.608
SYR,1969,59.844
SYR,1968,59.118
SYR,1967,58.045
SYR,1966,57.55
SYR,1965,56.901
SYR,1964,56.17
SYR,1963,55.394
SYR,1962,54.569
SYR,1961,53.652
SYR,1960,52.723
TJK,2024,71.927
TJK,2023,71.79
TJK,2022,71.562
TJK,2021,69.594
TJK,2020,68.605
TJK,2019,70.962
TJK,2018,70.737
TJK,2017,70.524
TJK,2016,69.982
TJK,2015,69.665
TJK,2014,69.697
TJK,2013,69.579
TJK,2012,69.13
TJK,2011,68.698
TJK,2010,68.37
TJK,2009,68.248
TJK,2008,67.924
TJK,2007,67.405
TJK,2006,66.997
TJK,2005,66.531
TJK,2004,66.604
TJK,2003,65.874
TJK,2002,64.898
TJK,2001,64.197
TJK,2000,63.542
TJK,1999,63.114
TJK,1998,62.404
TJK,1997,61.928
TJK,1996,60.806
TJK,1995,61.389
TJK,1994,60.093
TJK,1993,55.512
TJK,1992,57.085
TJK,1991,61.679
TJK,1990,61.636
TJK,1989,61.736
TJK,1988,61.839
TJK,1987,61.582
TJK,1986,61.83
TJK,1985,60.973
TJK,1984,60.69
TJK,1983,60.46
TJK,1982,60.161
TJK,1981,58.758
TJK,1980,58.632
TJK,1979,58.523
TJK,1978,58.396
TJK,1977,58.244
TJK,1976,58.076
TJK,1975,57.88
TJK,1974,57.651
TJK,1973,57.418
TJK,1972,57.157
TJK,1971,56.884
TJK,1970,56.589
TJK,1969,56.262
TJK,1968,55.89
TJK,1967,55.497
TJK,1966,55.079
TJK,1965,54.655
TJK,1964,54.224
TJK,1963,53.791
TJK,1962,53.374
TJK,1961,52.944
TJK,1960,52.535
TZA,2024,67.212
TZA,2023,66.995
TZA,2022,66.879
TZA,2021,66.131
TZA,2020,66.771
TZA,2019,66.007
TZA,2018,65.488
TZA,2017,64.963
TZA,2016,64.404
TZA,2015,63.928
TZA,2014,63.364
TZA,2013,62.788
TZA,2012,62.286
TZA,2011,61.618
TZA,2010,61.127
TZA,2009,60.494
TZA,2008,59.896
TZA,2007,59.26
TZA,2006,58.512
TZA,2005,57.675
TZA,2004,56.836
TZA,2003,55.929
TZA,2002,54.94
TZA,2001,54.124
TZA,2000,53.244
TZA,1999,52.399
TZA,1998,51.807
TZA,1997,51.246
TZA,1996,51.132
TZA,1995,51.005
TZA,1994,51.077
TZA,1993,51.215
TZA,1992,51.432
TZA,1991,51.837
TZA,1990,51.985
TZA,1989,52.09
TZA,1988,52.224
TZA,1987,52.182
TZA,1986,52.207
TZA,1985,52.184
TZA,1984,52.151
TZA,1983,52.178
TZA,1982,51.99
TZA,1981,51.703
TZA,1980,51.272
TZA,1979,50.791
TZA,1978,50.351
TZA,1977,49.969
TZA,1976,49.459
TZA,1975,48.922
TZA,1974,48.422
TZA,1973,47.912
TZA,1972,47.436
TZA,1971,46.972
TZA,1970,46.495
TZA,1969,46.043
TZA,1968,45.626
TZA,1967,45.163
TZA,1966,44.941
TZA,1965,44.542
TZA,1964,44.075
TZA,1963,43.616
TZA,1962,43.215
TZA,1961,42.841
TZA,1960,42.596
THA,2024,76.564
THA,2023,76.412
THA,2022,75.291
THA,2021,77.606
THA,2020,77.331
THA,2019,77.197
THA,2018,77.19
THA,2017,76.989
THA,2016,76.769
THA,2015,76.563
THA,2014,76.279
THA,2013,75.96
THA,2012,75.59
THA,2011,75.302
THA,2010,75.012
THA,2009,74.669
THA,2008,74.221
THA,2007,73.779
THA,2006,73.341
THA,2005,72.894
THA,2004,72.1
THA,2003,72.101
THA,2002,71.775
THA,2001,71.52
THA,2000,71.205
THA,1999,70.979
THA,1998,70.703
THA,1997,70.362
THA,1996,69.94
THA,1995,69.757
THA,1994,69.661
THA,1993,69.568
THA,1992,69.353
THA,1991,69.132
THA,1990,68.924
THA,1989,68.557
THA,1988,68.194
THA,1987,67.833
THA,1986,67.308
THA,1985,66.543
THA,1984,65.55
THA,1983,64.5
THA,1982,63.603
THA,1981,62.856
THA,1980,62.186
THA,1979,61.696
THA,1978,61.266
THA,1977,60.906
THA,1976,60.371
THA,1975,59.713
THA,1974,59.031
THA,1973,58.323
THA,1972,57.746
THA,1971,57.1
THA,1970,56.47
THA,1969,55.705
THA,1968,54.977
THA,1967,54.316
THA,1966,53.729
THA,1965,53.131
THA,1964,52.539
THA,1963,51.988
THA,1962,51.444
THA,1961,51.065
THA,1960,50.608
TLS,2024,67.904
TLS,2023,67.689
TLS,2022,67.368
TLS,2021,66.199
TLS,2020,66.919
TLS,2019,66.496
TLS,2018,66.204
TLS,2017,65.898
TLS,2016,65.61
TLS,2015,65.326
TLS,2014,65.027
TLS,2013,64.719
TLS,2012,64.384
TLS,2011,64.022
TLS,2010,63.66
TLS,2009,63.265
TLS,2008,62.858
TLS,2007,62.396
TLS,2006,61.881
TLS,2005,61.272
TLS,2004,60.743
TLS,2003,60.13
TLS,2002,59.477
TLS,2001,58.772
TLS,2000,58.097
TLS,1999,45.246
TLS,1998,48.583
TLS,1997,48.968
TLS,1996,48.26
TLS,1995,47.543
TLS,1994,47.861
TLS,1993,47.008
TLS,1992,46.19
TLS,1991,45.076
TLS,1990,45.185
TLS,1989,44.795
TLS,1988,36.047
TLS,1987,35.974
TLS,1986,34.764
TLS,1985,34.342
TLS,1984,34.468
TLS,1983,32.694
TLS,1982,32.247
TLS,1981,31.247
TLS,1980,30.196
TLS,1979,24.172
TLS,1978,22.933
TLS,1977,24.875
TLS,1976,25.863
TLS,1975,24.314
TLS,1974,36.454
TLS,1973,38.966
TLS,1972,38.443
TLS,1971,37.909
TLS,1970,37.362
TLS,1969,36.802
TLS,1968,36.241
TLS,1967,35.703
TLS,1966,35.174
TLS,1965,34.653
TLS,1964,34.147
TLS,1963,33.665
TLS,1962,33.221
TLS,1961,32.801
TLS,1960,32.402
TGO,2024,62.935
TGO,2023,62.74
TGO,2022,62.292
TGO,2021,61.337
TGO,2020,61.14
TGO,2019,61.061
TGO,2018,60.608
TGO,2017,60.145
TGO,2016,59.677
TGO,2015,59.23
TGO,2014,58.776
TGO,2013,58.356
TGO,2012,57.953
TGO,2011,57.624
TGO,2010,57.24
TGO,2009,56.94
TGO,2008,56.663
TGO,2007,56.395
TGO,2006,56.154
TGO,2005,55.931
TGO,2004,55.608
TGO,2003,55.312
TGO,2002,55.044
TGO,2001,54.757
TGO,2000,54.587
TGO,1999,54.318
TGO,1998,53.963
TGO,1997,53.855
TGO,1996,53.829
TGO,1995,53.708
TGO,1994,53.731
TGO,1993,53.858
TGO,1992,54.084
TGO,1991,54.263
TGO,1990,54.566
TGO,1989,54.742
TGO,1988,54.911
TGO,1987,54.831
TGO,1986,54.624
TGO,1985,54.372
TGO,1984,54.101
TGO,1983,53.772
TGO,1982,53.273
TGO,1981,52.781
TGO,1980,52.146
TGO,1979,51.515
TGO,1978,50.902
TGO,1977,50.163
TGO,1976,49.509
TGO,1975,49.046
TGO,1974,48.593
TGO,1973,48.138
TGO,1972,47.692
TGO,1971,47.232
TGO,1970,46.782
TGO,1969,46.354
TGO,1968,46.022
TGO,1967,45.615
TGO,1966,45.228
TGO,1965,44.917
TGO,1964,44.6
TGO,1963,44.274
TGO,1962,44.001
TGO,1961,43.746
TGO,1960,43.536
TON,2024,73.07
TON,2023,72.895
TON,2022,72.635
TON,2021,72.13
TON,2020,72.379
TON,2019,72.292
TON,2018,72.169
TON,2017,72.066
TON,2016,71.951
TON,2015,71.851
TON,2014,71.721
TON,2013,71.65
TON,2012,71.546
TON,2011,71.437
TON,2010,71.319
TON,2009,70.949
TON,2008,71.041
TON,2007,70.887
TON,2006,70.71
TON,2005,70.56
TON,2004,70.433
TON,2003,70.228
TON,2002,70.03
TON,2001,69.8
TON,2000,69.635
TON,1999,69.431
TON,1998,69.224
TON,1997,69.012
TON,1996,68.803
TON,1995,68.592
TON,1994,68.371
TON,1993,68.157
TON,1992,67.927
TON,1991,67.749
TON,1990,67.539
TON,1989,67.445
TON,1988,67.321
TON,1987,67.189
TON,1986,67.058
TON,1985,66.928
TON,1984,66.806
TON,1983,66.652
TON,1982,66.327
TON,1981,66.357
TON,1980,66.186
TON,1979,66.039
TON,1978,65.854
TON,1977,65.625
TON,1976,65.418
TON,1975,65.122
TON,1974,64.825
TON,1973,64.389
TON,1972,64.061
TON,1971,63.607
TON,1970,63.182
TON,1969,62.696
TON,1968,62.161
TON,1967,61.692
TON,1966,61.21
TON,1965,60.72
TON,1964,60.251
TON,1963,59.77
TON,1962,59.298
TON,1961,58.757
TON,1960,58.315
TTO,2024,73.617
TTO,2023,73.49
TTO,2022,73.331
TTO,2021,71.111
TTO,2020,72.645
TTO,2019,72.836
TTO,2018,72.658
TTO,2017,72.984
TTO,2016,72.935
TTO,2015,72.882
TTO,2014,72.898
TTO,2013,72.785
TTO,2012,72.513
TTO,2011,72.232
TTO,2010,71.809
TTO,2009,71.404
TTO,2008,71.117
TTO,2007,70.797
TTO,2006,70.437
TTO,2005,70.185
TTO,2004,69.879
TTO,2003,69.454
TTO,2002,69.232
TTO,2001,68.874
TTO,2000,68.629
TTO,1999,68.509
TTO,1998,68.331
TTO,1997,68.143
TTO,1996,68.039
TTO,1995,67.995
TTO,1994,67.837
TTO,1993,67.825
TTO,1992,67.78
TTO,1991,67.782
TTO,1990,67.591
TTO,1989,67.518
TTO,1988,67.379
TTO,1987,67.135
TTO,1986,66.903
TTO,1985,66.748
TTO,1984,66.556
TTO,1983,66.44
TTO,1982,66.382
TTO,1981,66.459
TTO,1980,66.507
TTO,1979,66.422
TTO,1978,66.198
TTO,1977,66.17
TTO,1976,66.032
TTO,1975,65.647
TTO,1974,65.512
TTO,1973,65.412
TTO,1972,65.183
TTO,1971,64.934
TTO,1970,64.869
TTO,1969,64.753
TTO,1968,64.626
TTO,1967,64.471
TTO,1966,64.316
TTO,1965,64.195
TTO,1964,63.978
TTO,1963,63.633
TTO,1962,63.429
TTO,1961,62.965
TTO,1960,62.505
TUN,2024,76.711
TUN,2023,76.508
TUN,2022,76.05
TUN,2021,72.893
TUN,2020,75.004
TUN,2019,75.599
TUN,2018,75.37
TUN,2017,75.177
TUN,2016,75.007
TUN,2015,74.875
TUN,2014,74.784
TUN,2013,74.674
TUN,2012,74.599
TUN,2011,74.471
TUN,2010,74.438
TUN,2009,74.32
TUN,2008,74.192
TUN,2007,74.039
TUN,2006,73.888
TUN,2005,73.712
TUN,2004,73.519
TUN,2003,73.304
TUN,2002,73.07
TUN,2001,72.822
TUN,2000,72.604
TUN,1999,72.344
TUN,1998,72.067
TUN,1997,71.67
TUN,1996,71.247
TUN,1995,70.785
TUN,1994,70.363
TUN,1993,69.992
TUN,1992,69.684
TUN,1991,69.398
TUN,1990,69.092
TUN,1989,68.825
TUN,1988,68.456
TUN,1987,68.011
TUN,1986,67.429
TUN,1985,66.877
TUN,1984,66.294
TUN,1983,65.696
TUN,1982,65.01
TUN,1981,64.374
TUN,1980,63.669
TUN,1979,62.929
TUN,1978,62.147
TUN,1977,61.256
TUN,1976,60.313
TUN,1975,59.306
TUN,1974,58.251
TUN,1973,57.115
TUN,1972,56.095
TUN,1971,54.906
TUN,1970,53.792
TUN,1969,52.297
TUN,1968,51.342
TUN,1967,50.157
TUN,1966,49.158
TUN,1965,48.204
TUN,1964,47.272
TUN,1963,46.412
TUN,1962,45.562
TUN,1961,44.257
TUN,1960,44.049
TUR,2024,77.421
TUR,2023,77.156
TUR,2022,77.591
TUR,2021,75.722
TUR,2020,76.525
TUR,2019,77.737
TUR,2018,77.454
TUR,2017,77.037
TUR,2016,76.595
TUR,2015,76.539
TUR,2014,76.452
TUR,2013,76.171
TUR,2012,75.552
TUR,2011,74.823
TUR,2010,74.964
TUR,2009,74.679
TUR,2008,74.38
TUR,2007,74.129
TUR,2006,73.804
TUR,2005,73.51
TUR,2004,73.223
TUR,2003,72.906
TUR,2002,72.605
TUR,2001,72.271
TUR,2000,71.931
TUR,1999,70.752
TUR,1998,71.144
TUR,1997,70.668
TUR,1996,70.245
TUR,1995,69.734
TUR,1994,69.402
TUR,1993,69.018
TUR,1992,68.603
TUR,1991,68.287
TUR,1990,67.835
TUR,1989,67.365
TUR,1988,66.902
TUR,1987,66.379
TUR,1986,65.87
TUR,1985,65.344
TUR,1984,64.81
TUR,1983,64.269
TUR,1982,63.74
TUR,1981,63.194
TUR,1980,62.739
TUR,1979,62.161
TUR,1978,61.614
TUR,1977,60.846
TUR,1976,60.014
TUR,1975,59.513
TUR,1974,59.019
TUR,1973,58.455
TUR,1972,57.971
TUR,1971,57.223
TUR,1970,56.702
TUR,1969,56.179
TUR,1968,55.639
TUR,1967,55.183
TUR,1966,54.57
TUR,1965,54.105
TUR,1964,53.6
TUR,1963,53.12
TUR,1962,52.347
TUR,1961,51.558
TUR,1960,50.799
TKM,2024,70.201
TKM,2023,70.073
TKM,2022,69.913
TKM,2021,69.353
TKM,2020,68.846
TKM,2019,69.405
TKM,2018,69.272
TKM,2017,69.19
TKM,2016,69.142
TKM,2015,69.061
TKM,2014,69.001
TKM,2013,68.968
TKM,2012,68.961
TKM,2011,68.87
TKM,2010,68.608
TKM,2009,68.155
TKM,2008,67.584
TKM,2007,67.02
TKM,2006,66.574
TKM,2005,66.275
TKM,2004,66.055
TKM,2003,65.854
TKM,2002,65.593
TKM,2001,65.325
TKM,2000,64.931
TKM,1999,64.475
TKM,1998,63.966
TKM,1997,63.667
TKM,1996,63.538
TKM,1995,63.514
TKM,1994,63.515
TKM,1993,63.586
TKM,1992,63.753
TKM,1991,63.842
TKM,1990,63.867
TKM,1989,63.782
TKM,1988,63.699
TKM,1987,63.531
TKM,1986,63.212
TKM,1985,62.803
TKM,1984,62.364
TKM,1983,61.988
TKM,1982,61.577
TKM,1981,60.983
TKM,1980,60.181
TKM,1979,59.12
TKM,1978,58.279
TKM,1977,57.689
TKM,1976,57.449
TKM,1975,57.241
TKM,1974,57.04
TKM,1973,56.836
TKM,1972,56.603
TKM,1971,56.349
TKM,1970,56.045
TKM,1969,55.69
TKM,1968,55.274
TKM,1967,54.837
TKM,1966,54.403
TKM,1965,53.986
TKM,1964,53.595
TKM,1963,53.228
TKM,1962,52.868
TKM,1961,52.51
TKM,1960,52.149
TCA,2024,78.181
TCA,2023,78.008
TCA,2022,77.918
TCA,2021,77.234
TCA,2020,77.499
TCA,2019,77.691
TCA,2018,77.596
TCA,2017,77.505
TCA,2016,77.437
TCA,2015,77.321
TCA,2014,77.212
TCA,2013,77.1
TCA,2012,76.969
TCA,2011,76.87
TCA,2010,76.784
TCA,2009,76.672
TCA,2008,76.084
TCA,2007,76.427
TCA,2006,76.197
TCA,2005,75.954
TCA,2004,75.63
TCA,2003,75.262
TCA,2002,74.843
TCA,2001,74.409
TCA,2000,73.972
TCA,1999,73.531
TCA,1998,73.113
TCA,1997,72.713
TCA,1996,72.328
TCA,1995,71.948
TCA,1994,71.575
TCA,1993,71.194
TCA,1992,70.887
TCA,1991,70.54
TCA,1990,70.218
TCA,1989,69.916
TCA,1988,69.619
TCA,1987,69.3
TCA,1986,68.99
TCA,1985,68.669
TCA,1984,68.386
TCA,1983,68.069
TCA,1982,67.747
TCA,1981,67.439
TCA,1980,67.108
TCA,1979,66.772
TCA,1978,66.432
TCA,1977,66.025
TCA,1976,65.607
TCA,1975,65.201
TCA,1974,64.731
TCA,1973,64.228
TCA,1972,63.76
TCA,1971,63.256
TCA,1970,62.689
TCA,1969,62.135
TCA,1968,61.586
TCA,1967,61.039
TCA,1966,60.441
TCA,1965,59.806
TCA,1964,59.119
TCA,1963,58.426
TCA,1962,57.742
TCA,1961,57.087
TCA,1960,56.292
TUV,2024,67.259
TUV,2023,67.105
TUV,2022,66.852
TUV,2021,65.824
TUV,2020,66.357
TUV,2019,66.109
TUV,2018,65.871
TUV,2017,65.683
TUV,2016,65.51
TUV,2015,65.365
TUV,2014,65.278
TUV,2013,65.171
TUV,2012,65.079
TUV,2011,64.96
TUV,2010,64.834
TUV,2009,64.693
TUV,2008,64.516
TUV,2007,64.402
TUV,2006,64.247
TUV,2005,64.096
TUV,2004,63.989
TUV,2003,63.897
TUV,2002,63.825
TUV,2001,63.709
TUV,2000,63.536
TUV,1999,63.346
TUV,1998,63.162
TUV,1997,62.942
TUV,1996,62.709
TUV,1995,62.505
TUV,1994,62.317
TUV,1993,62.11
TUV,1992,60.29
TUV,1991,61.809
TUV,1990,61.643
TUV,1989,61.506
TUV,1988,61.367
TUV,1987,61.286
TUV,1986,61.207
TUV,1985,61.137
TUV,1984,61.052
TUV,1983,60.938
TUV,1982,60.746
TUV,1981,60.489
TUV,1980,60.217
TUV,1979,59.879
TUV,1978,59.571
TUV,1977,59.201
TUV,1976,58.773
TUV,1975,58.253
TUV,1974,57.693
TUV,1973,57.197
TUV,1972,54.694
TUV,1971,55.971
TUV,1970,55.347
TUV,1969,54.73
TUV,1968,54.072
TUV,1967,53.481
TUV,1966,52.809
TUV,1965,52.086
TUV,1964,51.336
TUV,1963,50.58
TUV,1962,49.779
TUV,1961,49.02
TUV,1960,48.261
UGA,2024,68.487
UGA,2023,68.252
UGA,2022,67.675
UGA,2021,66.45
UGA,2020,66.41
UGA,2019,66.354
UGA,2018,65.775
UGA,2017,65.174
UGA,2016,64.494
UGA,2015,63.831
UGA,2014,63.057
UGA,2013,62.353
UGA,2012,61.579
UGA,2011,60.791
UGA,2010,59.959
UGA,2009,59.157
UGA,2008,58.253
UGA,2007,57.248
UGA,2006,56.118
UGA,2005,54.926
UGA,2004,53.699
UGA,2003,52.414
UGA,2002,51.443
UGA,2001,50.576
UGA,2000,49.64
UGA,1999,48.977
UGA,1998,48.263
UGA,1997,48.026
UGA,1996,47.759
UGA,1995,47.706
UGA,1994,47.675
UGA,1993,47.681
UGA,1992,47.671
UGA,1991,47.549
UGA,1990,47.561
UGA,1989,47.488
UGA,1988,47.476
UGA,1987,47.36
UGA,1986,45.651
UGA,1985,45.496
UGA,1984,43.706
UGA,1983,43.489
UGA,1982,43.309
UGA,1981,43.456
UGA,1980,43.453
UGA,1979,45.385
UGA,1978,45.596
UGA,1977,45.84
UGA,1976,46.169
UGA,1975,46.517
UGA,1974,46.861
UGA,1973,46.992
UGA,1972,47.162
UGA,1971,47.147
UGA,1970,49.621
UGA,1969,49.505
UGA,1968,49.285
UGA,1967,49.006
UGA,1966,48.463
UGA,1965,48.303
UGA,1964,47.846
UGA,1963,47.378
UGA,1962,46.821
UGA,1961,46.271
UGA,1960,45.633
UKR,2024,74.692
UKR,2023,73.422
UKR,2022,72.658
UKR,2021,71.631
UKR,2020,73.283
UKR,2019,73.92
UKR,2018,73.569
UKR,2017,73.993
UKR,2016,73.389
UKR,2015,72.686
UKR,2014,71.803
UKR,2013,71.474
UKR,2012,71.09
UKR,2011,70.711
UKR,2010,70.188
UKR,2009,69.159
UKR,2008,68.262
UKR,2007,67.715
UKR,2006,67.49
UKR,2005,67.517
UKR,2004,67.472
UKR,2003,67.638
UKR,2002,67.699
UKR,2001,67.675
UKR,2000,67.786
UKR,1999,68.004
UKR,1998,67.993
UKR,1997,67.658
UKR,1996,67.097
UKR,1995,67.114
UKR,1994,67.534
UKR,1993,68.287
UKR,1992,68.947
UKR,1991,69.688
UKR,1990,70.354
UKR,1989,70.839
UKR,1988,71.04
UKR,1987,71.179
UKR,1986,70.833
UKR,1985,70.409
UKR,1984,69.992
UKR,1983,69.948
UKR,1982,69.902
UKR,1981,69.816
UKR,1980,69.759
UKR,1979,69.775
UKR,1978,69.839
UKR,1977,70.007
UKR,1976,70.144
UKR,1975,70.361
UKR,1974,70.627
UKR,1973,70.822
UKR,1972,70.966
UKR,1971,70.872
UKR,1970,70.844
UKR,1969,70.828
UKR,1968,70.968
UKR,1967,71.115
UKR,1966,71.163
UKR,1965,71.143
UKR,1964,70.972
UKR,1963,70.683
UKR,1962,70.401
UKR,1961,70.044
UKR,1960,69.388
ARE,2024,83.069
ARE,2023,82.909
ARE,2022,80.487
ARE,2021,79.083
ARE,2020,81.936
ARE,2019,82.596
ARE,2018,82.449
ARE,2017,82.388
ARE,2016,82.195
ARE,2015,82.076
ARE,2014,81.99
ARE,2013,81.95
ARE,2012,81.913
ARE,2011,81.898
ARE,2010,81.886
ARE,2009,81.679
ARE,2008,81.591
ARE,2007,81.438
ARE,2006,81.155
ARE,2005,80.779
ARE,2004,80.272
ARE,2003,79.6
ARE,2002,78.721
ARE,2001,77.621
ARE,2000,76.347
ARE,1999,74.982
ARE,1998,73.66
ARE,1997,72.559
ARE,1996,71.82
ARE,1995,71.392
ARE,1994,71.204
ARE,1993,71.159
ARE,1992,71.166
ARE,1991,71.144
ARE,1990,71.074
ARE,1989,70.96
ARE,1988,70.808
ARE,1987,70.623
ARE,1986,70.41
ARE,1985,70.123
ARE,1984,69.802
ARE,1983,69.448
ARE,1982,69.056
ARE,1981,68.622
ARE,1980,68.157
ARE,1979,67.645
ARE,1978,67.083
ARE,1977,66.471
ARE,1976,65.806
ARE,1975,65.105
ARE,1974,64.351
ARE,1973,63.542
ARE,1972,62.675
ARE,1971,61.753
ARE,1970,60.78
ARE,1969,59.764
ARE,1968,58.727
ARE,1967,57.648
ARE,1966,56.572
ARE,1965,55.512
ARE,1964,54.495
ARE,1963,53.509
ARE,1962,52.546
ARE,1961,51.596
ARE,1960,50.651
GBR,2024,81.3868536585366
GBR,2023,81.2380975609756
GBR,2022,81.0112195121951
GBR,2021,80.6473170731707
GBR,2020,80.331756097561
GBR,2019,81.3691219512195
GBR,2018,81.2560975609756
GBR,2017,81.2560975609756
GBR,2016,81.1560975609756
GBR,2015,80.9560975609756
GBR,2014,81.3048780487805
GBR,2013,81.0048780487805
GBR,2012,80.9048780487805
GBR,2011,80.9512195121951
GBR,2010,80.4024390243902
GBR,2009,80.0512195121951
GBR,2008,79.6
GBR,2007,79.4487804878049
GBR,2006,79.2487804878049
GBR,2005,79.0487804878049
GBR,2004,78.7463414634146
GBR,2003,78.4463414634146
GBR,2002,78.1439024390244
GBR,2001,77.9926829268293
GBR,2000,77.7414634146342
GBR,1999,77.390243902439
GBR,1998,77.190243902439
GBR,1997,77.2109756097561
GBR,1996,77.0878048780488
GBR,1995,76.8365853658537
GBR,1994,76.8853658536585
GBR,1993,76.3853658536585
GBR,1992,76.4341463414634
GBR,1991,76.0829268292683
GBR,1990,75.8804878048781
GBR,1989,75.5829268292683
GBR,1988,75.3804878048781
GBR,1987,75.280487804878
GBR,1986,74.9292682926829
GBR,1985,74.6292682926829
GBR,1984,74.7780487804878
GBR,1983,74.3780487804878
GBR,1982,74.1780487804878
GBR,1981,74.0268292682927
GBR,1980,73.6756097560976
GBR,1979,73.2756097560976
GBR,1978,73.1756097560976
GBR,1977,73.2243902439024
GBR,1976,72.7756097560976
GBR,1975,72.7243902439024
GBR,1974,72.5243902439024
GBR,1973,72.3243902439024
GBR,1972,72.1243902439024
GBR,1971,72.2731707317073
GBR,1970,71.9731707317073
GBR,1969,71.7219512195122
GBR,1968,71.7243902439025
GBR,1967,72.1243902439024
GBR,1966,71.5731707317073
GBR,1965,71.6243902439024
GBR,1964,71.6243902439024
GBR,1963,70.8268292682927
GBR,1962,70.9268292682927
GBR,1961,70.8780487804878
GBR,1960,71.1268292682927
USA,2024,78.890243902439
USA,2023,78.3853658536585
USA,2022,77.4341463414634
USA,2021,76.3292682926829
USA,2020,76.9804878048781
USA,2019,78.7878048780488
USA,2018,78.6390243902439
USA,2017,78.5390243902439
USA,2016,78.5390243902439
USA,2015,78.690243902439
USA,2014,78.8414634146341
USA,2013,78.7414634146342
USA,2012,78.7414634146342
USA,2011,78.6414634146341
USA,2010,78.5414634146342
USA,2009,78.390243902439
USA,2008,78.0390243902439
USA,2007,77.9878048780488
USA,2006,77.6878048780488
USA,2005,77.4878048780488
USA,2004,77.4878048780488
USA,2003,77.0365853658537
USA,2002,76.9365853658537
USA,2001,76.8365853658537
USA,2000,76.6365853658537
USA,1999,76.5829268292683
USA,1998,76.5804878048781
USA,1997,76.4292682926829
USA,1996,76.0268292682927
USA,1995,75.6219512195122
USA,1994,75.619512195122
USA,1993,75.419512195122
USA,1992,75.6170731707317
USA,1991,75.3658536585366
USA,1990,75.2146341463415
USA,1989,75.0170731707317
USA,1988,74.7658536585366
USA,1987,74.7658536585366
USA,1986,74.6146341463415
USA,1985,74.5634146341464
USA,1984,74.5634146341464
USA,1983,74.4634146341463
USA,1982,74.3609756097561
USA,1981,74.009756097561
USA,1980,73.609756097561
USA,1979,73.8048780487805
USA,1978,73.3560975609756
USA,1977,73.2560975609756
USA,1976,72.8560975609756
USA,1975,72.6048780487805
USA,1974,71.9560975609756
USA,1973,71.3560975609756
USA,1972,71.1560975609756
USA,1971,71.1073170731707
USA,1970,70.8073170731707
USA,1969,70.5073170731708
USA,1968,69.9512195121951
USA,1967,70.5609756097561
USA,1966,70.2121951219512
USA,1965,70.2146341463415
USA,1964,70.1658536585366
USA,1963,69.9170731707317
USA,1962,70.119512195122
USA,1961,70.2707317073171
USA,1960,69.7707317073171
URY,2024,78.287
URY,2023,78.138
URY,2022,76.468
URY,2021,75.434
URY,2020,78.381
URY,2019,77.503
URY,2018,77.527
URY,2017,77.618
URY,2016,77.351
URY,2015,77.285
URY,2014,77.194
URY,2013,76.953
URY,2012,76.691
URY,2011,76.614
URY,2010,76.691
URY,2009,76.67
URY,2008,76.275
URY,2007,76.15
URY,2006,75.888
URY,2005,75.829
URY,2004,75.319
URY,2003,75.086
URY,2002,74.979
URY,2001,74.987
URY,2000,74.693
URY,1999,74.293
URY,1998,74.029
URY,1997,73.92
URY,1996,73.812
URY,1995,73.493
URY,1994,73.162
URY,1993,73.147
URY,1992,73.185
URY,1991,73.198
URY,1990,72.994
URY,1989,72.628
URY,1988,72.408
URY,1987,72.196
URY,1986,72.187
URY,1985,71.861
URY,1984,71.708
URY,1983,71.595
URY,1982,71.528
URY,1981,70.952
URY,1980,70.505
URY,1979,70.255
URY,1978,70.265
URY,1977,70.081
URY,1976,69.887
URY,1975,69.705
URY,1974,69.524
URY,1973,69.348
URY,1972,69.169
URY,1971,68.926
URY,1970,68.734
URY,1969,68.581
URY,1968,68.514
URY,1967,68.407
URY,1966,68.302
URY,1965,68.2
URY,1964,68.112
URY,1963,68.023
URY,1962,67.911
URY,1961,67.81
URY,1960,67.683
UZB,2024,72.528
UZB,2023,72.388
UZB,2022,72.147
UZB,2021,71.681
UZB,2020,71.461
UZB,2019,72.093
UZB,2018,71.999
UZB,2017,71.737
UZB,2016,71.58
UZB,2015,71.33
UZB,2014,70.973
UZB,2013,70.692
UZB,2012,70.411
UZB,2011,70.143
UZB,2010,69.836
UZB,2009,69.517
UZB,2008,69.035
UZB,2007,68.483
UZB,2006,67.905
UZB,2005,67.481
UZB,2004,67.203
UZB,2003,66.852
UZB,2002,66.376
UZB,2001,65.853
UZB,2000,65.456
UZB,1999,65.307
UZB,1998,65.169
UZB,1997,65.028
UZB,1996,64.78
UZB,1995,64.67
UZB,1994,64.681
UZB,1993,64.924
UZB,1992,65.236
UZB,1991,65.529
UZB,1990,65.772
UZB,1989,65.844
UZB,1988,65.757
UZB,1987,65.486
UZB,1986,65.027
UZB,1985,64.574
UZB,1984,64.108
UZB,1983,63.75
UZB,1982,63.465
UZB,1981,63.223
UZB,1980,62.981
UZB,1979,62.707
UZB,1978,62.44
UZB,1977,62.173
UZB,1976,61.903
UZB,1975,61.632
UZB,1974,61.355
UZB,1973,61.058
UZB,1972,60.75
UZB,1971,60.417
UZB,1970,60.072
UZB,1969,59.715
UZB,1968,59.355
UZB,1967,58.993
UZB,1966,58.633
UZB,1965,58.277
UZB,1964,57.922
UZB,1963,57.564
UZB,1962,57.218
UZB,1961,56.874
UZB,1960,56.539
VUT,2024,71.654
VUT,2023,71.477
VUT,2022,71.302
VUT,2021,69.952
VUT,2020,70.385
VUT,2019,70.783
VUT,2018,70.626
VUT,2017,70.5
VUT,2016,70.397
VUT,2015,70.163
VUT,2014,70.043
VUT,2013,69.986
VUT,2012,69.898
VUT,2011,69.729
VUT,2010,69.57
VUT,2009,69.422
VUT,2008,69.302
VUT,2007,69.144
VUT,2006,69.126
VUT,2005,69.166
VUT,2004,68.985
VUT,2003,68.933
VUT,2002,68.836
VUT,2001,68.722
VUT,2000,68.586
VUT,1999,67.924
VUT,1998,68.372
VUT,1997,68.309
VUT,1996,68.176
VUT,1995,68.104
VUT,1994,67.984
VUT,1993,67.724
VUT,1992,67.433
VUT,1991,67.114
VUT,1990,66.684
VUT,1989,66.023
VUT,1988,65.699
VUT,1987,64.439
VUT,1986,64.618
VUT,1985,63.927
VUT,1984,63.519
VUT,1983,63.075
VUT,1982,62.54
VUT,1981,61.95
VUT,1980,61.322
VUT,1979,60.893
VUT,1978,59.881
VUT,1977,59.247
VUT,1976,58.664
VUT,1975,58.133
VUT,1974,57.572
VUT,1973,57.001
VUT,1972,56.372
VUT,1971,55.88
VUT,1970,55.311
VUT,1969,54.761
VUT,1968,54.23
VUT,1967,53.667
VUT,1966,53.09
VUT,1965,52.527
VUT,1964,51.969
VUT,1963,51.485
VUT,1962,50.931
VUT,1961,50.384
VUT,1960,49.841
VEN,2024,72.673
VEN,2023,72.514
VEN,2022,72.566
VEN,2021,71.536
VEN,2020,72.369
VEN,2019,72.766
VEN,2018,72.641
VEN,2017,71.903
VEN,2016,72.002
VEN,2015,73.004
VEN,2014,72.837
VEN,2013,73.076
VEN,2012,73.086
VEN,2011,73.09
VEN,2010,73.092
VEN,2009,72.785
VEN,2008,72.578
VEN,2007,73.348
VEN,2006,72.972
VEN,2005,73.075
VEN,2004,72.752
VEN,2003,72.056
VEN,2002,72.823
VEN,2001,71.019
VEN,2000,72.388
VEN,1999,72.088
VEN,1998,72.446
VEN,1997,72.56
VEN,1996,71.92
VEN,1995,71.714
VEN,1994,71.283
VEN,1993,71.385
VEN,1992,71.177
VEN,1991,71.172
VEN,1990,70.964
VEN,1989,70.805
VEN,1988,70.762
VEN,1987,70.673
VEN,1986,70.528
VEN,1985,69.961
VEN,1984,69.672
VEN,1983,69.541
VEN,1982,68.985
VEN,1981,68.697
VEN,1980,68.179
VEN,1979,68.226
VEN,1978,68.108
VEN,1977,67.726
VEN,1976,67.266
VEN,1975,66.686
VEN,1974,66.223
VEN,1973,65.74
VEN,1972,65.555
VEN,1971,65.184
VEN,1970,64.816
VEN,1969,63.84
VEN,1968,63.908
VEN,1967,63.55
VEN,1966,62.894
VEN,1965,61.909
VEN,1964,61.168
VEN,1963,60.502
VEN,1962,59.667
VEN,1961,59.115
VEN,1960,58.376
VNM,2024,74.736
VNM,2023,74.588
VNM,2022,74.502
VNM,2021,74.145
VNM,2020,75.383
VNM,2019,74.211
VNM,2018,74.1
VNM,2017,74.026
VNM,2016,73.984
VNM,2015,73.955
VNM,2014,73.886
VNM,2013,73.821
VNM,2012,73.762
VNM,2011,73.713
VNM,2010,73.611
VNM,2009,73.525
VNM,2008,73.455
VNM,2007,73.385
VNM,2006,73.293
VNM,2005,73.198
VNM,2004,73.062
VNM,2003,73.236
VNM,2002,73.138
VNM,2001,72.984
VNM,2000,72.746
VNM,1999,72.575
VNM,1998,72.283
VNM,1997,71.67
VNM,1996,71.296
VNM,1995,70.871
VNM,1994,70.379
VNM,1993,69.957
VNM,1992,69.62
VNM,1991,69.303
VNM,1990,69.027
VNM,1989,68.805
VNM,1988,68.585
VNM,1987,68.005
VNM,1986,67.55
VNM,1985,67.192
VNM,1984,66.929
VNM,1983,66.545
VNM,1982,66.212
VNM,1981,65.779
VNM,1980,65.338
VNM,1979,64.986
VNM,1978,64.529
VNM,1977,64.07
VNM,1976,63.669
VNM,1975,61.865
VNM,1974,54.751
VNM,1973,55.677
VNM,1972,51.913
VNM,1971,55.585
VNM,1970,54.93
VNM,1969,54.791
VNM,1968,52.668
VNM,1967,56.745
VNM,1966,56.914
VNM,1965,56.967
VNM,1964,57.473
VNM,1963,56.897
VNM,1962,58.204
VNM,1961,58.461
VNM,1960,58.046
VIR,2024,80.7707317073171
VIR,2023,80.519512195122
VIR,2022,80.319512195122
VIR,2021,80.0682926829268
VIR,2020,79.819512195122
VIR,2019,79.6682926829268
VIR,2018,79.5195121951219
VIR,2017,79.3682926829268
VIR,2016,79.1682926829268
VIR,2015,79.0170731707317
VIR,2014,78.8682926829268
VIR,2013,78.7170731707317
VIR,2012,78.5170731707317
VIR,2011,78.3170731707317
VIR,2010,77.8658536585366
VIR,2009,77.5146341463415
VIR,2008,77.1634146341463
VIR,2007,76.8634146341463
VIR,2006,78.3243902439024
VIR,2005,77.4219512195122
VIR,2004,77.7731707317073
VIR,2003,77.5219512195122
VIR,2002,77.5219512195122
VIR,2001,77.6219512195122
VIR,2000,76.619512195122
VIR,1999,71.1116097560976
VIR,1998,71.2462682926829
VIR,1997,70.9152195121951
VIR,1996,71.575512195122
VIR,1995,71.1666097560976
VIR,1994,71.2246341463415
VIR,1993,71.0782682926829
VIR,1992,70.9626097560976
VIR,1991,70.8079268292683
VIR,1990,70.6799756097561
VIR,1989,70.5269512195122
VIR,1988,70.3924146341463
VIR,1987,70.1746585365854
VIR,1986,69.94
VIR,1985,69.6470975609756
VIR,1984,69.5030487804878
VIR,1983,69.3093902439024
VIR,1982,69.0786585365854
VIR,1981,68.8704634146341
VIR,1980,68.6948780487805
VIR,1979,68.4648048780488
VIR,1978,68.2636829268293
VIR,1977,68.0731707317073
VIR,1976,67.8731707317073
VIR,1975,67.6790975609756
VIR,1974,67.407512195122
VIR,1973,67.1374390243903
VIR,1972,65.5663170731708
VIR,1971,67.098487804878
VIR,1970,66.5014390243902
VIR,1969,65.8457073170732
VIR,1968,65.1755365853659
VIR,1967,64.4256097560976
VIR,1966,63.6770731707317
VIR,1965,64.7879268292683
VIR,1964,64.1249268292683
VIR,1963,61.4347073170732
VIR,1962,62.6680243902439
VIR,1961,63.1217073170732
VIR,1960,62.7435365853659
PSE,2024,69.213
PSE,2023,65.17
PSE,2022,76.662
PSE,2021,73.89
PSE,2020,74.998
PSE,2019,75.811
PSE,2018,75.38
PSE,2017,75.216
PSE,2016,74.917
PSE,2015,74.577
PSE,2014,72.781
PSE,2013,74.14
PSE,2012,73.722
PSE,2011,73.557
PSE,2010,73.302
PSE,2009,72.306
PSE,2008,72.204
PSE,2007,72.064
PSE,2006,71.831
PSE,2005,72.004
PSE,2004,71.094
PSE,2003,70.967
PSE,2002,70.88
PSE,2001,69.75
PSE,2000,70.298
PSE,1999,70.789
PSE,1998,70.564
PSE,1997,70.328
PSE,1996,69.982
PSE,1995,69.583
PSE,1994,69.328
PSE,1993,68.759
PSE,1992,68.478
PSE,1991,68.222
PSE,1990,67.803
YEM,2024,69.439
YEM,2023,69.295
YEM,2022,67.952
YEM,2021,66.019
YEM,2020,66.435
YEM,2019,66.567
YEM,2018,65.915
YEM,2017,67.12
YEM,2016,67.105
YEM,2015,66.761
YEM,2014,68.003
YEM,2013,67.961
YEM,2012,67.569
YEM,2011,67.412
YEM,2010,67.223
YEM,2009,66.905
YEM,2008,66.609
YEM,2007,66.23
YEM,2006,65.8
YEM,2005,65.356
YEM,2004,64.881
YEM,2003,64.407
YEM,2002,63.807
YEM,2001,63.286
YEM,2000,62.761
YEM,1999,62.275
YEM,1998,61.788
YEM,1997,61.34
YEM,1996,60.884
YEM,1995,60.532
YEM,1994,59.828
YEM,1993,59.655
YEM,1992,59.26
YEM,1991,58.805
YEM,1990,58.528
YEM,1989,58.025
YEM,1988,57.43
YEM,1987,56.828
YEM,1986,54.002
YEM,1985,55.418
YEM,1984,54.586
YEM,1983,53.618
YEM,1982,52.367
YEM,1981,51.679
YEM,1980,50.608
YEM,1979,49.531
YEM,1978,48.484
YEM,1977,47.442
YEM,1976,46.441
YEM,1975,45.475
YEM,1974,44.541
YEM,1973,43.603
YEM,1972,42.688
YEM,1971,41.757
YEM,1970,40.573
YEM,1969,39.61
YEM,1968,37.99
YEM,1967,37.079
YEM,1966,36.264
YEM,1965,35.592
YEM,1964,34.907
YEM,1963,33.431
YEM,1962,33.669
YEM,1961,34.058
YEM,1960,33.462
ZMB,2024,66.528
ZMB,2023,66.349
ZMB,2022,65.279
ZMB,2021,62.363
ZMB,2020,63.361
ZMB,2019,62.914
ZMB,2018,62.138
ZMB,2017,61.564
ZMB,2016,61.129
ZMB,2015,60.728
ZMB,2014,60.109
ZMB,2013,59.445
ZMB,2012,58.704
ZMB,2011,57.843
ZMB,2010,56.896
ZMB,2009,55.886
ZMB,2008,54.835
ZMB,2007,53.73
ZMB,2006,52.693
ZMB,2005,51.615
ZMB,2004,50.54
ZMB,2003,49.616
ZMB,2002,48.461
ZMB,2001,47.408
ZMB,2000,46.577
ZMB,1999,45.924
ZMB,1998,45.709
ZMB,1997,45.743
ZMB,1996,45.757
ZMB,1995,46.051
ZMB,1994,46.344
ZMB,1993,46.678
ZMB,1992,46.968
ZMB,1991,47.443
ZMB,1990,48.204
ZMB,1989,48.882
ZMB,1988,49.674
ZMB,1987,50.421
ZMB,1986,51.149
ZMB,1985,52.001
ZMB,1984,52.877
ZMB,1983,53.674
ZMB,1982,54.361
ZMB,1981,54.986
ZMB,1980,55.496
ZMB,1979,56.05
ZMB,1978,56.335
ZMB,1977,56.281
ZMB,1976,56.102
ZMB,1975,55.742
ZMB,1974,55.377
ZMB,1973,54.913
ZMB,1972,54.375
ZMB,1971,53.887
ZMB,1970,53.404
ZMB,1969,53.044
ZMB,1968,52.719
ZMB,1967,52.512
ZMB,1966,52.29
ZMB,1965,52.079
ZMB,1964,51.17
ZMB,1963,51.605
ZMB,1962,51.331
ZMB,1961,51.041
ZMB,1960,50.648
ZWE,2024,63.064
ZWE,2023,62.775
ZWE,2022,62.36
ZWE,2021,60.135
ZWE,2020,61.53
ZWE,2019,61.06
ZWE,2018,60.906
ZWE,2017,60.263
ZWE,2016,59.76
ZWE,2015,58.989
ZWE,2014,58.106
ZWE,2013,56.842
ZWE,2012,55.386
ZWE,2011,53.911
ZWE,2010,51.925
ZWE,2009,49.75
ZWE,2008,48.456
ZWE,2007,47.576
ZWE,2006,47.056
ZWE,2005,46.57
ZWE,2004,46.043
ZWE,2003,45.373
ZWE,2002,45.938
ZWE,2001,44.525
ZWE,2000,46.034
ZWE,1999,46.379
ZWE,1998,47.551
ZWE,1997,48.536
ZWE,1996,48.981
ZWE,1995,51.144
ZWE,1994,52.537
ZWE,1993,53.976
ZWE,1992,55.602
ZWE,1991,57.037
ZWE,1990,58.319
ZWE,1989,59.446
ZWE,1988,60.241
ZWE,1987,60.724
ZWE,1986,60.982
ZWE,1985,60.901
ZWE,1984,60.622
ZWE,1983,59.989
ZWE,1982,59.859
ZWE,1981,59.446
ZWE,1980,59.062
ZWE,1979,54.918
ZWE,1978,54.73
ZWE,1977,56.996
ZWE,1976,57.628
ZWE,1975,58.249
ZWE,1974,58.194
ZWE,1973,58.087
ZWE,1972,58.175
ZWE,1971,57.996
ZWE,1970,57.761
ZWE,1969,57.481
ZWE,1968,57.145
ZWE,1967,56.766
ZWE,1966,56.359
ZWE,1965,55.905
ZWE,1964,55.431
ZWE,1963,54.942
ZWE,1962,54.453
ZWE,1961,53.966
ZWE,1960,53.492
