iso3,year,net_migration
AFE,2025,114862
AFE,2024,-670014
AFE,2023,-989975
AFE,2022,-220428
AFE,2021,187508
AFE,2020,340127
AFE,2019,100706
AFE,2018,327087
AFE,2017,340934
AFE,2016,-799850
AFE,2015,151528
AFE,2014,-414158
AFE,2013,-91530
AFE,2012,-174216
AFE,2011,-712363
AFE,2010,-413050
AFE,2009,-479929
AFE,2008,-438568
AFE,2007,-530023
AFE,2006,-581942
AFE,2005,-568306
AFE,2004,-472255
AFE,2003,-517323
AFE,2002,-531528
AFE,2001,-592931
AFE,2000,-688533
AFE,1999,-471938
AFE,1998,-225429
AFE,1997,-760003
AFE,1996,-719150
AFE,1995,-283365
AFE,1994,-153050
AFE,1993,250990
AFE,1992,-208254
AFE,1991,-539801
AFE,1990,47976
AFE,1989,-143960
AFE,1988,-230030
AFE,1987,208800
AFE,1986,187193
AFE,1985,344728
AFE,1984,400951
AFE,1983,468187
AFE,1982,514670
AFE,1981,514791
AFE,1980,-72573
AFE,1979,109460
AFE,1978,609149
AFE,1977,-432016
AFE,1976,-60672
AFE,1975,33607
AFE,1974,54059
AFE,1973,208461
AFE,1972,-120416
AFE,1971,-91106
AFE,1970,-12781
AFE,1969,-18615
AFE,1968,37258
AFE,1967,28506
AFE,1966,5881
AFE,1965,7627
AFE,1964,22280
AFE,1963,-42809
AFE,1962,-56414
AFE,1961,-38646
AFE,1960,-102704
AFW,2025,-338771
AFW,2024,-10854
AFW,2023,314264
AFW,2022,-145638
AFW,2021,-205590
AFW,2020,-70880
AFW,2019,-286139
AFW,2018,-219801
AFW,2017,-140472
AFW,2016,-7032
AFW,2015,-297137
AFW,2014,-223029
AFW,2013,-407361
AFW,2012,-534476
AFW,2011,-240569
AFW,2010,-292290
AFW,2009,-216974
AFW,2008,-239683
AFW,2007,-196973
AFW,2006,-212215
AFW,2005,-127026
AFW,2004,-26768
AFW,2003,-74302
AFW,2002,4206
AFW,2001,-2037
AFW,2000,21109
AFW,1999,-118430
AFW,1998,128891
AFW,1997,133194
AFW,1996,-71428
AFW,1995,112264
AFW,1994,-74203
AFW,1993,-292287
AFW,1992,39350
AFW,1991,-43882
AFW,1990,-482218
AFW,1989,-28470
AFW,1988,-68552
AFW,1987,-125058
AFW,1986,-143659
AFW,1985,-180900
AFW,1984,-281239
AFW,1983,-657714
AFW,1982,43602
AFW,1981,-18826
AFW,1980,-94343
AFW,1979,-40641
AFW,1978,-56459
AFW,1977,-65322
AFW,1976,-141841
AFW,1975,-2052
AFW,1974,-1121
AFW,1973,-51583
AFW,1972,-56095
AFW,1971,-86862
AFW,1970,6280
AFW,1969,48124
AFW,1968,-38874
AFW,1967,-26682
AFW,1966,-49176
AFW,1965,-31079
AFW,1964,-48455
AFW,1963,-32310
AFW,1962,-31675
AFW,1961,-36991
AFW,1960,-759
ARB,2025,696991
ARB,2024,519176
ARB,2023,482824
ARB,2022,2684826
ARB,2021,471864
ARB,2020,-280925
ARB,2019,-51896
ARB,2018,-591361
ARB,2017,-994068
ARB,2016,132220
ARB,2015,364082
ARB,2014,575497
ARB,2013,735533
ARB,2012,577194
ARB,2011,223817
ARB,2010,156222
ARB,2009,504368
ARB,2008,872244
ARB,2007,1108146
ARB,2006,705074
ARB,2005,548882
ARB,2004,453391
ARB,2003,183300
ARB,2002,426252
ARB,2001,349835
ARB,2000,468890
ARB,1999,130302
ARB,1998,184835
ARB,1997,135363
ARB,1996,-157055
ARB,1995,52606
ARB,1994,-98479
ARB,1993,830289
ARB,1992,-49421
ARB,1991,-277703
ARB,1990,-1433172
ARB,1989,-197544
ARB,1988,-429193
ARB,1987,29819
ARB,1986,218394
ARB,1985,37797
ARB,1984,286793
ARB,1983,197650
ARB,1982,246342
ARB,1981,-11074
ARB,1980,554470
ARB,1979,844834
ARB,1978,720749
ARB,1977,186915
ARB,1976,331843
ARB,1975,391471
ARB,1974,-4921
ARB,1973,142378
ARB,1972,-58693
ARB,1971,-74130
ARB,1970,-44956
ARB,1969,7998
ARB,1968,6095
ARB,1967,-31282
ARB,1966,-50731
ARB,1965,-184588
ARB,1964,-160755
ARB,1963,-162496
ARB,1962,-120111
ARB,1961,-145513
ARB,1960,-78553
CSS,2025,-5294
CSS,2024,-4935
CSS,2023,-4680
CSS,2022,2737
CSS,2021,3618
CSS,2020,-2468
CSS,2019,-40925
CSS,2018,64330
CSS,2017,-4667
CSS,2016,-6612
CSS,2015,-6976
CSS,2014,-8043
CSS,2013,-6395
CSS,2012,-8556
CSS,2011,-14685
CSS,2010,-16092
CSS,2009,-15529
CSS,2008,-15915
CSS,2007,-15915
CSS,2006,-15868
CSS,2005,-16904
CSS,2004,-16581
CSS,2003,-12372
CSS,2002,-14717
CSS,2001,-17513
CSS,2000,-20051
CSS,1999,-19769
CSS,1998,-20367
CSS,1997,-21260
CSS,1996,-22034
CSS,1995,-22740
CSS,1994,-27678
CSS,1993,-32863
CSS,1992,-31271
CSS,1991,-35417
CSS,1990,-46122
CSS,1989,-43630
CSS,1988,-42602
CSS,1987,-45643
CSS,1986,-43598
CSS,1985,-42614
CSS,1984,-47448
CSS,1983,-48100
CSS,1982,-47563
CSS,1981,-46337
CSS,1980,-43209
CSS,1979,-45475
CSS,1978,-44274
CSS,1977,-43617
CSS,1976,-43286
CSS,1975,-43283
CSS,1974,-44267
CSS,1973,-43938
CSS,1972,-42902
CSS,1971,-28646
CSS,1970,-27501
CSS,1969,-21181
CSS,1968,-20891
CSS,1967,-22343
CSS,1966,-23748
CSS,1965,-24803
CSS,1964,-25030
CSS,1963,-21929
CSS,1962,-21343
CSS,1961,-24316
CSS,1960,-19498
CEB,2025,-568786
CEB,2024,-366194
CEB,2023,83236
CEB,2022,1701818
CEB,2021,36967
CEB,2020,79111
CEB,2019,36399
CEB,2018,-5347
CEB,2017,-105389
CEB,2016,-112017
CEB,2015,-70563
CEB,2014,-50434
CEB,2013,-53400
CEB,2012,-78436
CEB,2011,-141804
CEB,2010,-103905
CEB,2009,-173417
CEB,2008,-190262
CEB,2007,-169376
CEB,2006,-193602
CEB,2005,-195739
CEB,2004,-161032
CEB,2003,-122185
CEB,2002,-119846
CEB,2001,-130075
CEB,2000,-196924
CEB,1999,-200276
CEB,1998,-208220
CEB,1997,-224598
CEB,1996,-216086
CEB,1995,-228410
CEB,1994,-231755
CEB,1993,-256064
CEB,1992,-377048
CEB,1991,-256676
CEB,1990,-215793
CEB,1989,-250743
CEB,1988,-110371
CEB,1987,-53525
CEB,1986,-26749
CEB,1985,-62241
CEB,1984,-36311
CEB,1983,-18260
CEB,1982,-45311
CEB,1981,-42984
CEB,1980,-69940
CEB,1979,-42249
CEB,1978,-145581
CEB,1977,-56839
CEB,1976,2098
CEB,1975,-46208
CEB,1974,3913
CEB,1973,39568
CEB,1972,49682
CEB,1971,49990
CEB,1970,2460
CEB,1969,51875
CEB,1968,31277
CEB,1967,18789
CEB,1966,-41319
CEB,1965,-80692
CEB,1964,-74612
CEB,1963,-63792
CEB,1962,-82854
CEB,1961,-60353
CEB,1960,-58018
EAR,2025,-3033032
EAR,2024,-2919860
EAR,2023,-2806208
EAR,2022,-2358411
EAR,2021,-1734630
EAR,2020,-2085062
EAR,2019,-3682277
EAR,2018,-5097600
EAR,2017,-5100703
EAR,2016,-5251285
EAR,2015,-3634629
EAR,2014,-3657459
EAR,2013,-4477911
EAR,2012,-3905532
EAR,2011,-3435478
EAR,2010,-2324365
EAR,2009,-2549650
EAR,2008,-4140674
EAR,2007,-2261490
EAR,2006,-1654859
EAR,2005,-3054076
EAR,2004,-2045629
EAR,2003,-2529975
EAR,2002,-4416227
EAR,2001,-2270822
EAR,2000,-1662886
EAR,1999,-1974316
EAR,1998,-1382724
EAR,1997,-668291
EAR,1996,167717
EAR,1995,-859564
EAR,1994,-4220330
EAR,1993,-2672434
EAR,1992,-1587026
EAR,1991,-562975
EAR,1990,970041
EAR,1989,-582510
EAR,1988,-466682
EAR,1987,-209474
EAR,1986,-519191
EAR,1985,-283409
EAR,1984,-419187
EAR,1983,257376
EAR,1982,209750
EAR,1981,1918790
EAR,1980,-238420
EAR,1979,-599820
EAR,1978,-1649672
EAR,1977,-996916
EAR,1976,-630949
EAR,1975,-428134
EAR,1974,-732902
EAR,1973,-1227973
EAR,1972,-1055721
EAR,1971,-1476833
EAR,1970,-564509
EAR,1969,-1219889
EAR,1968,-1203615
EAR,1967,-336316
EAR,1966,-851063
EAR,1965,-601687
EAR,1964,-251670
EAR,1963,-114089
EAR,1962,-182048
EAR,1961,137395
EAR,1960,46031
EAS,2025,-37630
EAS,2024,-117023
EAS,2023,-326194
EAS,2022,98599
EAS,2021,-509583
EAS,2020,-27575
EAS,2019,87628
EAS,2018,495816
EAS,2017,638078
EAS,2016,661801
EAS,2015,-211377
EAS,2014,169408
EAS,2013,343334
EAS,2012,812582
EAS,2011,41658
EAS,2010,268353
EAS,2009,163850
EAS,2008,-83945
EAS,2007,-163075
EAS,2006,-348736
EAS,2005,-319362
EAS,2004,-1067145
EAS,2003,-958969
EAS,2002,-1009626
EAS,2001,-309339
EAS,2000,-65727
EAS,1999,-183876
EAS,1998,550618
EAS,1997,454195
EAS,1996,405997
EAS,1995,75959
EAS,1994,-343989
EAS,1993,-353094
EAS,1992,231993
EAS,1991,-737242
EAS,1990,508029
EAS,1989,-61486
EAS,1988,80767
EAS,1987,261004
EAS,1986,114101
EAS,1985,-51031
EAS,1984,-45360
EAS,1983,106912
EAS,1982,-140213
EAS,1981,-233412
EAS,1980,-366067
EAS,1979,-474468
EAS,1978,-261839
EAS,1977,-153066
EAS,1976,-297939
EAS,1975,-372704
EAS,1974,-422547
EAS,1973,-459620
EAS,1972,-357865
EAS,1971,-173644
EAS,1970,13533
EAS,1969,234885
EAS,1968,211383
EAS,1967,-195209
EAS,1966,-104386
EAS,1965,-245021
EAS,1964,-134097
EAS,1963,-435635
EAS,1962,-418395
EAS,1961,-345103
EAS,1960,-40790
EAP,2025,-408528
EAP,2024,-476494
EAP,2023,-746222
EAP,2022,-517633
EAP,2021,-369368
EAP,2020,-105012
EAP,2019,-645228
EAP,2018,-255673
EAP,2017,-126551
EAP,2016,-123501
EAP,2015,-1000530
EAP,2014,-528520
EAP,2013,-351854
EAP,2012,87349
EAP,2011,-655632
EAP,2010,-193531
EAP,2009,-375018
EAP,2008,-719190
EAP,2007,-763351
EAP,2006,-844152
EAP,2005,-644475
EAP,2004,-1296139
EAP,2003,-1130524
EAP,2002,-1199125
EAP,2001,-555874
EAP,2000,-180196
EAP,1999,-316682
EAP,1998,398779
EAP,1997,281314
EAP,1996,231802
EAP,1995,-58220
EAP,1994,-489036
EAP,1993,-456650
EAP,1992,144582
EAP,1991,-841889
EAP,1990,148408
EAP,1989,-421736
EAP,1988,-297012
EAP,1987,-86717
EAP,1986,-186311
EAP,1985,-87018
EAP,1984,30151
EAP,1983,157476
EAP,1982,-73720
EAP,1981,-188456
EAP,1980,-282759
EAP,1979,-366545
EAP,1978,-213628
EAP,1977,-109587
EAP,1976,-253698
EAP,1975,-366755
EAP,1974,-576145
EAP,1973,-557682
EAP,1972,-471824
EAP,1971,-416037
EAP,1970,-527102
EAP,1969,-189659
EAP,1968,-184423
EAP,1967,966792
EAP,1966,-275180
EAP,1965,-378976
EAP,1964,-1307774
EAP,1963,-117879
EAP,1962,-99033
EAP,1961,-91793
EAP,1960,-102382
TEA,2025,-405879
TEA,2024,-474156
TEA,2023,-744392
TEA,2022,-515800
TEA,2021,-367941
TEA,2020,-103641
TEA,2019,-642303
TEA,2018,-252614
TEA,2017,-123475
TEA,2016,-120419
TEA,2015,-997419
TEA,2014,-525554
TEA,2013,-349002
TEA,2012,89843
TEA,2011,-653286
TEA,2010,-191116
TEA,2009,-372591
TEA,2008,-716760
TEA,2007,-760937
TEA,2006,-841793
TEA,2005,-642081
TEA,2004,-1293512
TEA,2003,-1127935
TEA,2002,-1196542
TEA,2001,-553177
TEA,2000,-177170
TEA,1999,-313223
TEA,1998,402548
TEA,1997,285147
TEA,1996,235422
TEA,1995,-55069
TEA,1994,-488504
TEA,1993,-456651
TEA,1992,144654
TEA,1991,-841696
TEA,1990,148584
TEA,1989,-421599
TEA,1988,-296857
TEA,1987,-86565
TEA,1986,-186155
TEA,1985,-86831
TEA,1984,30306
TEA,1983,157615
TEA,1982,-73558
TEA,1981,-188292
TEA,1980,-282894
TEA,1979,-366788
TEA,1978,-213873
TEA,1977,-109847
TEA,1976,-253994
TEA,1975,-367051
TEA,1974,-576427
TEA,1973,-557660
TEA,1972,-471677
TEA,1971,-415881
TEA,1970,-527048
TEA,1969,-189736
TEA,1968,-184437
TEA,1967,966614
TEA,1966,-275230
TEA,1965,-378774
TEA,1964,-1307598
TEA,1963,-117739
TEA,1962,-98929
TEA,1961,-91738
TEA,1960,-102376
EMU,2025,102179
EMU,2024,455332
EMU,2023,1218918
EMU,2022,2659051
EMU,2021,935923
EMU,2020,1014285
EMU,2019,1313668
EMU,2018,1241997
EMU,2017,1046673
EMU,2016,906409
EMU,2015,1400654
EMU,2014,684778
EMU,2013,482341
EMU,2012,356686
EMU,2011,588107
EMU,2010,545298
EMU,2009,645608
EMU,2008,1079441
EMU,2007,1548655
EMU,2006,703411
EMU,2005,1316900
EMU,2004,1512197
EMU,2003,1633724
EMU,2002,1576731
EMU,2001,936840
EMU,2000,728972
EMU,1999,766084
EMU,1998,-391457
EMU,1997,344932
EMU,1996,501493
EMU,1995,79180
EMU,1994,959943
EMU,1993,673684
EMU,1992,1007734
EMU,1991,775161
EMU,1990,706722
EMU,1989,743301
EMU,1988,649678
EMU,1987,276394
EMU,1986,332386
EMU,1985,208129
EMU,1984,-35912
EMU,1983,35003
EMU,1982,-14125
EMU,1981,281464
EMU,1980,845160
EMU,1979,464488
EMU,1978,258343
EMU,1977,236532
EMU,1976,205291
EMU,1975,-5615
EMU,1974,232891
EMU,1973,638010
EMU,1972,619171
EMU,1971,682117
EMU,1970,-437842
EMU,1969,374317
EMU,1968,172941
EMU,1967,-361750
EMU,1966,84801
EMU,1965,152790
EMU,1964,-22028
EMU,1963,135838
EMU,1962,174397
EMU,1961,-197600
EMU,1960,-104541
ECS,2025,1180849
ECS,2024,1256850
ECS,2023,1176758
ECS,2022,-157949
ECS,2021,1733764
ECS,2020,1538379
ECS,2019,1850271
ECS,2018,1964911
ECS,2017,2358700
ECS,2016,2054153
ECS,2015,3131478
ECS,2014,2153574
ECS,2013,1397555
ECS,2012,1015653
ECS,2011,1061485
ECS,2010,1059732
ECS,2009,1013530
ECS,2008,1397409
ECS,2007,1687859
ECS,2006,847456
ECS,2005,1213762
ECS,2004,1526958
ECS,2003,1705322
ECS,2002,2691772
ECS,2001,784227
ECS,2000,755617
ECS,1999,294627
ECS,1998,-1326106
ECS,1997,-316289
ECS,1996,91031
ECS,1995,-115098
ECS,1994,885171
ECS,1993,80587
ECS,1992,-1152430
ECS,1991,490542
ECS,1990,533566
ECS,1989,479788
ECS,1988,709495
ECS,1987,240030
ECS,1986,356133
ECS,1985,260169
ECS,1984,-958
ECS,1983,74582
ECS,1982,-162755
ECS,1981,-123133
ECS,1980,560593
ECS,1979,129313
ECS,1978,289186
ECS,1977,364661
ECS,1976,351469
ECS,1975,-171551
ECS,1974,41340
ECS,1973,461232
ECS,1972,568530
ECS,1971,650478
ECS,1970,-773702
ECS,1969,508554
ECS,1968,383678
ECS,1967,-174401
ECS,1966,232610
ECS,1965,114143
ECS,1964,-15000
ECS,1963,176860
ECS,1962,250566
ECS,1961,-119142
ECS,1960,-148155
ECA,2025,1292410
ECA,2024,738424
ECA,2023,-700818
ECA,2022,-5779610
ECA,2021,-142173
ECA,2020,-72867
ECA,2019,-192835
ECA,2018,-43852
ECA,2017,478993
ECA,2016,159523
ECA,2015,794379
ECA,2014,697221
ECA,2013,186549
ECA,2012,29785
ECA,2011,-202066
ECA,2010,-292154
ECA,2009,-317840
ECA,2008,-389071
ECA,2007,-588331
ECA,2006,-429284
ECA,2005,-635706
ECA,2004,-499111
ECA,2003,-406473
ECA,2002,-461874
ECA,2001,-596927
ECA,2000,-657772
ECA,1999,-951345
ECA,1998,-1535851
ECA,1997,-1177326
ECA,1996,-986186
ECA,1995,-943167
ECA,1994,-1390793
ECA,1993,-1126234
ECA,1992,-1046164
ECA,1991,-485732
ECA,1990,-562278
ECA,1989,-382289
ECA,1988,-137267
ECA,1987,-300064
ECA,1986,-272449
ECA,1985,-284245
ECA,1984,-255139
ECA,1983,-164024
ECA,1982,-173382
ECA,1981,-338316
ECA,1980,-230166
ECA,1979,-322600
ECA,1978,-6948
ECA,1977,75089
ECA,1976,83962
ECA,1975,-135967
ECA,1974,-80199
ECA,1973,-74418
ECA,1972,-6933
ECA,1971,50048
ECA,1970,-104690
ECA,1969,137436
ECA,1968,282314
ECA,1967,288977
ECA,1966,290403
ECA,1965,180176
ECA,1964,216815
ECA,1963,201260
ECA,1962,167970
ECA,1961,185063
ECA,1960,207619
TEC,2025,674285
TEC,2024,289192
TEC,2023,-693240
TEC,2022,-3918982
TEC,2021,163698
TEC,2020,273560
TEC,2019,108051
TEC,2018,233990
TEC,2017,770330
TEC,2016,526794
TEC,2015,1115543
TEC,2014,916689
TEC,2013,446344
TEC,2012,251680
TEC,2011,9670
TEC,2010,-13003
TEC,2009,-131572
TEC,2008,-225987
TEC,2007,-414411
TEC,2006,-326905
TEC,2005,-549089
TEC,2004,-391399
TEC,2003,-276474
TEC,2002,771594
TEC,2001,-456543
TEC,2000,-289583
TEC,1999,-782766
TEC,1998,-1199784
TEC,1997,-844763
TEC,1996,-590371
TEC,1995,-419962
TEC,1994,-308895
TEC,1993,-810873
TEC,1992,-2454263
TEC,1991,-603717
TEC,1990,-458190
TEC,1989,-482181
TEC,1988,-10530
TEC,1987,-92318
TEC,1986,-54501
TEC,1985,-72696
TEC,1984,-46419
TEC,1983,16955
TEC,1982,-99952
TEC,1981,-335613
TEC,1980,-286345
TEC,1979,-386765
TEC,1978,-62527
TEC,1977,116480
TEC,1976,180923
TEC,1975,-123556
TEC,1974,-152984
TEC,1973,-166414
TEC,1972,-89758
TEC,1971,-55476
TEC,1970,-377768
TEC,1969,114900
TEC,1968,217858
TEC,1967,180813
TEC,1966,129942
TEC,1965,-46649
TEC,1964,-16138
TEC,1963,-40024
TEC,1962,-98238
TEC,1961,-100161
TEC,1960,-111859
EUU,2025,-317019
EUU,2024,194612
EUU,2023,1304104
EUU,2022,4206655
EUU,2021,1023760
EUU,2020,1066639
EUU,2019,1415454
EUU,2018,1355231
EUU,2017,1145236
EUU,2016,1025819
EUU,2015,1510501
EUU,2014,777635
EUU,2013,559014
EUU,2012,414115
EUU,2011,609533
EUU,2010,656784
EUU,2009,627112
EUU,2008,1020991
EUU,2007,1481382
EUU,2006,610067
EUU,2005,1220827
EUU,2004,1430224
EUU,2003,1583811
EUU,2002,1523588
EUU,2001,902221
EUU,2000,673775
EUU,1999,672703
EUU,1998,-469967
EUU,1997,251134
EUU,1996,429796
EUU,1995,14377
EUU,1994,925723
EUU,1993,618277
EUU,1992,953041
EUU,1991,741577
EUU,1990,676023
EUU,1989,689362
EUU,1988,512426
EUU,1987,211200
EUU,1986,268980
EUU,1985,157102
EUU,1984,-83647
EUU,1983,-2589
EUU,1982,-68620
EUU,1981,228666
EUU,1980,780858
EUU,1979,436045
EUU,1978,182960
EUU,1977,201955
EUU,1976,218630
EUU,1975,-25336
EUU,1974,227336
EUU,1973,660745
EUU,1972,656858
EUU,1971,723385
EUU,1970,-374042
EUU,1969,469469
EUU,1968,191190
EUU,1967,-345800
EUU,1966,59715
EUU,1965,92966
EUU,1964,-86748
EUU,1963,69020
EUU,1962,92127
EUU,1961,-261762
EUU,1960,-167571
HPC,2025,-391317
HPC,2024,-831646
HPC,2023,-1289786
HPC,2022,-1179293
HPC,2021,-766332
HPC,2020,34689
HPC,2019,-459340
HPC,2018,-199917
HPC,2017,416795
HPC,2016,506374
HPC,2015,-698719
HPC,2014,-109833
HPC,2013,-802449
HPC,2012,-1108028
HPC,2011,-965607
HPC,2010,-1382331
HPC,2009,-1024015
HPC,2008,-766203
HPC,2007,-1839936
HPC,2006,-1051961
HPC,2005,-612127
HPC,2004,-1068708
HPC,2003,-639083
HPC,2002,33105
HPC,2001,-1000737
HPC,2000,-1745201
HPC,1999,-745325
HPC,1998,-333663
HPC,1997,-794550
HPC,1996,-796490
HPC,1995,-155126
HPC,1994,303451
HPC,1993,958181
HPC,1992,751347
HPC,1991,-664410
HPC,1990,-1470685
HPC,1989,-595835
HPC,1988,-761145
HPC,1987,-685648
HPC,1986,-679434
HPC,1985,-501339
HPC,1984,-183352
HPC,1983,-321411
HPC,1982,-491246
HPC,1981,-1988415
HPC,1980,-2264719
HPC,1979,-660237
HPC,1978,379363
HPC,1977,-742438
HPC,1976,-362242
HPC,1975,-134483
HPC,1974,-70963
HPC,1973,81429
HPC,1972,-226608
HPC,1971,-158876
HPC,1970,-29848
HPC,1969,18639
HPC,1968,-20317
HPC,1967,-32632
HPC,1966,-64708
HPC,1965,-67279
HPC,1964,-66581
HPC,1963,-112135
HPC,1962,-121315
HPC,1961,-91662
HPC,1960,-98188
IBD,2025,-632917
IBD,2024,-791929
IBD,2023,-1923189
IBD,2022,-5351128
IBD,2021,-153983
IBD,2020,-263060
IBD,2019,-2193133
IBD,2018,-1048282
IBD,2017,101854
IBD,2016,-963883
IBD,2015,-380846
IBD,2014,779069
IBD,2013,1724939
IBD,2012,634440
IBD,2011,-1469681
IBD,2010,-754928
IBD,2009,-1286581
IBD,2008,-2044309
IBD,2007,-3532310
IBD,2006,-2163379
IBD,2005,-1917287
IBD,2004,-1564520
IBD,2003,-1862680
IBD,2002,-2274968
IBD,2001,-1497708
IBD,2000,-924882
IBD,1999,-1011622
IBD,1998,-597147
IBD,1997,-1565322
IBD,1996,-1769367
IBD,1995,-1905569
IBD,1994,-2759702
IBD,1993,-2835352
IBD,1992,-3237782
IBD,1991,-2385561
IBD,1990,-63578
IBD,1989,-1017296
IBD,1988,-676709
IBD,1987,-624705
IBD,1986,-541595
IBD,1985,-351726
IBD,1984,124909
IBD,1983,292448
IBD,1982,-202348
IBD,1981,765897
IBD,1980,-210513
IBD,1979,-434777
IBD,1978,-771439
IBD,1977,271184
IBD,1976,-35540
IBD,1975,-94138
IBD,1974,-688990
IBD,1973,-1409727
IBD,1972,-1024147
IBD,1971,-1840978
IBD,1970,-876011
IBD,1969,-1280747
IBD,1968,-1288030
IBD,1967,758603
IBD,1966,-1018484
IBD,1965,-1069758
IBD,1964,-1829436
IBD,1963,-508705
IBD,1962,-612485
IBD,1961,-265531
IBD,1960,-404732
IBT,2025,-2895922
IBT,2024,-3646904
IBT,2023,-4936875
IBT,2022,-8351715
IBT,2021,-2689545
IBT,2020,-1570149
IBT,2019,-4554470
IBT,2018,-3810413
IBT,2017,-3764817
IBT,2016,-5078406
IBT,2015,-6023469
IBT,2014,-5016920
IBT,2013,-4657523
IBT,2012,-4542126
IBT,2011,-4949928
IBT,2010,-4122680
IBT,2009,-4144078
IBT,2008,-5170195
IBT,2007,-5838727
IBT,2006,-4437823
IBT,2005,-4480516
IBT,2004,-4361730
IBT,2003,-4337526
IBT,2002,-4321997
IBT,2001,-3698940
IBT,2000,-3288675
IBT,1999,-2927969
IBT,1998,-1786582
IBT,1997,-2380821
IBT,1996,-2531446
IBT,1995,-2009560
IBT,1994,-2825168
IBT,1993,-2626052
IBT,1992,-3195707
IBT,1991,-3407734
IBT,1990,-1856072
IBT,1989,-2278695
IBT,1988,-2067638
IBT,1987,-1690185
IBT,1986,-1594343
IBT,1985,-1236361
IBT,1984,-918815
IBT,1983,-1006489
IBT,1982,-825785
IBT,1981,-1069803
IBT,1980,-1700112
IBT,1979,-1228089
IBT,1978,-1137082
IBT,1977,-1053607
IBT,1976,-1048984
IBT,1975,-834546
IBT,1974,-1300328
IBT,1973,-1711834
IBT,1972,-1777488
IBT,1971,-2079853
IBT,1970,-1267166
IBT,1969,-1413572
IBT,1968,-1323551
IBT,1967,775470
IBT,1966,-1072000
IBT,1965,-1059531
IBT,1964,-1866874
IBT,1963,-600851
IBT,1962,-703464
IBT,1961,-347782
IBT,1960,-475705
IDB,2025,-1361491
IDB,2024,-1548607
IDB,2023,-1811708
IDB,2022,-1487094
IDB,2021,-799449
IDB,2020,-716363
IDB,2019,-1467018
IDB,2018,-1642868
IDB,2017,-1754880
IDB,2016,-2384051
IDB,2015,-2538045
IDB,2014,-2274410
IDB,2013,-2399060
IDB,2012,-2077503
IDB,2011,-1193743
IDB,2010,-691885
IDB,2009,-225834
IDB,2008,-394949
IDB,2007,330678
IDB,2006,-356690
IDB,2005,-449885
IDB,2004,-249333
IDB,2003,-380442
IDB,2002,-778269
IDB,2001,-146355
IDB,2000,161135
IDB,1999,-494033
IDB,1998,56088
IDB,1997,32641
IDB,1996,35127
IDB,1995,55287
IDB,1994,-325870
IDB,1993,-273184
IDB,1992,-472549
IDB,1991,26335
IDB,1990,381777
IDB,1989,60252
IDB,1988,110527
IDB,1987,172012
IDB,1986,91725
IDB,1985,103426
IDB,1984,-235789
IDB,1983,-583268
IDB,1982,234551
IDB,1981,639473
IDB,1980,1692013
IDB,1979,439645
IDB,1978,-9725
IDB,1977,57285
IDB,1976,-27977
IDB,1975,30808
IDB,1974,-18179
IDB,1973,-78001
IDB,1972,-102539
IDB,1971,-119480
IDB,1970,-22744
IDB,1969,22802
IDB,1968,30568
IDB,1967,35994
IDB,1966,26152
IDB,1965,48449
IDB,1964,34125
IDB,1963,33794
IDB,1962,32463
IDB,1961,18489
IDB,1960,45098
IDX,2025,-901514
IDX,2024,-1306368
IDX,2023,-1201978
IDX,2022,-1513493
IDX,2021,-1736113
IDX,2020,-590726
IDX,2019,-894319
IDX,2018,-1119263
IDX,2017,-2111791
IDX,2016,-1730472
IDX,2015,-3104578
IDX,2014,-3521579
IDX,2013,-3983402
IDX,2012,-3099063
IDX,2011,-2286504
IDX,2010,-2675867
IDX,2009,-2631663
IDX,2008,-2730937
IDX,2007,-2637095
IDX,2006,-1917754
IDX,2005,-2113344
IDX,2004,-2547877
IDX,2003,-2094404
IDX,2002,-1268760
IDX,2001,-2054877
IDX,2000,-2524928
IDX,1999,-1422314
IDX,1998,-1245523
IDX,1997,-848140
IDX,1996,-797206
IDX,1995,-159278
IDX,1994,260404
IDX,1993,482484
IDX,1992,514624
IDX,1991,-1048508
IDX,1990,-2174271
IDX,1989,-1321651
IDX,1988,-1501456
IDX,1987,-1237492
IDX,1986,-1144473
IDX,1985,-988061
IDX,1984,-807935
IDX,1983,-715669
IDX,1982,-857988
IDX,1981,-2475173
IDX,1980,-3181612
IDX,1979,-1232957
IDX,1978,-355918
IDX,1977,-1382076
IDX,1976,-985467
IDX,1975,-771216
IDX,1974,-593159
IDX,1973,-224106
IDX,1972,-650802
IDX,1971,-119395
IDX,1970,-368411
IDX,1969,-155627
IDX,1968,-66089
IDX,1967,-19127
IDX,1966,-79668
IDX,1965,-38222
IDX,1964,-71563
IDX,1963,-125940
IDX,1962,-123442
IDX,1961,-100740
IDX,1960,-116071
IDA,2025,-2263005
IDA,2024,-2854975
IDA,2023,-3013686
IDA,2022,-3000587
IDA,2021,-2535562
IDA,2020,-1307089
IDA,2019,-2361337
IDA,2018,-2762131
IDA,2017,-3866671
IDA,2016,-4114523
IDA,2015,-5642623
IDA,2014,-5795989
IDA,2013,-6382462
IDA,2012,-5176566
IDA,2011,-3480247
IDA,2010,-3367752
IDA,2009,-2857497
IDA,2008,-3125886
IDA,2007,-2306417
IDA,2006,-2274444
IDA,2005,-2563229
IDA,2004,-2797210
IDA,2003,-2474846
IDA,2002,-2047029
IDA,2001,-2201232
IDA,2000,-2363793
IDA,1999,-1916347
IDA,1998,-1189435
IDA,1997,-815499
IDA,1996,-762079
IDA,1995,-103991
IDA,1994,-65466
IDA,1993,209300
IDA,1992,42075
IDA,1991,-1022173
IDA,1990,-1792494
IDA,1989,-1261399
IDA,1988,-1390929
IDA,1987,-1065480
IDA,1986,-1052748
IDA,1985,-884635
IDA,1984,-1043724
IDA,1983,-1298937
IDA,1982,-623437
IDA,1981,-1835700
IDA,1980,-1489599
IDA,1979,-793312
IDA,1978,-365643
IDA,1977,-1324791
IDA,1976,-1013444
IDA,1975,-740408
IDA,1974,-611338
IDA,1973,-302107
IDA,1972,-753341
IDA,1971,-238875
IDA,1970,-391155
IDA,1969,-132825
IDA,1968,-35521
IDA,1967,16867
IDA,1966,-53516
IDA,1965,10227
IDA,1964,-37438
IDA,1963,-92146
IDA,1962,-90979
IDA,1961,-82251
IDA,1960,-70973
LTE,2025,-663581
LTE,2024,-296677
LTE,2023,-15168
LTE,2022,3176961
LTE,2021,443321
LTE,2020,58625
LTE,2019,-414338
LTE,2018,603525
LTE,2017,752433
LTE,2016,942240
LTE,2015,-52807
LTE,2014,550663
LTE,2013,1044883
LTE,2012,618392
LTE,2011,235006
LTE,2010,-161751
LTE,2009,-104204
LTE,2008,327813
LTE,2007,481855
LTE,2006,342172
LTE,2005,-138407
LTE,2004,-876810
LTE,2003,-738745
LTE,2002,249189
LTE,2001,-216173
LTE,2000,278368
LTE,1999,228644
LTE,1998,225323
LTE,1997,-253574
LTE,1996,-274348
LTE,1995,-367653
LTE,1994,-615441
LTE,1993,-958723
LTE,1992,-1978310
LTE,1991,-562318
LTE,1990,-1542820
LTE,1989,-684129
LTE,1988,-380790
LTE,1987,-316345
LTE,1986,-194067
LTE,1985,-176491
LTE,1984,-328507
LTE,1983,-305724
LTE,1982,-448147
LTE,1981,-410260
LTE,1980,-258998
LTE,1979,-624687
LTE,1978,130219
LTE,1977,280628
LTE,1976,105157
LTE,1975,-173418
LTE,1974,-384462
LTE,1973,-400616
LTE,1972,-351625
LTE,1971,-286657
LTE,1970,-438783
LTE,1969,-80672
LTE,1968,-57199
LTE,1967,1144966
LTE,1966,-157975
LTE,1965,-398769
LTE,1964,-1571613
LTE,1963,-372303
LTE,1962,-385831
LTE,1961,-398946
LTE,1960,-422318
LCN,2025,-401848
LCN,2024,-378373
LCN,2023,-367375
LCN,2022,-377357
LCN,2021,-536658
LCN,2020,-598237
LCN,2019,-863096
LCN,2018,-744817
LCN,2017,-773087
LCN,2016,-585141
LCN,2015,-807387
LCN,2014,-804470
LCN,2013,-763649
LCN,2012,-816232
LCN,2011,-818815
LCN,2010,-880978
LCN,2009,-892927
LCN,2008,-870767
LCN,2007,-876230
LCN,2006,-1011455
LCN,2005,-1084396
LCN,2004,-1075616
LCN,2003,-1085184
LCN,2002,-1060408
LCN,2001,-1051679
LCN,2000,-979917
LCN,1999,-847120
LCN,1998,-737369
LCN,1997,-892425
LCN,1996,-893009
LCN,1995,-889221
LCN,1994,-868564
LCN,1993,-894520
LCN,1992,-713395
LCN,1991,-843352
LCN,1990,-676505
LCN,1989,-787030
LCN,1988,-767596
LCN,1987,-827991
LCN,1986,-885002
LCN,1985,-777040
LCN,1984,-754033
LCN,1983,-742538
LCN,1982,-797562
LCN,1981,-842150
LCN,1980,-690385
LCN,1979,-687036
LCN,1978,-670453
LCN,1977,-665995
LCN,1976,-698116
LCN,1975,-656856
LCN,1974,-598708
LCN,1973,-562312
LCN,1972,-549648
LCN,1971,-527963
LCN,1970,-469986
LCN,1969,-422252
LCN,1968,-395788
LCN,1967,-376379
LCN,1966,-364777
LCN,1965,-346561
LCN,1964,-335767
LCN,1963,-317153
LCN,1962,-300088
LCN,1961,-273883
LCN,1960,-299395
LAC,2025,-462147
LAC,2024,-452104
LAC,2023,-454321
LAC,2022,-460914
LAC,2021,-607212
LAC,2020,-621409
LAC,2019,-1013879
LAC,2018,-1096593
LAC,2017,-850672
LAC,2016,-679509
LAC,2015,-823206
LAC,2014,-815241
LAC,2013,-756600
LAC,2012,-803558
LAC,2011,-798698
LAC,2010,-862326
LAC,2009,-886699
LAC,2008,-858787
LAC,2007,-857848
LAC,2006,-985275
LAC,2005,-1052053
LAC,2004,-1041864
LAC,2003,-1049890
LAC,2002,-1021982
LAC,2001,-1011409
LAC,2000,-946179
LAC,1999,-837682
LAC,1998,-731675
LAC,1997,-876808
LAC,1996,-878366
LAC,1995,-873035
LAC,1994,-850471
LAC,1993,-874903
LAC,1992,-694113
LAC,1991,-817566
LAC,1990,-636696
LAC,1989,-731329
LAC,1988,-708802
LAC,1987,-765179
LAC,1986,-815631
LAC,1985,-710649
LAC,1984,-682036
LAC,1983,-666768
LAC,1982,-717674
LAC,1981,-759126
LAC,1980,-613081
LAC,1979,-616786
LAC,1978,-597235
LAC,1977,-593167
LAC,1976,-626873
LAC,1975,-586916
LAC,1974,-527122
LAC,1973,-490486
LAC,1972,-477496
LAC,1971,-450971
LAC,1970,-390223
LAC,1969,-335931
LAC,1968,-313808
LAC,1967,-294495
LAC,1966,-284541
LAC,1965,-264467
LAC,1964,-259232
LAC,1963,-245448
LAC,1962,-231719
LAC,1961,-210454
LAC,1960,-232838
TLA,2025,-386836
TLA,2024,-369248
TLA,2023,-366204
TLA,2022,-372913
TLA,2021,-519807
TLA,2020,-579889
TLA,2019,-839329
TLA,2018,-759719
TLA,2017,-601947
TLA,2016,-517909
TLA,2015,-743824
TLA,2014,-727017
TLA,2013,-688419
TLA,2012,-743972
TLA,2011,-750560
TLA,2010,-818622
TLA,2009,-843735
TLA,2008,-824037
TLA,2007,-837126
TLA,2006,-975972
TLA,2005,-1044472
TLA,2004,-1036122
TLA,2003,-1039253
TLA,2002,-1013260
TLA,2001,-1004237
TLA,2000,-935129
TLA,1999,-810681
TLA,1998,-697563
TLA,1997,-847116
TLA,1996,-858979
TLA,1995,-852616
TLA,1994,-832941
TLA,1993,-862416
TLA,1992,-686833
TLA,1991,-819568
TLA,1990,-655115
TLA,1989,-760419
TLA,1988,-741495
TLA,1987,-800419
TLA,1986,-856115
TLA,1985,-751377
TLA,1984,-729565
TLA,1983,-715893
TLA,1982,-769435
TLA,1981,-811026
TLA,1980,-646563
TLA,1979,-651806
TLA,1978,-636835
TLA,1977,-625181
TLA,1976,-654549
TLA,1975,-610119
TLA,1974,-544902
TLA,1973,-509592
TLA,1972,-498617
TLA,1971,-480545
TLA,1970,-420032
TLA,1969,-358368
TLA,1968,-332263
TLA,1967,-311025
TLA,1966,-299308
TLA,1965,-277783
TLA,1964,-271156
TLA,1963,-256677
TLA,1962,-243423
TLA,1961,-224948
TLA,1960,-248967
LDC,2025,-1214748
LDC,2024,-1748381
LDC,2023,-1854408
LDC,2022,-2154169
LDC,2021,-1861924
LDC,2020,-856829
LDC,2019,-1244735
LDC,2018,-1499435
LDC,2017,-1680905
LDC,2016,-1449743
LDC,2015,-2051764
LDC,2014,-1834717
LDC,2013,-1651729
LDC,2012,-1854997
LDC,2011,-1706247
LDC,2010,-2273184
LDC,2009,-2277298
LDC,2008,-1973372
LDC,2007,-3084330
LDC,2006,-2251148
LDC,2005,-1783416
LDC,2004,-2277454
LDC,2003,-1761949
LDC,2002,-901462
LDC,2001,-1826282
LDC,2000,-2376323
LDC,1999,-1333710
LDC,1998,-771026
LDC,1997,-661682
LDC,1996,-669964
LDC,1995,-8572
LDC,1994,529507
LDC,1993,811035
LDC,1992,789035
LDC,1991,-790978
LDC,1990,-1705753
LDC,1989,-1002393
LDC,1988,-1182148
LDC,1987,-919325
LDC,1986,-838590
LDC,1985,-610033
LDC,1984,-280358
LDC,1983,-346322
LDC,1982,-546018
LDC,1981,-2206627
LDC,1980,-2939169
LDC,1979,-1041422
LDC,1978,-182888
LDC,1977,-1217422
LDC,1976,-823465
LDC,1975,-615672
LDC,1974,-453101
LDC,1973,-90137
LDC,1972,-525975
LDC,1971,-43748
LDC,1970,-340369
LDC,1969,-182623
LDC,1968,-91026
LDC,1967,-67251
LDC,1966,-123551
LDC,1965,-79342
LDC,1964,-102727
LDC,1963,-150367
LDC,1962,-143856
LDC,1961,-113839
LDC,1960,-164999
LMY,2025,-2380503
LMY,2024,-3307758
LMY,2023,-5061205
LMY,2022,-10308971
LMY,2021,-3098703
LMY,2020,-1973562
LMY,2019,-5059334
LMY,2018,-4455062
LMY,2017,-4335100
LMY,2016,-5634815
LMY,2015,-6451748
LMY,2014,-5356397
LMY,2013,-5017047
LMY,2012,-4854555
LMY,2011,-5240361
LMY,2010,-4475041
LMY,2009,-4401748
LMY,2008,-5394549
LMY,2007,-6056293
LMY,2006,-4575573
LMY,2005,-4605483
LMY,2004,-4510981
LMY,2003,-4517035
LMY,2002,-5602233
LMY,2001,-3875354
LMY,2000,-3682897
LMY,1999,-3141359
LMY,1998,-2174188
LMY,1997,-2736481
LMY,1996,-2940192
LMY,1995,-2547401
LMY,1994,-3917463
LMY,1993,-2947608
LMY,1992,-1790260
LMY,1991,-3285482
LMY,1990,-1942165
LMY,1989,-2152670
LMY,1988,-2164649
LMY,1987,-1811778
LMY,1986,-1792547
LMY,1985,-1438551
LMY,1984,-1070560
LMY,1983,-1137359
LMY,1982,-857058
LMY,1981,-1034097
LMY,1980,-1624796
LMY,1979,-1144210
LMY,1978,-1057725
LMY,1977,-1079308
LMY,1976,-1132960
LMY,1975,-835313
LMY,1974,-1218325
LMY,1973,-1607817
LMY,1972,-1681803
LMY,1971,-1962248
LMY,1970,-995807
LMY,1969,-1414151
LMY,1968,-1295643
LMY,1967,845092
LMY,1966,-944408
LMY,1965,-855991
LMY,1964,-1653224
LMY,1963,-369591
LMY,1962,-444499
LMY,1961,-66190
LMY,1960,-157586
MEA,2025,-775711
MEA,2024,-197361
MEA,2023,395727
MEA,2022,1288578
MEA,2021,-350050
MEA,2020,-861862
MEA,2019,-1224013
MEA,2018,-2093534
MEA,2017,-3050174
MEA,2016,-2404477
MEA,2015,-2144774
MEA,2014,-1342979
MEA,2013,-1003423
MEA,2012,-759181
MEA,2011,337056
MEA,2010,-11724
MEA,2009,620772
MEA,2008,1126287
MEA,2007,1032315
MEA,2006,1531829
MEA,2005,1615214
MEA,2004,1059216
MEA,2003,1191074
MEA,2002,171950
MEA,2001,570816
MEA,2000,177923
MEA,1999,361296
MEA,1998,459711
MEA,1997,329289
MEA,1996,151837
MEA,1995,66223
MEA,1994,-104486
MEA,1993,98765
MEA,1992,457296
MEA,1991,712083
MEA,1990,-728535
MEA,1989,355549
MEA,1988,240912
MEA,1987,302810
MEA,1986,401363
MEA,1985,222326
MEA,1984,487280
MEA,1983,273533
MEA,1982,151431
MEA,1981,252943
MEA,1980,306752
MEA,1979,158325
MEA,1978,222222
MEA,1977,209204
MEA,1976,304038
MEA,1975,400825
MEA,1974,47822
MEA,1973,25107
MEA,1972,-11448
MEA,1971,-21041
MEA,1970,40334
MEA,1969,86671
MEA,1968,76391
MEA,1967,42376
MEA,1966,41665
MEA,1965,-63604
MEA,1964,-49584
MEA,1963,-64659
MEA,1962,-39464
MEA,1961,-102591
MEA,1960,-17676
MNA,2025,-1281635
MNA,2024,-899552
MNA,2023,-512848
MNA,2022,-870353
MNA,2021,-726258
MNA,2020,-507660
MNA,2019,-1188136
MNA,2018,-1231800
MNA,2017,-2365552
MNA,2016,-2995643
MNA,2015,-3469670
MNA,2014,-2618767
MNA,2013,-2176672
MNA,2012,-2022249
MNA,2011,-1101311
MNA,2010,-893742
MNA,2009,-319598
MNA,2008,-216491
MNA,2007,-591227
MNA,2006,256378
MNA,2005,716578
MNA,2004,280218
MNA,2003,436486
MNA,2002,-584332
MNA,2001,-182315
MNA,2000,-555424
MNA,1999,-82943
MNA,1998,36908
MNA,1997,-99429
MNA,1996,-269251
MNA,1995,-222829
MNA,1994,-340073
MNA,1993,-167428
MNA,1992,79576
MNA,1991,-174300
MNA,1990,18653
MNA,1989,37268
MNA,1988,-50159
MNA,1987,-22972
MNA,1986,91426
MNA,1985,-33270
MNA,1984,238536
MNA,1983,15029
MNA,1982,-116287
MNA,1981,509
MNA,1980,29596
MNA,1979,-118287
MNA,1978,-48167
MNA,1977,-45312
MNA,1976,69398
MNA,1975,220511
MNA,1974,-122229
MNA,1973,-130817
MNA,1972,-170715
MNA,1971,-190749
MNA,1970,-115863
MNA,1969,-70943
MNA,1968,-69609
MNA,1967,-67687
MNA,1966,-62483
MNA,1965,-163819
MNA,1964,-148710
MNA,1963,-162917
MNA,1962,-133633
MNA,1961,-175999
MNA,1960,-62853
TMN,2025,-1258479
TMN,2024,-876407
TMN,2023,-487852
TMN,2022,-865347
TMN,2021,-713889
TMN,2020,-495291
TMN,2019,-1163403
TMN,2018,-1206659
TMN,2017,-2340100
TMN,2016,-2972869
TMN,2015,-3446767
TMN,2014,-2591690
TMN,2013,-2149693
TMN,2012,-1995333
TMN,2011,-1074649
TMN,2010,-867391
TMN,2009,-293692
TMN,2008,-192506
TMN,2007,-570890
TMN,2006,279823
TMN,2005,744739
TMN,2004,313071
TMN,2003,472454
TMN,2002,-549294
TMN,2001,-156663
TMN,2000,-543928
TMN,1999,-69083
TMN,1998,50054
TMN,1997,-109846
TMN,1996,-279061
TMN,1995,-231592
TMN,1994,-347507
TMN,1993,-173403
TMN,1992,75165
TMN,1991,-176416
TMN,1990,19129
TMN,1989,40294
TMN,1988,-47151
TMN,1987,-73674
TMN,1986,112497
TMN,1985,-1630
TMN,1984,229428
TMN,1983,14345
TMN,1982,-106488
TMN,1981,14401
TMN,1980,44663
TMN,1979,-102229
TMN,1978,-31513
TMN,1977,-28868
TMN,1976,83913
TMN,1975,232107
TMN,1974,-113559
TMN,1973,-124081
TMN,1972,-162867
TMN,1971,-173514
TMN,1970,-84458
TMN,1969,-25357
TMN,1968,-14646
TMN,1967,-12422
TMN,1966,-14703
TMN,1965,-127400
TMN,1964,-117585
TMN,1963,-141697
TMN,1962,-114662
TMN,1961,-157775
TMN,1960,-45191
MIC,2025,-2541334
MIC,2024,-3171242
MIC,2023,-5099343
MIC,2022,-10035720
MIC,2021,-2422872
MIC,2020,-2338908
MIC,2019,-5325641
MIC,2018,-5031368
MIC,2017,-3825652
MIC,2016,-5279578
MIC,2015,-4640893
MIC,2014,-3403932
MIC,2013,-2588366
MIC,2012,-3383930
MIC,2011,-4693809
MIC,2010,-3812088
MIC,2009,-4009387
MIC,2008,-4853563
MIC,2007,-5543948
MIC,2006,-4776563
MIC,2005,-4553212
MIC,2004,-3938234
MIC,2003,-4266921
MIC,2002,-6025896
MIC,2001,-3362642
MIC,2000,-2199927
MIC,1999,-2705468
MIC,1998,-2092916
MIC,1997,-2174348
MIC,1996,-2673607
MIC,1995,-2570258
MIC,1994,-3938826
MIC,1993,-3828556
MIC,1992,-2718656
MIC,1991,-2785071
MIC,1990,-576530
MIC,1989,-1649918
MIC,1988,-1537585
MIC,1987,-1197885
MIC,1986,-1257005
MIC,1985,-1026516
MIC,1984,-1122085
MIC,1983,-883642
MIC,1982,-637985
MIC,1981,861080
MIC,1980,577464
MIC,1979,-577408
MIC,1978,-1506427
MIC,1977,-415419
MIC,1976,-851168
MIC,1975,-676639
MIC,1974,-1097499
MIC,1973,-1632918
MIC,1972,-1383950
MIC,1971,-1749946
MIC,1970,-901283
MIC,1969,-1318381
MIC,1968,-1264988
MIC,1967,857330
MIC,1966,-906231
MIC,1965,-818358
MIC,1964,-1618765
MIC,1963,-297630
MIC,1962,-365577
MIC,1961,-14192
MIC,1960,-56609
NAC,2025,1556865
NAC,2024,1654726
NAC,2023,1756510
NAC,2022,1778997
NAC,2021,873940
NAC,2020,586647
NAC,2019,2162471
NAC,2018,2185487
NAC,2017,2237644
NAC,2016,2218584
NAC,2015,1946342
NAC,2014,1865383
NAC,2013,1903573
NAC,2012,1875518
NAC,2011,1850912
NAC,2010,1819621
NAC,2009,1631767
NAC,2008,1654956
NAC,2007,1585181
NAC,2006,1549754
NAC,2005,1573681
NAC,2004,1507896
NAC,2003,1516905
NAC,2002,1544464
NAC,2001,1534417
NAC,2000,1450069
NAC,1999,1314754
NAC,1998,1367569
NAC,1997,1261718
NAC,1996,1296122
NAC,1995,1314783
NAC,1994,1314172
NAC,1993,1361904
NAC,1992,1443024
NAC,1991,1336866
NAC,1990,1266215
NAC,1989,659116
NAC,1988,698817
NAC,1987,652199
NAC,1986,614960
NAC,1985,668520
NAC,1984,678775
NAC,1983,728967
NAC,1982,689716
NAC,1981,696572
NAC,1980,718514
NAC,1979,589978
NAC,1978,609009
NAC,1977,647181
NAC,1976,742221
NAC,1975,794540
NAC,1974,862222
NAC,1973,908205
NAC,1972,923082
NAC,1971,1043502
NAC,1970,1049751
NAC,1969,617729
NAC,1968,703759
NAC,1967,718604
NAC,1966,782827
NAC,1965,757701
NAC,1964,686984
NAC,1963,691671
NAC,1962,661350
NAC,1961,615446
NAC,1960,472345
OED,2025,1909989
OED,2024,2590723
OED,2023,3840307
OED,2022,6803692
OED,2021,2662243
OED,2020,2244004
OED,2019,5032997
OED,2018,5388364
OED,2017,5639570
OED,2016,4775975
OED,2015,5501587
OED,2014,4537892
OED,2013,3775404
OED,2012,3340578
OED,2011,3520724
OED,2010,3383262
OED,2009,3116316
OED,2008,3593650
OED,2007,3662066
OED,2006,2507152
OED,2005,2999002
OED,2004,3035699
OED,2003,3147001
OED,2002,3129937
OED,2001,2391044
OED,2000,2009988
OED,1999,1890659
OED,1998,734998
OED,1997,1255463
OED,1996,1473881
OED,1995,1101114
OED,1994,2143215
OED,1993,1815819
OED,1992,2307677
OED,1991,2078130
OED,1990,2405369
OED,1989,1490692
OED,1988,1258980
OED,1987,806651
OED,1986,775502
OED,1985,533107
OED,1984,176471
OED,1983,274220
OED,1982,65182
OED,1981,109821
OED,1980,898047
OED,1979,370914
OED,1978,273235
OED,1977,267286
OED,1976,301734
OED,1975,191563
OED,1974,684454
OED,1973,1175141
OED,1972,1192587
OED,1971,1488041
OED,1970,490678
OED,1969,826376
OED,1968,738728
OED,1967,229275
OED,1966,864817
OED,1965,606513
OED,1964,390628
OED,1963,659388
OED,1962,779676
OED,1961,379251
OED,1960,276837
OSS,2025,-22877
OSS,2024,-8306
OSS,2023,16355
OSS,2022,62878
OSS,2021,28303
OSS,2020,21631
OSS,2019,31956
OSS,2018,29734
OSS,2017,24787
OSS,2016,6567
OSS,2015,8510
OSS,2014,651
OSS,2013,-7622
OSS,2012,-10354
OSS,2011,-5216
OSS,2010,-8109
OSS,2009,-8314
OSS,2008,-278
OSS,2007,4869
OSS,2006,412
OSS,2005,-7830
OSS,2004,-25552
OSS,2003,-25208
OSS,2002,38056
OSS,2001,52693
OSS,2000,40886
OSS,1999,-257784
OSS,1998,1792
OSS,1997,2951
OSS,1996,-12949
OSS,1995,-41029
OSS,1994,-101026
OSS,1993,-33768
OSS,1992,-172229
OSS,1991,3850
OSS,1990,43439
OSS,1989,26808
OSS,1988,30848
OSS,1987,19332
OSS,1986,15871
OSS,1985,10053
OSS,1984,-3255
OSS,1983,-6243
OSS,1982,-9268
OSS,1981,-5003
OSS,1980,5746
OSS,1979,13956
OSS,1978,22083
OSS,1977,24211
OSS,1976,18636
OSS,1975,12731
OSS,1974,-7038
OSS,1973,299
OSS,1972,2473
OSS,1971,2860
OSS,1970,2141
OSS,1969,8946
OSS,1968,6298
OSS,1967,3984
OSS,1966,325
OSS,1965,-934
OSS,1964,-4249
OSS,1963,-5748
OSS,1962,-8665
OSS,1961,-12831
OSS,1960,-7080
PSS,2025,-10352
PSS,2024,-10369
PSS,2023,-10577
PSS,2022,-10912
PSS,2021,-13868
PSS,2020,-12012
PSS,2019,-23261
PSS,2018,-14446
PSS,2017,-14350
PSS,2016,-15574
PSS,2015,-16231
PSS,2014,-16674
PSS,2013,-16885
PSS,2012,-16637
PSS,2011,-16657
PSS,2010,-16112
PSS,2009,-25439
PSS,2008,-26530
PSS,2007,-23868
PSS,2006,-23232
PSS,2005,-22831
PSS,2004,-22197
PSS,2003,-21785
PSS,2002,-21008
PSS,2001,-20237
PSS,2000,-20016
PSS,1999,-18232
PSS,1998,-17622
PSS,1997,-16952
PSS,1996,-21936
PSS,1995,-24673
PSS,1994,-23298
PSS,1993,-22272
PSS,1992,-21405
PSS,1991,-22179
PSS,1990,-21319
PSS,1989,-20513
PSS,1988,-19170
PSS,1987,-17235
PSS,1986,-12909
PSS,1985,-10773
PSS,1984,-11160
PSS,1983,-11052
PSS,1982,-10505
PSS,1981,-9360
PSS,1980,-9516
PSS,1979,-9269
PSS,1978,-9490
PSS,1977,-9515
PSS,1976,-8773
PSS,1975,-9982
PSS,1974,-9704
PSS,1973,-11415
PSS,1972,-11067
PSS,1971,-10822
PSS,1970,-9841
PSS,1969,-8656
PSS,1968,-8967
PSS,1967,-9240
PSS,1966,-6035
PSS,1965,-4043
PSS,1964,-3723
PSS,1963,-3716
PSS,1962,-3433
PSS,1961,-3482
PSS,1960,-3432
PST,2025,4130836
PST,2024,4106171
PST,2023,3699917
PST,2022,227864
PST,2021,2349192
PST,2020,1868759
PST,2019,4489727
PST,2018,4521154
PST,2017,4407320
PST,2016,4371750
PST,2015,4643836
PST,2014,3660325
PST,2013,3522180
PST,2012,3316259
PST,2011,3516833
PST,2010,3303884
PST,2009,3250346
PST,2008,3787059
PST,2007,4105920
PST,2006,3163212
PST,2005,3405862
PST,2004,3522829
PST,2003,3608494
PST,2002,3541981
PST,2001,2874403
PST,2000,2474571
PST,1999,2348869
PST,1998,1230380
PST,1997,1824002
PST,1996,2101992
PST,1995,1689093
PST,1994,2293846
PST,1993,2218113
PST,1992,2634090
PST,1991,2492996
PST,1990,2610130
PST,1989,1965619
PST,1988,1890172
PST,1987,1311614
PST,1986,1290731
PST,1985,1000995
PST,1984,642633
PST,1983,740674
PST,1982,567819
PST,1981,913874
PST,1980,1498956
PST,1979,949369
PST,1978,714391
PST,1977,699380
PST,1976,755903
PST,1975,662494
PST,1974,1129028
PST,1973,1505020
PST,1972,1592900
PST,1971,1933715
PST,1970,1083859
PST,1969,1401684
PST,1968,1287555
PST,1967,-805617
PST,1966,968851
PST,1965,946937
PST,1964,1772593
PST,1963,481732
PST,1962,574040
PST,1961,240405
PST,1960,408448
PRE,2025,-390221
PRE,2024,-837885
PRE,2023,-825466
PRE,2022,-1040062
PRE,2021,-913812
PRE,2020,147737
PRE,2019,-372767
PRE,2018,-59694
PRE,2017,-130196
PRE,2016,-123914
PRE,2015,-946395
PRE,2014,-571115
PRE,2013,-117523
PRE,2012,-63990
PRE,2011,-337746
PRE,2010,-774634
PRE,2009,-567453
PRE,2008,46711
PRE,2007,-2305374
PRE,2006,-1858657
PRE,2005,-183977
PRE,2004,-577867
PRE,2003,-298872
PRE,2002,655453
PRE,2001,-380332
PRE,2000,-1032216
PRE,1999,-448146
PRE,1998,207195
PRE,1997,-901108
PRE,1996,-1940141
PRE,1995,-414309
PRE,1994,2624977
PRE,1993,1424657
PRE,1992,947428
PRE,1991,-1346242
PRE,1990,-1967556
PRE,1989,-646707
PRE,1988,-1010408
PRE,1987,-774412
PRE,1986,-575511
PRE,1985,-536019
PRE,1984,80679
PRE,1983,-714688
PRE,1982,-341138
PRE,1981,-2395804
PRE,1980,-999244
PRE,1979,250233
PRE,1978,777942
PRE,1977,-11174
PRE,1976,-238610
PRE,1975,20821
PRE,1974,10791
PRE,1973,126321
PRE,1972,-192561
PRE,1971,-176283
PRE,1970,-29223
PRE,1969,-5405
PRE,1968,-31699
PRE,1967,-32856
PRE,1966,-59580
PRE,1965,-29598
PRE,1964,-19976
PRE,1963,-55089
PRE,1962,-61414
PRE,1961,-36531
PRE,1960,-92553
SST,2025,-38523
SST,2024,-23610
SST,2023,1098
SST,2022,54703
SST,2021,18053
SST,2020,7151
SST,2019,-32230
SST,2018,79618
SST,2017,5770
SST,2016,-15619
SST,2015,-14697
SST,2014,-24066
SST,2013,-30902
SST,2012,-35547
SST,2011,-36558
SST,2010,-40313
SST,2009,-49282
SST,2008,-42723
SST,2007,-34914
SST,2006,-38688
SST,2005,-47565
SST,2004,-64330
SST,2003,-59365
SST,2002,2331
SST,2001,14943
SST,2000,819
SST,1999,-295785
SST,1998,-36197
SST,1997,-35261
SST,1996,-56919
SST,1995,-88442
SST,1994,-152002
SST,1993,-88903
SST,1992,-224905
SST,1991,-53746
SST,1990,-24002
SST,1989,-37335
SST,1988,-30924
SST,1987,-43546
SST,1986,-40636
SST,1985,-43334
SST,1984,-61863
SST,1983,-65395
SST,1982,-67336
SST,1981,-60700
SST,1980,-46979
SST,1979,-40788
SST,1978,-31681
SST,1977,-28921
SST,1976,-33423
SST,1975,-40534
SST,1974,-61009
SST,1973,-55054
SST,1972,-51496
SST,1971,-36608
SST,1970,-35201
SST,1969,-20891
SST,1968,-23560
SST,1967,-27599
SST,1966,-29458
SST,1965,-29780
SST,1964,-33002
SST,1963,-31393
SST,1962,-33441
SST,1961,-40629
SST,1960,-30010
SAS,2025,-1295104
SAS,2024,-1535417
SAS,2023,-1969476
SAS,2022,-2312607
SAS,2021,-1233524
SAS,2020,-934135
SAS,2019,-1832053
SAS,2018,-1932697
SAS,2017,-1670087
SAS,2016,-1187121
SAS,2015,-1805393
SAS,2014,-1452161
SAS,2013,-1417862
SAS,2012,-1435652
SAS,2011,-1528171
SAS,2010,-1527208
SAS,2009,-1805585
SAS,2008,-2532654
SAS,2007,-2528367
SAS,2006,-1778819
SAS,2005,-2294281
SAS,2004,-1454745
SAS,2003,-1774693
SAS,2002,-1807173
SAS,2001,-933352
SAS,2000,-675441
SAS,1999,-361848
SAS,1998,-245299
SAS,1997,-237434
SAS,1996,-247879
SAS,1995,-279220
SAS,1994,-620068
SAS,1993,-281412
SAS,1992,-105526
SAS,1991,-382654
SAS,1990,-476238
SAS,1989,-482360
SAS,1988,-673023
SAS,1987,-720951
SAS,1986,-653603
SAS,1985,-487655
SAS,1984,-522277
SAS,1983,-289984
SAS,1982,-334624
SAS,1981,-245238
SAS,1980,-362057
SAS,1979,210680
SAS,1978,-745024
SAS,1977,91147
SAS,1976,-202764
SAS,1975,2518
SAS,1974,34606
SAS,1973,-510965
SAS,1972,-378058
SAS,1971,-776469
SAS,1970,148641
SAS,1969,-984520
SAS,1968,-1008447
SAS,1967,-50334
SAS,1966,-569406
SAS,1965,-205473
SAS,1964,-128222
SAS,1963,30405
SAS,1962,-60123
SAS,1961,302477
SAS,1960,136151
TSA,2025,-1295104
TSA,2024,-1535417
TSA,2023,-1969476
TSA,2022,-2312607
TSA,2021,-1233524
TSA,2020,-934135
TSA,2019,-1832053
TSA,2018,-1932697
TSA,2017,-1670087
TSA,2016,-1187121
TSA,2015,-1805393
TSA,2014,-1452161
TSA,2013,-1417862
TSA,2012,-1435652
TSA,2011,-1528171
TSA,2010,-1527208
TSA,2009,-1805585
TSA,2008,-2532654
TSA,2007,-2528367
TSA,2006,-1778819
TSA,2005,-2294281
TSA,2004,-1454745
TSA,2003,-1774693
TSA,2002,-1807173
TSA,2001,-933352
TSA,2000,-675441
TSA,1999,-361848
TSA,1998,-245299
TSA,1997,-237434
TSA,1996,-247879
TSA,1995,-279220
TSA,1994,-620068
TSA,1993,-281412
TSA,1992,-105526
TSA,1991,-382654
TSA,1990,-476238
TSA,1989,-482360
TSA,1988,-673023
TSA,1987,-720951
TSA,1986,-653603
TSA,1985,-487655
TSA,1984,-522277
TSA,1983,-289984
TSA,1982,-334624
TSA,1981,-245238
TSA,1980,-362057
TSA,1979,210680
TSA,1978,-745024
TSA,1977,91147
TSA,1976,-202764
TSA,1975,2518
TSA,1974,34606
TSA,1973,-510965
TSA,1972,-378058
TSA,1971,-776469
TSA,1970,148641
TSA,1969,-984520
TSA,1968,-1008447
TSA,1967,-50334
TSA,1966,-569406
TSA,1965,-205473
TSA,1964,-128222
TSA,1963,30405
TSA,1962,-60123
TSA,1961,302477
TSA,1960,136151
SSF,2025,-223909
SSF,2024,-680868
SSF,2023,-675711
SSF,2022,-366066
SSF,2021,-18082
SSF,2020,269247
SSF,2019,-185433
SSF,2018,107286
SSF,2017,200462
SSF,2016,-806882
SSF,2015,-145609
SSF,2014,-637187
SSF,2013,-498891
SSF,2012,-708692
SSF,2011,-952932
SSF,2010,-705340
SSF,2009,-696903
SSF,2008,-678251
SSF,2007,-726996
SSF,2006,-794157
SSF,2005,-695332
SSF,2004,-499023
SSF,2003,-591625
SSF,2002,-527322
SSF,2001,-594968
SSF,2000,-667424
SSF,1999,-590368
SSF,1998,-96538
SSF,1997,-626809
SSF,1996,-790578
SSF,1995,-171101
SSF,1994,-227253
SSF,1993,-41297
SSF,1992,-168904
SSF,1991,-583683
SSF,1990,-434242
SSF,1989,-172430
SSF,1988,-298582
SSF,1987,83742
SSF,1986,43534
SSF,1985,163828
SSF,1984,119712
SSF,1983,-189527
SSF,1982,558272
SSF,1981,495965
SSF,1980,-166916
SSF,1979,68819
SSF,1978,552690
SSF,1977,-497338
SSF,1976,-202513
SSF,1975,31555
SSF,1974,52938
SSF,1973,156878
SSF,1972,-176511
SSF,1971,-177968
SSF,1970,-6501
SSF,1969,29509
SSF,1968,-1616
SSF,1967,1824
SSF,1966,-43295
SSF,1965,-23452
SSF,1964,-26175
SSF,1963,-75119
SSF,1962,-88089
SSF,1961,-75637
SSF,1960,-103463
SSA,2025,-225499
SSA,2024,-682615
SSA,2023,-677520
SSA,2022,-367854
SSA,2021,-20168
SSA,2020,267521
SSA,2019,-187203
SSA,2018,105553
SSA,2017,198769
SSA,2016,-808564
SSA,2015,-147328
SSA,2014,-638929
SSA,2013,-500608
SSA,2012,-710230
SSA,2011,-954483
SSA,2010,-706080
SSA,2009,-697008
SSA,2008,-678356
SSA,2007,-727169
SSA,2006,-794421
SSA,2005,-695546
SSA,2004,-499340
SSA,2003,-591941
SSA,2002,-527747
SSA,2001,-595477
SSA,2000,-667885
SSA,1999,-590859
SSA,1998,-97050
SSA,1997,-626798
SSA,1996,-790312
SSA,1995,-170930
SSA,1994,-227022
SSA,1993,-40981
SSA,1992,-168615
SSA,1991,-583341
SSA,1990,-434014
SSA,1989,-172224
SSA,1988,-298386
SSA,1987,84105
SSA,1986,44021
SSA,1985,164286
SSA,1984,120205
SSA,1983,-189088
SSA,1982,558629
SSA,1981,496530
SSA,1980,-166329
SSA,1979,69328
SSA,1978,553277
SSA,1977,-497478
SSA,1976,-202985
SSA,1975,31296
SSA,1974,52764
SSA,1973,156551
SSA,1972,-176777
SSA,1971,-178070
SSA,1970,-6570
SSA,1969,29466
SSA,1968,-1670
SSA,1967,1839
SSA,1966,-43201
SSA,1965,-23432
SSA,1964,-26101
SSA,1963,-75012
SSA,1962,-87961
SSA,1961,-75484
SSA,1960,-103283
TSS,2025,-223909
TSS,2024,-680868
TSS,2023,-675711
TSS,2022,-366066
TSS,2021,-18082
TSS,2020,269247
TSS,2019,-185433
TSS,2018,107286
TSS,2017,200462
TSS,2016,-806882
TSS,2015,-145609
TSS,2014,-637187
TSS,2013,-498891
TSS,2012,-708692
TSS,2011,-952932
TSS,2010,-705340
TSS,2009,-696903
TSS,2008,-678251
TSS,2007,-726996
TSS,2006,-794157
TSS,2005,-695332
TSS,2004,-499023
TSS,2003,-591625
TSS,2002,-527322
TSS,2001,-594968
TSS,2000,-667424
TSS,1999,-590368
TSS,1998,-96538
TSS,1997,-626809
TSS,1996,-790578
TSS,1995,-171101
TSS,1994,-227253
TSS,1993,-41297
TSS,1992,-168904
TSS,1991,-583683
TSS,1990,-434242
TSS,1989,-172430
TSS,1988,-298582
TSS,1987,83742
TSS,1986,43534
TSS,1985,163828
TSS,1984,119712
TSS,1983,-189527
TSS,1982,558272
TSS,1981,495965
TSS,1980,-166916
TSS,1979,68819
TSS,1978,552690
TSS,1977,-497338
TSS,1976,-202513
TSS,1975,31555
TSS,1974,52938
TSS,1973,156878
TSS,1972,-176511
TSS,1971,-177968
TSS,1970,-6501
TSS,1969,29509
TSS,1968,-1616
TSS,1967,1824
TSS,1966,-43295
TSS,1965,-23452
TSS,1964,-26175
TSS,1963,-75119
TSS,1962,-88089
TSS,1961,-75637
TSS,1960,-103463
WLD,2025,0
WLD,2024,0
WLD,2023,0
WLD,2022,0
WLD,2021,0
WLD,2020,0
WLD,2019,0
WLD,2018,0
WLD,2017,0
WLD,2016,0
WLD,2015,0
WLD,2014,0
WLD,2013,0
WLD,2012,0
WLD,2011,0
WLD,2010,0
WLD,2009,0
WLD,2008,0
WLD,2007,0
WLD,2006,0
WLD,2005,0
WLD,2004,0
WLD,2003,0
WLD,2002,0
WLD,2001,0
WLD,2000,0
WLD,1999,0
WLD,1998,0
WLD,1997,0
WLD,1996,0
WLD,1995,0
WLD,1994,0
WLD,1993,0
WLD,1992,0
WLD,1991,0
WLD,1990,0
WLD,1989,0
WLD,1988,0
WLD,1987,0
WLD,1986,0
WLD,1985,0
WLD,1984,0
WLD,1983,0
WLD,1982,0
WLD,1981,0
WLD,1980,0
WLD,1979,0
WLD,1978,0
WLD,1977,0
WLD,1976,0
WLD,1975,0
WLD,1974,0
WLD,1973,0
WLD,1972,0
WLD,1971,0
WLD,1970,0
WLD,1969,0
WLD,1968,0
WLD,1967,0
WLD,1966,0
WLD,1965,0
WLD,1964,0
WLD,1963,0
WLD,1962,0
WLD,1961,0
WLD,1960,0
AFG,2025,-74404
AFG,2024,-44089
AFG,2023,-48958
AFG,2022,-647402
AFG,2021,-548784
AFG,2020,143634
AFG,2019,9159
AFG,2018,-36753
AFG,2017,-71491
AFG,2016,-143049
AFG,2015,-286314
AFG,2014,233913
AFG,2013,18119
AFG,2012,68628
AFG,2011,384486
AFG,2010,-167460
AFG,2009,-60602
AFG,2008,215753
AFG,2007,-851298
AFG,2006,57673
AFG,2005,250971
AFG,2004,-269194
AFG,2003,247317
AFG,2002,860349
AFG,2001,-212872
AFG,2000,-1025973
AFG,1999,-32400
AFG,1998,7380
AFG,1997,-21215
AFG,1996,4072
AFG,1995,52505
AFG,1994,315206
AFG,1993,1149684
AFG,1992,1197329
AFG,1991,32782
AFG,1990,-458737
AFG,1989,18296
AFG,1988,-56263
AFG,1987,-345535
AFG,1986,-343397
AFG,1985,-208685
AFG,1984,248224
AFG,1983,-172797
AFG,1982,-500998
AFG,1981,-1998086
AFG,1980,-1174239
AFG,1979,-525413
AFG,1978,-117186
AFG,1977,-83115
AFG,1976,-85430
AFG,1975,-44418
AFG,1974,-20009
AFG,1973,-3030
AFG,1972,-4050
AFG,1971,-12801
AFG,1970,4458
AFG,1969,2029
AFG,1968,3333
AFG,1967,6824
AFG,1966,3563
AFG,1965,10695
AFG,1964,7079
AFG,1963,6681
AFG,1962,7016
AFG,1961,6109
AFG,1960,2606
ALB,2025,-24230
ALB,2024,-24472
ALB,2023,-25357
ALB,2022,-16426
ALB,2021,-32848
ALB,2020,-16680
ALB,2019,-23094
ALB,2018,-15032
ALB,2017,-14901
ALB,2016,-9347
ALB,2015,-20500
ALB,2014,-21706
ALB,2013,-20681
ALB,2012,-19845
ALB,2011,-18630
ALB,2010,-51907
ALB,2009,-51657
ALB,2008,-50619
ALB,2007,-49770
ALB,2006,-48882
ALB,2005,-48893
ALB,2004,-48654
ALB,2003,-48517
ALB,2002,-45178
ALB,2001,-48070
ALB,2000,-60531
ALB,1999,-63093
ALB,1998,-66087
ALB,1997,-66188
ALB,1996,-68076
ALB,1995,-69785
ALB,1994,-70165
ALB,1993,-68445
ALB,1992,-66538
ALB,1991,-63689
ALB,1990,-60173
ALB,1989,-38835
ALB,1988,658
ALB,1987,-3250
ALB,1986,-2309
ALB,1985,-183
ALB,1984,64
ALB,1983,66
ALB,1982,-225
ALB,1981,-374
ALB,1980,-601
ALB,1979,-1871
ALB,1978,3230
ALB,1977,-1417
ALB,1976,-1684
ALB,1975,-2610
ALB,1974,-1880
ALB,1973,-1419
ALB,1972,-1588
ALB,1971,-911
ALB,1970,92
ALB,1969,2665
ALB,1968,10490
ALB,1967,12252
ALB,1966,11858
ALB,1965,9617
ALB,1964,6604
ALB,1963,4091
ALB,1962,2325
ALB,1961,829
ALB,1960,13734
DZA,2025,-27531
DZA,2024,-31240
DZA,2023,-25963
DZA,2022,-14684
DZA,2021,-10803
DZA,2020,-10798
DZA,2019,-27786
DZA,2018,-27146
DZA,2017,-14403
DZA,2016,-6438
DZA,2015,-27638
DZA,2014,-30064
DZA,2013,-30052
DZA,2012,-26763
DZA,2011,-20108
DZA,2010,-10788
DZA,2009,-4458
DZA,2008,-2101
DZA,2007,-25046
DZA,2006,-44138
DZA,2005,-51345
DZA,2004,-38648
DZA,2003,-39421
DZA,2002,-36255
DZA,2001,-26539
DZA,2000,-16454
DZA,1999,-5657
DZA,1998,-13991
DZA,1997,87582
DZA,1996,71139
DZA,1995,37817
DZA,1994,430
DZA,1993,14289
DZA,1992,44102
DZA,1991,-6945
DZA,1990,1962
DZA,1989,-234
DZA,1988,24376
DZA,1987,24933
DZA,1986,64381
DZA,1985,75729
DZA,1984,68774
DZA,1983,61292
DZA,1982,48660
DZA,1981,39043
DZA,1980,32879
DZA,1979,24311
DZA,1978,19317
DZA,1977,5360
DZA,1976,302662
DZA,1975,300482
DZA,1974,-27605
DZA,1973,-29938
DZA,1972,-32832
DZA,1971,-35141
DZA,1970,-37058
DZA,1969,-28535
DZA,1968,-23870
DZA,1967,-23983
DZA,1966,-29832
DZA,1965,-142810
DZA,1964,-108798
DZA,1963,-124175
DZA,1962,-112676
DZA,1961,-123928
DZA,1960,-55212
ASM,2025,-1051
ASM,2024,-1110
ASM,2023,-1159
ASM,2022,-1305
ASM,2021,-1333
ASM,2020,-653
ASM,2019,-1212
ASM,2018,-1256
ASM,2017,-1305
ASM,2016,-1349
ASM,2015,-1366
ASM,2014,-1367
ASM,2013,-1354
ASM,2012,-1332
ASM,2011,-1298
ASM,2010,-1261
ASM,2009,-1281
ASM,2008,-1342
ASM,2007,-1388
ASM,2006,-1460
ASM,2005,-1529
ASM,2004,-1544
ASM,2003,-1488
ASM,2002,-1412
ASM,2001,-1332
ASM,2000,-1068
ASM,1999,-536
ASM,1998,-459
ASM,1997,-412
ASM,1996,-407
ASM,1995,-449
ASM,1994,-523
ASM,1993,-568
ASM,1992,-491
ASM,1991,-420
ASM,1990,-219
ASM,1989,152
ASM,1988,217
ASM,1987,263
ASM,1986,289
ASM,1985,319
ASM,1984,344
ASM,1983,365
ASM,1982,354
ASM,1981,344
ASM,1980,129
ASM,1979,-390
ASM,1978,-355
ASM,1977,-320
ASM,1976,-291
ASM,1975,-272
ASM,1974,-393
ASM,1973,-408
ASM,1972,-381
ASM,1971,-382
ASM,1970,-295
ASM,1969,-83
ASM,1968,-68
ASM,1967,-110
ASM,1966,-22
ASM,1965,-93
ASM,1964,-100
ASM,1963,-97
ASM,1962,-94
ASM,1961,-93
ASM,1960,-257
AND,2025,843
AND,2024,988
AND,2023,1061
AND,2022,1102
AND,2021,1514
AND,2020,572
AND,2019,1245
AND,2018,1143
AND,2017,1357
AND,2016,1415
AND,2015,-1873
AND,2014,-1734
AND,2013,-1642
AND,2012,-2201
AND,2011,-363
AND,2010,-6194
AND,2009,-885
AND,2008,947
AND,2007,1566
AND,2006,2293
AND,2005,1317
AND,2004,4248
AND,2003,4924
AND,2002,528
AND,2001,155
AND,2000,-503
AND,1999,-365
AND,1998,94
AND,1997,343
AND,1996,154
AND,1995,-956
AND,1994,-1402
AND,1993,3137
AND,1992,2061
AND,1991,4121
AND,1990,3243
AND,1989,-38
AND,1988,1697
AND,1987,1094
AND,1986,2005
AND,1985,1079
AND,1984,1291
AND,1983,1377
AND,1982,1421
AND,1981,927
AND,1980,1010
AND,1979,1162
AND,1978,1247
AND,1977,1285
AND,1976,1286
AND,1975,1264
AND,1974,1222
AND,1973,1203
AND,1972,1177
AND,1971,1166
AND,1970,1145
AND,1969,1124
AND,1968,1094
AND,1967,1068
AND,1966,873
AND,1965,663
AND,1964,665
AND,1963,672
AND,1962,665
AND,1961,655
AND,1960,639
AGO,2025,-3524
AGO,2024,-2629
AGO,2023,-995
AGO,2022,-995
AGO,2021,29094
AGO,2020,7556
AGO,2019,58984
AGO,2018,61632
AGO,2017,77731
AGO,2016,91614
AGO,2015,74171
AGO,2014,84535
AGO,2013,124478
AGO,2012,130643
AGO,2011,128800
AGO,2010,122418
AGO,2009,105077
AGO,2008,100370
AGO,2007,100563
AGO,2006,95431
AGO,2005,87050
AGO,2004,90553
AGO,2003,80828
AGO,2002,82292
AGO,2001,77458
AGO,2000,72793
AGO,1999,70301
AGO,1998,70527
AGO,1997,67944
AGO,1996,61681
AGO,1995,55568
AGO,1994,61569
AGO,1993,52879
AGO,1992,53310
AGO,1991,46143
AGO,1990,64821
AGO,1989,63586
AGO,1988,65028
AGO,1987,62820
AGO,1986,64974
AGO,1985,74738
AGO,1984,78529
AGO,1983,82958
AGO,1982,75921
AGO,1981,70910
AGO,1980,72192
AGO,1979,64158
AGO,1978,61200
AGO,1977,61110
AGO,1976,47927
AGO,1975,52662
AGO,1974,53232
AGO,1973,54650
AGO,1972,47611
AGO,1971,4386
AGO,1970,-36456
AGO,1969,-90395
AGO,1968,-87730
AGO,1967,-85173
AGO,1966,-82767
AGO,1965,-81111
AGO,1964,-79977
AGO,1963,-78700
AGO,1962,-77265
AGO,1961,-74774
AGO,1960,-40935
ATG,2025,12
ATG,2024,9
ATG,2023,0
ATG,2022,0
ATG,2021,0
ATG,2020,0
ATG,2019,0
ATG,2018,0
ATG,2017,0
ATG,2016,0
ATG,2015,44
ATG,2014,97
ATG,2013,145
ATG,2012,196
ATG,2011,243
ATG,2010,291
ATG,2009,338
ATG,2008,369
ATG,2007,371
ATG,2006,315
ATG,2005,196
ATG,2004,93
ATG,2003,32
ATG,2002,40
ATG,2001,139
ATG,2000,263
ATG,1999,386
ATG,1998,456
ATG,1997,489
ATG,1996,505
ATG,1995,555
ATG,1994,535
ATG,1993,507
ATG,1992,424
ATG,1991,225
ATG,1990,-1085
ATG,1989,-1124
ATG,1988,-1168
ATG,1987,-1174
ATG,1986,-1175
ATG,1985,-1261
ATG,1984,-1182
ATG,1983,-761
ATG,1982,-798
ATG,1981,-810
ATG,1980,-824
ATG,1979,-854
ATG,1978,-889
ATG,1977,-942
ATG,1976,-1058
ATG,1975,-1203
ATG,1974,-1335
ATG,1973,-1436
ATG,1972,-1428
ATG,1971,-1203
ATG,1970,-861
ATG,1969,-271
ATG,1968,-382
ATG,1967,-481
ATG,1966,-563
ATG,1965,-601
ATG,1964,-590
ATG,1963,-738
ATG,1962,-712
ATG,1961,-685
ATG,1960,-351
ARG,2025,2859
ARG,2024,3454
ARG,2023,4133
ARG,2022,5589
ARG,2021,314
ARG,2020,292
ARG,2019,5397
ARG,2018,5742
ARG,2017,4931
ARG,2016,5215
ARG,2015,5464
ARG,2014,5794
ARG,2013,5275
ARG,2012,2978
ARG,2011,-1117
ARG,2010,-5003
ARG,2009,-7882
ARG,2008,-12517
ARG,2007,-18099
ARG,2006,-20109
ARG,2005,-22068
ARG,2004,-22381
ARG,2003,-22450
ARG,2002,-22674
ARG,2001,-23687
ARG,2000,-22775
ARG,1999,-20220
ARG,1998,-20326
ARG,1997,-20651
ARG,1996,-20486
ARG,1995,-19815
ARG,1994,-18723
ARG,1993,-16455
ARG,1992,-13201
ARG,1991,-8537
ARG,1990,15719
ARG,1989,26555
ARG,1988,37594
ARG,1987,40859
ARG,1986,38586
ARG,1985,46889
ARG,1984,47659
ARG,1983,46438
ARG,1982,29616
ARG,1981,16569
ARG,1980,1932
ARG,1979,-10213
ARG,1978,-14665
ARG,1977,-14675
ARG,1976,-10235
ARG,1975,-5293
ARG,1974,33134
ARG,1973,38589
ARG,1972,36050
ARG,1971,35442
ARG,1970,38355
ARG,1969,42688
ARG,1968,42014
ARG,1967,39711
ARG,1966,37752
ARG,1965,36083
ARG,1964,34530
ARG,1963,32866
ARG,1962,31449
ARG,1961,26322
ARG,1960,20387
ARM,2025,-29013
ARM,2024,-29966
ARM,2023,75000
ARM,2022,38001
ARM,2021,-19457
ARM,2020,-13046
ARM,2019,-14330
ARM,2018,-13129
ARM,2017,-14180
ARM,2016,-14697
ARM,2015,-15225
ARM,2014,-15745
ARM,2013,-16265
ARM,2012,-16782
ARM,2011,-17296
ARM,2010,-30009
ARM,2009,-30357
ARM,2008,-29732
ARM,2007,-29980
ARM,2006,-29921
ARM,2005,-29921
ARM,2004,-30103
ARM,2003,-29616
ARM,2002,-27792
ARM,2001,-51303
ARM,2000,-52780
ARM,1999,-51871
ARM,1998,-55171
ARM,1997,-51640
ARM,1996,-51023
ARM,1995,-50223
ARM,1994,-112569
ARM,1993,-126963
ARM,1992,-196270
ARM,1991,5422
ARM,1990,2122
ARM,1989,98517
ARM,1988,-13325
ARM,1987,-26879
ARM,1986,-27727
ARM,1985,-27710
ARM,1984,-25143
ARM,1983,-31993
ARM,1982,-30862
ARM,1981,-28487
ARM,1980,-26099
ARM,1979,-22659
ARM,1978,53277
ARM,1977,53042
ARM,1976,49014
ARM,1975,17829
ARM,1974,17995
ARM,1973,17425
ARM,1972,15836
ARM,1971,14094
ARM,1970,12700
ARM,1969,17128
ARM,1968,20855
ARM,1967,22014
ARM,1966,22131
ARM,1965,20809
ARM,1964,19028
ARM,1963,16252
ARM,1962,13898
ARM,1961,12102
ARM,1960,11827
ABW,2025,111
ABW,2024,141
ABW,2023,147
ABW,2022,152
ABW,2021,503
ABW,2020,0
ABW,2019,420
ABW,2018,431
ABW,2017,434
ABW,2016,405
ABW,2015,373
ABW,2014,333
ABW,2013,315
ABW,2012,317
ABW,2011,333
ABW,2010,501
ABW,2009,743
ABW,2008,703
ABW,2007,672
ABW,2006,634
ABW,2005,594
ABW,2004,326
ABW,2003,329
ABW,2002,349
ABW,2001,566
ABW,2000,1226
ABW,1999,2010
ABW,1998,1958
ABW,1997,1867
ABW,1996,1813
ABW,1995,1782
ABW,1994,1664
ABW,1993,1660
ABW,1992,1294
ABW,1991,1949
ABW,1990,879
ABW,1989,-185
ABW,1988,-905
ABW,1987,-1052
ABW,1986,-954
ABW,1985,-751
ABW,1984,-535
ABW,1983,-405
ABW,1982,-413
ABW,1981,-547
ABW,1980,-756
ABW,1979,-758
ABW,1978,-745
ABW,1977,-728
ABW,1976,-701
ABW,1975,-287
ABW,1974,-240
ABW,1973,-308
ABW,1972,-548
ABW,1971,-1205
ABW,1970,-1189
ABW,1969,-1165
ABW,1968,-1128
ABW,1967,-1066
ABW,1966,-762
ABW,1965,-727
ABW,1964,-682
ABW,1963,-650
ABW,1962,-601
ABW,1961,-566
ABW,1960,-788
AUS,2025,137109
AUS,2024,138510
AUS,2023,140232
AUS,2022,140972
AUS,2021,116768
AUS,2020,44447
AUS,2019,207142
AUS,2018,226412
AUS,2017,255023
AUS,2016,254648
AUS,2015,212350
AUS,2014,200177
AUS,2013,215823
AUS,2012,235776
AUS,2011,197657
AUS,2010,166752
AUS,2009,235628
AUS,2008,275773
AUS,2007,249873
AUS,2006,191985
AUS,2005,131371
AUS,2004,110072
AUS,2003,104437
AUS,2002,108852
AUS,2001,117552
AUS,2000,111186
AUS,1999,92900
AUS,1998,81310
AUS,1997,67661
AUS,1996,82965
AUS,1995,80456
AUS,1994,51941
AUS,1993,23833
AUS,1992,40767
AUS,1991,68847
AUS,1990,100093
AUS,1989,144042
AUS,1988,153330
AUS,1987,136421
AUS,1986,113061
AUS,1985,98327
AUS,1984,79617
AUS,1983,73251
AUS,1982,111722
AUS,1981,121921
AUS,1980,89189
AUS,1979,52137
AUS,1978,45832
AUS,1977,44946
AUS,1976,32792
AUS,1975,25336
AUS,1974,56167
AUS,1973,62928
AUS,1972,54895
AUS,1971,223991
AUS,1970,256295
AUS,1969,108770
AUS,1968,100963
AUS,1967,80904
AUS,1966,110864
AUS,1965,118891
AUS,1964,91588
AUS,1963,73237
AUS,1962,58315
AUS,1961,64495
AUS,1960,85707
AUT,2025,11254
AUT,2024,8813
AUT,2023,4819
AUT,2022,157365
AUT,2021,52150
AUT,2020,39601
AUT,2019,41090
AUT,2018,35296
AUT,2017,45478
AUT,2016,65976
AUT,2015,115175
AUT,2014,74375
AUT,2013,56726
AUT,2012,45014
AUT,2011,31887
AUT,2010,22570
AUT,2009,18222
AUT,2008,25405
AUT,2007,24616
AUT,2006,25787
AUT,2005,50676
AUT,2004,55007
AUT,2003,44362
AUT,2002,37508
AUT,2001,39866
AUT,2000,17631
AUT,1999,19949
AUT,1998,8702
AUT,1997,1589
AUT,1996,4077
AUT,1995,1890
AUT,1994,3113
AUT,1993,33688
AUT,1992,71451
AUT,1991,77417
AUT,1990,59873
AUT,1989,46232
AUT,1988,13807
AUT,1987,1434
AUT,1986,6630
AUT,1985,5940
AUT,1984,2906
AUT,1983,-1474
AUT,1982,-22711
AUT,1981,29590
AUT,1980,9811
AUT,1979,-1785
AUT,1978,-8131
AUT,1977,13245
AUT,1976,8336
AUT,1975,-24253
AUT,1974,-16276
AUT,1973,34856
AUT,1972,36703
AUT,1971,32392
AUT,1970,10601
AUT,1969,5896
AUT,1968,-6880
AUT,1967,21285
AUT,1966,18656
AUT,1965,10719
AUT,1964,3646
AUT,1963,4774
AUT,1962,1509
AUT,1961,-2760
AUT,1960,-1732
AZE,2025,8731
AZE,2024,10864
AZE,2023,-84122
AZE,2022,9086
AZE,2021,1073
AZE,2020,1073
AZE,2019,384
AZE,2018,-37559
AZE,2017,-11324
AZE,2016,4671
AZE,2015,1073
AZE,2014,1073
AZE,2013,2291
AZE,2012,1986
AZE,2011,1686
AZE,2010,1373
AZE,2009,883
AZE,2008,15047
AZE,2007,17112
AZE,2006,16909
AZE,2005,16431
AZE,2004,13486
AZE,2003,13153
AZE,2002,15068
AZE,2001,16252
AZE,2000,15938
AZE,1999,5300
AZE,1998,13101
AZE,1997,24475
AZE,1996,42667
AZE,1995,32139
AZE,1994,21376
AZE,1993,-12224
AZE,1992,-23984
AZE,1991,-49814
AZE,1990,-63324
AZE,1989,-101986
AZE,1988,-25290
AZE,1987,-69061
AZE,1986,-60841
AZE,1985,-57247
AZE,1984,-50685
AZE,1983,-28573
AZE,1982,-28467
AZE,1981,-28276
AZE,1980,-27778
AZE,1979,-24019
AZE,1978,14836
AZE,1977,39074
AZE,1976,40241
AZE,1975,-3847
AZE,1974,-3847
AZE,1973,-3847
AZE,1972,-3847
AZE,1971,-3847
AZE,1970,-3847
AZE,1969,-3847
AZE,1968,-3847
AZE,1967,-3847
AZE,1966,-3848
AZE,1965,-3848
AZE,1964,-1629
AZE,1963,-192
AZE,1962,-183
AZE,1961,-171
AZE,1960,-148
BHS,2025,935
BHS,2024,1018
BHS,2023,1001
BHS,2022,1001
BHS,2021,481
BHS,2020,0
BHS,2019,1002
BHS,2018,1002
BHS,2017,1002
BHS,2016,1002
BHS,2015,1002
BHS,2014,1002
BHS,2013,1002
BHS,2012,1047
BHS,2011,1381
BHS,2010,1898
BHS,2009,1613
BHS,2008,1474
BHS,2007,1727
BHS,2006,1735
BHS,2005,804
BHS,2004,1030
BHS,2003,949
BHS,2002,636
BHS,2001,290
BHS,2000,845
BHS,1999,418
BHS,1998,437
BHS,1997,445
BHS,1996,454
BHS,1995,460
BHS,1994,454
BHS,1993,445
BHS,1992,433
BHS,1991,412
BHS,1990,241
BHS,1989,523
BHS,1988,413
BHS,1987,326
BHS,1986,389
BHS,1985,469
BHS,1984,302
BHS,1983,243
BHS,1982,160
BHS,1981,125
BHS,1980,367
BHS,1979,484
BHS,1978,563
BHS,1977,586
BHS,1976,490
BHS,1975,323
BHS,1974,164
BHS,1973,125
BHS,1972,296
BHS,1971,825
BHS,1970,1517
BHS,1969,3068
BHS,1968,3405
BHS,1967,3123
BHS,1966,2816
BHS,1965,2488
BHS,1964,2129
BHS,1963,2814
BHS,1962,2729
BHS,1961,2547
BHS,1960,2290
BHR,2025,18128
BHR,2024,22699
BHR,2023,20002
BHR,2022,18975
BHR,2021,11882
BHR,2020,-5048
BHR,2019,-31967
BHR,2018,-25978
BHR,2017,21958
BHR,2016,46833
BHR,2015,36809
BHR,2014,40815
BHR,2013,35574
BHR,2012,12801
BHR,2011,-26107
BHR,2010,-19329
BHR,2009,46467
BHR,2008,47674
BHR,2007,47500
BHR,2006,46615
BHR,2005,45682
BHR,2004,45413
BHR,2003,45571
BHR,2002,45952
BHR,2001,34371
BHR,2000,2886
BHR,1999,3130
BHR,1998,3733
BHR,1997,4036
BHR,1996,4162
BHR,1995,3842
BHR,1994,3387
BHR,1993,2850
BHR,1992,2768
BHR,1991,4562
BHR,1990,5090
BHR,1989,5220
BHR,1988,5294
BHR,1987,5152
BHR,1986,4822
BHR,1985,4657
BHR,1984,4557
BHR,1983,4252
BHR,1982,3980
BHR,1981,4523
BHR,1980,6741
BHR,1979,6908
BHR,1978,6974
BHR,1977,7017
BHR,1976,6993
BHR,1975,6900
BHR,1974,6711
BHR,1973,6450
BHR,1972,6190
BHR,1971,3159
BHR,1970,-4939
BHR,1969,-4638
BHR,1968,-3952
BHR,1967,-829
BHR,1966,-718
BHR,1965,-415
BHR,1964,491
BHR,1963,714
BHR,1962,810
BHR,1961,1076
BHR,1960,1266
BGD,2025,-402100
BGD,2024,-473362
BGD,2023,-549918
BGD,2022,-549990
BGD,2021,-994722
BGD,2020,-1002522
BGD,2019,-1016796
BGD,2018,-1029069
BGD,2017,-1037176
BGD,2016,-918770
BGD,2015,-909223
BGD,2014,-889222
BGD,2013,-862944
BGD,2012,-829875
BGD,2011,-848910
BGD,2010,-1113727
BGD,2009,-1150194
BGD,2008,-1158420
BGD,2007,-1133553
BGD,2006,-1091865
BGD,2005,-1036635
BGD,2004,-970264
BGD,2003,-896335
BGD,2002,-819909
BGD,2001,-737740
BGD,2000,-512422
BGD,1999,-286256
BGD,1998,-286966
BGD,1997,-273442
BGD,1996,-254239
BGD,1995,-231304
BGD,1994,-206958
BGD,1993,-271677
BGD,1992,-246914
BGD,1991,-230852
BGD,1990,-404105
BGD,1989,-406910
BGD,1988,-395408
BGD,1987,-367475
BGD,1986,-331992
BGD,1985,-287872
BGD,1984,-245693
BGD,1983,-201909
BGD,1982,-156729
BGD,1981,-184884
BGD,1980,-515918
BGD,1979,-507354
BGD,1978,-486721
BGD,1977,-458491
BGD,1976,-424970
BGD,1975,-390212
BGD,1974,-277545
BGD,1973,-77324
BGD,1972,-269033
BGD,1971,224369
BGD,1970,-73719
BGD,1969,-125010
BGD,1968,-7970
BGD,1967,23164
BGD,1966,3758
BGD,1965,47610
BGD,1964,25426
BGD,1963,23215
BGD,1962,26533
BGD,1961,26503
BGD,1960,13580
BRB,2025,-87
BRB,2024,-70
BRB,2023,-80
BRB,2022,-80
BRB,2021,-28
BRB,2020,0
BRB,2019,-65
BRB,2018,-65
BRB,2017,-65
BRB,2016,-65
BRB,2015,-65
BRB,2014,-65
BRB,2013,-65
BRB,2012,-64
BRB,2011,-54
BRB,2010,-36
BRB,2009,296
BRB,2008,526
BRB,2007,308
BRB,2006,317
BRB,2005,330
BRB,2004,273
BRB,2003,248
BRB,2002,308
BRB,2001,199
BRB,2000,-2628
BRB,1999,-1215
BRB,1998,-1068
BRB,1997,-1122
BRB,1996,-1164
BRB,1995,-1141
BRB,1994,-1096
BRB,1993,-1080
BRB,1992,-1076
BRB,1991,-1108
BRB,1990,-1474
BRB,1989,-1400
BRB,1988,-1301
BRB,1987,-1262
BRB,1986,-1377
BRB,1985,-1487
BRB,1984,-1447
BRB,1983,-1733
BRB,1982,-1794
BRB,1981,-1821
BRB,1980,-1687
BRB,1979,-2691
BRB,1978,-2725
BRB,1977,-2778
BRB,1976,-2836
BRB,1975,-2939
BRB,1974,-3222
BRB,1973,-3508
BRB,1972,-3665
BRB,1971,-4396
BRB,1970,-4852
BRB,1969,-4236
BRB,1968,-3693
BRB,1967,-3436
BRB,1966,-3201
BRB,1965,-3251
BRB,1964,-3277
BRB,1963,-3303
BRB,1962,-3327
BRB,1961,-3323
BRB,1960,-3315
BLR,2025,-3020
BLR,2024,-3119
BLR,2023,-3034
BLR,2022,-8000
BLR,2021,-33954
BLR,2020,-33954
BLR,2019,-33954
BLR,2018,8615
BLR,2017,3337
BLR,2016,8272
BLR,2015,18088
BLR,2014,14979
BLR,2013,10550
BLR,2012,10903
BLR,2011,5686
BLR,2010,10300
BLR,2009,13610
BLR,2008,-495
BLR,2007,-4013
BLR,2006,-8303
BLR,2005,-15451
BLR,2004,-10424
BLR,2003,-10795
BLR,2002,-11945
BLR,2001,-4469
BLR,2000,1812
BLR,1999,2028
BLR,1998,13192
BLR,1997,-235
BLR,1996,5205
BLR,1995,481
BLR,1994,-12570
BLR,1993,19652
BLR,1992,29477
BLR,1991,-5876
BLR,1990,-26497
BLR,1989,5639
BLR,1988,-5424
BLR,1987,-12462
BLR,1986,-11499
BLR,1985,-784
BLR,1984,-3051
BLR,1983,-2938
BLR,1982,3339
BLR,1981,14998
BLR,1980,16616
BLR,1979,395
BLR,1978,-11143
BLR,1977,-4925
BLR,1976,-5350
BLR,1975,-6302
BLR,1974,-5157
BLR,1973,-7357
BLR,1972,-7966
BLR,1971,-5818
BLR,1970,-8643
BLR,1969,-12833
BLR,1968,-7511
BLR,1967,-13409
BLR,1966,-14544
BLR,1965,-17979
BLR,1964,-17837
BLR,1963,-28653
BLR,1962,-32996
BLR,1961,-26780
BLR,1960,-27382
BEL,2025,31989
BEL,2024,36243
BEL,2023,41679
BEL,2022,118615
BEL,2021,24017
BEL,2020,43777
BEL,2019,58469
BEL,2018,50604
BEL,2017,37981
BEL,2016,28090
BEL,2015,63536
BEL,2014,37472
BEL,2013,28066
BEL,2012,45001
BEL,2011,52464
BEL,2010,105232
BEL,2009,97175
BEL,2008,66470
BEL,2007,59911
BEL,2006,53574
BEL,2005,50576
BEL,2004,35143
BEL,2003,34472
BEL,2002,39404
BEL,2001,34924
BEL,2000,13952
BEL,1999,16849
BEL,1998,12517
BEL,1997,10262
BEL,1996,15684
BEL,1995,1937
BEL,1994,17636
BEL,1993,18542
BEL,1992,25941
BEL,1991,27038
BEL,1990,8299
BEL,1989,7301
BEL,1988,3929
BEL,1987,3525
BEL,1986,2964
BEL,1985,2165
BEL,1984,1697
BEL,1983,1252
BEL,1982,1100
BEL,1981,2826
BEL,1980,11482
BEL,1979,11277
BEL,1978,10828
BEL,1977,10460
BEL,1976,10360
BEL,1975,9652
BEL,1974,8924
BEL,1973,8684
BEL,1972,8384
BEL,1971,7992
BEL,1970,19393
BEL,1969,20072
BEL,1968,19809
BEL,1967,19492
BEL,1966,18985
BEL,1965,18243
BEL,1964,17687
BEL,1963,16355
BEL,1962,14829
BEL,1961,10566
BEL,1960,9893
BLZ,2025,360
BLZ,2024,490
BLZ,2023,595
BLZ,2022,5936
BLZ,2021,-173
BLZ,2020,64
BLZ,2019,-606
BLZ,2018,187
BLZ,2017,1705
BLZ,2016,3313
BLZ,2015,1596
BLZ,2014,1456
BLZ,2013,1505
BLZ,2012,1524
BLZ,2011,1582
BLZ,2010,1639
BLZ,2009,2728
BLZ,2008,2627
BLZ,2007,2521
BLZ,2006,2321
BLZ,2005,2073
BLZ,2004,1980
BLZ,2003,1870
BLZ,2002,1739
BLZ,2001,1640
BLZ,2000,1675
BLZ,1999,1968
BLZ,1998,2153
BLZ,1997,2072
BLZ,1996,1365
BLZ,1995,273
BLZ,1994,-798
BLZ,1993,-1521
BLZ,1992,-1634
BLZ,1991,-1699
BLZ,1990,-1763
BLZ,1989,-1654
BLZ,1988,-1579
BLZ,1987,-1527
BLZ,1986,-1475
BLZ,1985,-1402
BLZ,1984,-1381
BLZ,1983,-1414
BLZ,1982,-1410
BLZ,1981,-1354
BLZ,1980,-1350
BLZ,1979,-1844
BLZ,1978,-1960
BLZ,1977,-1843
BLZ,1976,-1731
BLZ,1975,-1624
BLZ,1974,-2399
BLZ,1973,-2227
BLZ,1972,-2029
BLZ,1971,-1693
BLZ,1970,-1297
BLZ,1969,-148
BLZ,1968,214
BLZ,1967,265
BLZ,1966,214
BLZ,1965,112
BLZ,1964,-25
BLZ,1963,-170
BLZ,1962,-450
BLZ,1961,-347
BLZ,1960,-577
BEN,2025,-7847
BEN,2024,-7725
BEN,2023,-192
BEN,2022,-192
BEN,2021,1729
BEN,2020,1729
BEN,2019,3366
BEN,2018,3372
BEN,2017,3716
BEN,2016,3837
BEN,2015,3369
BEN,2014,3667
BEN,2013,-887
BEN,2012,1260
BEN,2011,4283
BEN,2010,3947
BEN,2009,4279
BEN,2008,3198
BEN,2007,241
BEN,2006,-15135
BEN,2005,30495
BEN,2004,4173
BEN,2003,4283
BEN,2002,3572
BEN,2001,3732
BEN,2000,3335
BEN,1999,3177
BEN,1998,2051
BEN,1997,-1322
BEN,1996,-16490
BEN,1995,-45469
BEN,1994,-85128
BEN,1993,156223
BEN,1992,-138
BEN,1991,0
BEN,1990,-333
BEN,1989,-315
BEN,1988,-1867
BEN,1987,-1792
BEN,1986,-1899
BEN,1985,-1953
BEN,1984,-2018
BEN,1983,-2090
BEN,1982,-2253
BEN,1981,-2543
BEN,1980,-2946
BEN,1979,-3365
BEN,1978,-3731
BEN,1977,-4022
BEN,1976,-4308
BEN,1975,-4607
BEN,1974,-4814
BEN,1973,-4960
BEN,1972,-4970
BEN,1971,-4921
BEN,1970,-4851
BEN,1969,-4792
BEN,1968,-4756
BEN,1967,-4756
BEN,1966,-4764
BEN,1965,-4793
BEN,1964,-4839
BEN,1963,-4847
BEN,1962,-4844
BEN,1961,-4791
BEN,1960,-4722
BMU,2025,-2
BMU,2024,-5
BMU,2023,0
BMU,2022,0
BMU,2021,286
BMU,2020,286
BMU,2019,286
BMU,2018,302
BMU,2017,221
BMU,2016,0
BMU,2015,-117
BMU,2014,-99
BMU,2013,-125
BMU,2012,-237
BMU,2011,-196
BMU,2010,-201
BMU,2009,-2
BMU,2008,32
BMU,2007,27
BMU,2006,-171
BMU,2005,-69
BMU,2004,-182
BMU,2003,-114
BMU,2002,-114
BMU,2001,-138
BMU,2000,-50
BMU,1999,101
BMU,1998,89
BMU,1997,118
BMU,1996,-79
BMU,1995,-51
BMU,1994,0
BMU,1993,0
BMU,1992,23
BMU,1991,-23
BMU,1990,34
BMU,1989,24
BMU,1988,36
BMU,1987,76
BMU,1986,-50
BMU,1985,-33
BMU,1984,0
BMU,1983,-45
BMU,1982,23
BMU,1981,41
BMU,1980,-145
BMU,1979,-300
BMU,1978,-293
BMU,1977,-218
BMU,1976,-263
BMU,1975,-335
BMU,1974,-352
BMU,1973,-359
BMU,1972,-341
BMU,1971,-291
BMU,1970,222
BMU,1969,389
BMU,1968,381
BMU,1967,338
BMU,1966,494
BMU,1965,398
BMU,1964,346
BMU,1963,345
BMU,1962,360
BMU,1961,392
BMU,1960,-57
BTN,2025,455
BTN,2024,-277
BTN,2023,291
BTN,2022,291
BTN,2021,287
BTN,2020,287
BTN,2019,287
BTN,2018,287
BTN,2017,287
BTN,2016,1116
BTN,2015,450
BTN,2014,452
BTN,2013,309
BTN,2012,20
BTN,2011,-464
BTN,2010,-922
BTN,2009,-1305
BTN,2008,-1538
BTN,2007,-1553
BTN,2006,-1283
BTN,2005,848
BTN,2004,3642
BTN,2003,3921
BTN,2002,3996
BTN,2001,3874
BTN,2000,3940
BTN,1999,3542
BTN,1998,486
BTN,1997,-1994
BTN,1996,-1998
BTN,1995,-21501
BTN,1994,-17997
BTN,1993,-9800
BTN,1992,-65900
BTN,1991,-9522
BTN,1990,-1000
BTN,1989,1180
BTN,1988,1286
BTN,1987,1481
BTN,1986,1586
BTN,1985,1694
BTN,1984,1779
BTN,1983,1897
BTN,1982,1897
BTN,1981,2096
BTN,1980,2307
BTN,1979,2493
BTN,1978,2700
BTN,1977,2700
BTN,1976,2700
BTN,1975,2700
BTN,1974,2700
BTN,1973,2700
BTN,1972,2700
BTN,1971,2700
BTN,1970,2700
BTN,1969,2700
BTN,1968,2593
BTN,1967,2493
BTN,1966,2407
BTN,1965,2307
BTN,1964,2196
BTN,1963,2096
BTN,1962,2096
BTN,1961,1586
BTN,1960,1481
BOL,2025,-3179
BOL,2024,-3000
BOL,2023,-3008
BOL,2022,-3008
BOL,2021,-4663
BOL,2020,-4663
BOL,2019,-8981
BOL,2018,-9344
BOL,2017,-9669
BOL,2016,-10071
BOL,2015,-10525
BOL,2014,-10971
BOL,2013,-11369
BOL,2012,-11689
BOL,2011,-12106
BOL,2010,-12590
BOL,2009,-13055
BOL,2008,-13418
BOL,2007,-13669
BOL,2006,-14107
BOL,2005,-15594
BOL,2004,-17385
BOL,2003,-19621
BOL,2002,-22188
BOL,2001,-24405
BOL,2000,-26940
BOL,1999,-28074
BOL,1998,-28378
BOL,1997,-28566
BOL,1996,-28685
BOL,1995,-28204
BOL,1994,-27621
BOL,1993,-26856
BOL,1992,-25005
BOL,1991,-23982
BOL,1990,-21917
BOL,1989,-20720
BOL,1988,-19568
BOL,1987,-18948
BOL,1986,-18297
BOL,1985,-17558
BOL,1984,-16625
BOL,1983,-15432
BOL,1982,-14580
BOL,1981,-13476
BOL,1980,-11762
BOL,1979,-9923
BOL,1978,-8462
BOL,1977,-7714
BOL,1976,-7063
BOL,1975,-6424
BOL,1974,-5873
BOL,1973,-5457
BOL,1972,-5224
BOL,1971,-5057
BOL,1970,-4915
BOL,1969,-4784
BOL,1968,-4679
BOL,1967,-4586
BOL,1966,-4507
BOL,1965,-4444
BOL,1964,-4352
BOL,1963,-4233
BOL,1962,-4026
BOL,1961,-3642
BOL,1960,-3144
BIH,2025,-6994
BIH,2024,-4497
BIH,2023,-485
BIH,2022,-485
BIH,2021,-25865
BIH,2020,-26840
BIH,2019,-27841
BIH,2018,-29147
BIH,2017,-30650
BIH,2016,-32173
BIH,2015,-33948
BIH,2014,-35683
BIH,2013,-37002
BIH,2012,-66378
BIH,2011,-64875
BIH,2010,-67228
BIH,2009,-68182
BIH,2008,-68140
BIH,2007,-65335
BIH,2006,-38622
BIH,2005,-37086
BIH,2004,-68008
BIH,2003,-27396
BIH,2002,-13312
BIH,2001,9055
BIH,2000,8138
BIH,1999,25495
BIH,1998,24335
BIH,1997,80133
BIH,1996,173193
BIH,1995,126914
BIH,1994,-157427
BIH,1993,-178416
BIH,1992,-436814
BIH,1991,-26483
BIH,1990,-22829
BIH,1989,-19634
BIH,1988,-17058
BIH,1987,-14853
BIH,1986,-12941
BIH,1985,-11429
BIH,1984,-10321
BIH,1983,-9599
BIH,1982,-9298
BIH,1981,-9384
BIH,1980,-7368
BIH,1979,-7454
BIH,1978,-9382
BIH,1977,-11834
BIH,1976,-13778
BIH,1975,-14348
BIH,1974,-14345
BIH,1973,-14043
BIH,1972,-14807
BIH,1971,-15829
BIH,1970,-20714
BIH,1969,-21229
BIH,1968,-20704
BIH,1967,-21195
BIH,1966,-23196
BIH,1965,-24330
BIH,1964,-23922
BIH,1963,-22611
BIH,1962,-21531
BIH,1961,-14655
BIH,1960,-6481
BWA,2025,-5665
BWA,2024,-5778
BWA,2023,-6487
BWA,2022,-7306
BWA,2021,-4083
BWA,2020,-11330
BWA,2019,-11770
BWA,2018,-11623
BWA,2017,-10916
BWA,2016,-10286
BWA,2015,-9599
BWA,2014,-8893
BWA,2013,-7836
BWA,2012,-6636
BWA,2011,-1019
BWA,2010,5151
BWA,2009,4960
BWA,2008,4343
BWA,2007,3926
BWA,2006,4270
BWA,2005,4283
BWA,2004,4314
BWA,2003,4488
BWA,2002,4747
BWA,2001,7991
BWA,2000,9798
BWA,1999,9762
BWA,1998,9685
BWA,1997,9597
BWA,1996,9368
BWA,1995,9464
BWA,1994,9023
BWA,1993,8441
BWA,1992,8026
BWA,1991,4311
BWA,1990,2580
BWA,1989,1495
BWA,1988,-215
BWA,1987,2624
BWA,1986,2558
BWA,1985,2683
BWA,1984,2393
BWA,1983,1980
BWA,1982,1751
BWA,1981,7610
BWA,1980,-10849
BWA,1979,15918
BWA,1978,26015
BWA,1977,13708
BWA,1976,11914
BWA,1975,11086
BWA,1974,8854
BWA,1973,10615
BWA,1972,5937
BWA,1971,-3016
BWA,1970,-16054
BWA,1969,-15870
BWA,1968,-15681
BWA,1967,-15438
BWA,1966,-15140
BWA,1965,-14753
BWA,1964,-4126
BWA,1963,-4000
BWA,1962,-4028
BWA,1961,-4168
BWA,1960,-4331
BRA,2025,-217283
BRA,2024,-225510
BRA,2023,-240059
BRA,2022,-253639
BRA,2021,-208581
BRA,2020,-78437
BRA,2019,-129216
BRA,2018,-230334
BRA,2017,-156296
BRA,2016,-92989
BRA,2015,-173611
BRA,2014,-145732
BRA,2013,-157228
BRA,2012,-179707
BRA,2011,-235860
BRA,2010,-261539
BRA,2009,-220207
BRA,2008,-141056
BRA,2007,-107481
BRA,2006,-90634
BRA,2005,-88868
BRA,2004,-76661
BRA,2003,-55350
BRA,2002,-42008
BRA,2001,-51600
BRA,2000,-45800
BRA,1999,-23497
BRA,1998,21666
BRA,1997,-72392
BRA,1996,-71943
BRA,1995,-69963
BRA,1994,-68961
BRA,1993,-69070
BRA,1992,14394
BRA,1991,-66600
BRA,1990,-30555
BRA,1989,-60023
BRA,1988,-72825
BRA,1987,-77800
BRA,1986,-90973
BRA,1985,-60879
BRA,1984,-70035
BRA,1983,-76322
BRA,1982,-90766
BRA,1981,-65971
BRA,1980,-38918
BRA,1979,-32503
BRA,1978,-23416
BRA,1977,-19478
BRA,1976,-20612
BRA,1975,-25499
BRA,1974,-24093
BRA,1973,-24071
BRA,1972,-23584
BRA,1971,-23421
BRA,1970,-18779
BRA,1969,-7763
BRA,1968,-8856
BRA,1967,-10033
BRA,1966,-9317
BRA,1965,-8824
BRA,1964,-8146
BRA,1963,-8136
BRA,1962,-7171
BRA,1961,75
BRA,1960,4066
VGB,2025,153
VGB,2024,212
VGB,2023,587
VGB,2022,550
VGB,2021,326
VGB,2020,888
VGB,2019,419
VGB,2018,2913
VGB,2017,891
VGB,2016,-3433
VGB,2015,1904
VGB,2014,835
VGB,2013,1367
VGB,2012,1088
VGB,2011,1915
VGB,2010,-125
VGB,2009,756
VGB,2008,793
VGB,2007,730
VGB,2006,704
VGB,2005,654
VGB,2004,589
VGB,2003,587
VGB,2002,567
VGB,2001,444
VGB,2000,313
VGB,1999,308
VGB,1998,334
VGB,1997,244
VGB,1996,244
VGB,1995,245
VGB,1994,243
VGB,1993,203
VGB,1992,178
VGB,1991,229
VGB,1990,351
VGB,1989,334
VGB,1988,325
VGB,1987,320
VGB,1986,312
VGB,1985,297
VGB,1984,293
VGB,1983,290
VGB,1982,284
VGB,1981,285
VGB,1980,58
VGB,1979,-140
VGB,1978,-144
VGB,1977,-138
VGB,1976,-135
VGB,1975,-129
VGB,1974,-127
VGB,1973,-121
VGB,1972,-117
VGB,1971,-111
VGB,1970,-101
VGB,1969,388
VGB,1968,208
VGB,1967,74
VGB,1966,0
VGB,1965,-71
VGB,1964,-115
VGB,1963,-142
VGB,1962,-147
VGB,1961,-145
VGB,1960,-59
BRN,2025,0
BRN,2024,0
BRN,2023,0
BRN,2022,0
BRN,2021,0
BRN,2020,462
BRN,2019,456
BRN,2018,450
BRN,2017,440
BRN,2016,415
BRN,2015,356
BRN,2014,303
BRN,2013,285
BRN,2012,346
BRN,2011,1399
BRN,2010,2479
BRN,2009,2489
BRN,2008,2409
BRN,2007,2291
BRN,2006,1030
BRN,2005,1163
BRN,2004,1261
BRN,2003,1383
BRN,2002,1499
BRN,2001,1569
BRN,2000,1660
BRN,1999,1639
BRN,1998,1566
BRN,1997,1533
BRN,1996,1464
BRN,1995,1348
BRN,1994,1206
BRN,1993,1082
BRN,1992,969
BRN,1991,1087
BRN,1990,992
BRN,1989,1002
BRN,1988,962
BRN,1987,994
BRN,1986,1897
BRN,1985,1808
BRN,1984,1722
BRN,1983,1602
BRN,1982,1475
BRN,1981,1124
BRN,1980,995
BRN,1979,899
BRN,1978,791
BRN,1977,1157
BRN,1976,1080
BRN,1975,1047
BRN,1974,1011
BRN,1973,1007
BRN,1972,1053
BRN,1971,-476
BRN,1970,-1538
BRN,1969,1608
BRN,1968,1677
BRN,1967,1703
BRN,1966,1697
BRN,1965,1655
BRN,1964,1595
BRN,1963,1469
BRN,1962,1088
BRN,1961,1014
BRN,1960,982
BGR,2025,-2961
BGR,2024,524
BGR,2023,5173
BGR,2022,26498
BGR,2021,11756
BGR,2020,30167
BGR,2019,-2156
BGR,2018,-3873
BGR,2017,-6109
BGR,2016,-9482
BGR,2015,-4227
BGR,2014,-2180
BGR,2013,-1324
BGR,2012,-26334
BGR,2011,-23360
BGR,2010,-21668
BGR,2009,-19060
BGR,2008,-17595
BGR,2007,-16366
BGR,2006,-15184
BGR,2005,-14435
BGR,2004,-13604
BGR,2003,-13183
BGR,2002,-12735
BGR,2001,-30726
BGR,2000,-26211
BGR,1999,-23846
BGR,1998,-23262
BGR,1997,-22963
BGR,1996,-21520
BGR,1995,-22020
BGR,1994,-20984
BGR,1993,-19973
BGR,1992,-120552
BGR,1991,-119356
BGR,1990,-116817
BGR,1989,-114705
BGR,1988,215
BGR,1987,357
BGR,1986,1104
BGR,1985,-19230
BGR,1984,-1032
BGR,1983,-1872
BGR,1982,-1860
BGR,1981,-1830
BGR,1980,-2045
BGR,1979,-872
BGR,1978,-62769
BGR,1977,-11955
BGR,1976,-2522
BGR,1975,-38071
BGR,1974,-1402
BGR,1973,-5409
BGR,1972,-11296
BGR,1971,-7654
BGR,1970,-11315
BGR,1969,-3204
BGR,1968,-132
BGR,1967,-420
BGR,1966,-144
BGR,1965,-1406
BGR,1964,505
BGR,1963,500
BGR,1962,499
BGR,1961,378
BGR,1960,-1112
BFA,2025,-27130
BFA,2024,-25807
BFA,2023,-24957
BFA,2022,-24960
BFA,2021,-13079
BFA,2020,-5661
BFA,2019,-25240
BFA,2018,-23938
BFA,2017,-14780
BFA,2016,-7598
BFA,2015,-19726
BFA,2014,-17984
BFA,2013,-33212
BFA,2012,-20930
BFA,2011,-33391
BFA,2010,-42055
BFA,2009,-40148
BFA,2008,-40725
BFA,2007,-28202
BFA,2006,-4218
BFA,2005,9795
BFA,2004,17570
BFA,2003,15359
BFA,2002,16076
BFA,2001,10654
BFA,2000,3877
BFA,1999,-1922
BFA,1998,-5367
BFA,1997,-37200
BFA,1996,-44314
BFA,1995,-38943
BFA,1994,-37554
BFA,1993,-43784
BFA,1992,-45003
BFA,1991,-50451
BFA,1990,-32970
BFA,1989,-31843
BFA,1988,-30068
BFA,1987,-29081
BFA,1986,-25051
BFA,1985,-16623
BFA,1984,-12445
BFA,1983,-11618
BFA,1982,-15879
BFA,1981,-17797
BFA,1980,-15345
BFA,1979,-18559
BFA,1978,-19274
BFA,1977,-18914
BFA,1976,-25786
BFA,1975,-30484
BFA,1974,-30599
BFA,1973,-34452
BFA,1972,-33679
BFA,1971,-34524
BFA,1970,-28832
BFA,1969,-28406
BFA,1968,-27461
BFA,1967,-26444
BFA,1966,-27301
BFA,1965,-25398
BFA,1964,-26307
BFA,1963,-26382
BFA,1962,-26040
BFA,1961,-24687
BFA,1960,-23220
BDI,2025,-34727
BDI,2024,-27074
BDI,2023,1995
BDI,2022,1995
BDI,2021,-14415
BDI,2020,-10189
BDI,2019,14253
BDI,2018,68141
BDI,2017,-68349
BDI,2016,-109296
BDI,2015,-236207
BDI,2014,-6856
BDI,2013,-2285
BDI,2012,22617
BDI,2011,-19513
BDI,2010,11845
BDI,2009,184359
BDI,2008,79319
BDI,2007,22129
BDI,2006,15322
BDI,2005,17905
BDI,2004,47091
BDI,2003,36719
BDI,2002,-16871
BDI,2001,9967
BDI,2000,-40032
BDI,1999,-34465
BDI,1998,13840
BDI,1997,-84126
BDI,1996,-226317
BDI,1995,-84697
BDI,1994,516373
BDI,1993,-684261
BDI,1992,35769
BDI,1991,-39236
BDI,1990,-39926
BDI,1989,-43561
BDI,1988,-46464
BDI,1987,-21179
BDI,1986,-55742
BDI,1985,-66574
BDI,1984,-29534
BDI,1983,-41756
BDI,1982,-3844
BDI,1981,-58723
BDI,1980,149361
BDI,1979,-40126
BDI,1978,8247
BDI,1977,1884
BDI,1976,-12848
BDI,1975,-20693
BDI,1974,10065
BDI,1973,2843
BDI,1972,-118457
BDI,1971,-7569
BDI,1970,-6346
BDI,1969,-25292
BDI,1968,-5917
BDI,1967,-9821
BDI,1966,5262
BDI,1965,-13947
BDI,1964,29639
BDI,1963,-11502
BDI,1962,-15378
BDI,1961,15094
BDI,1960,-14620
CPV,2025,-1284
CPV,2024,-1209
CPV,2023,-1226
CPV,2022,-1253
CPV,2021,0
CPV,2020,-3362
CPV,2019,-4001
CPV,2018,-4679
CPV,2017,-5550
CPV,2016,-6004
CPV,2015,-6226
CPV,2014,-6578
CPV,2013,-6622
CPV,2012,-6779
CPV,2011,-7226
CPV,2010,-5069
CPV,2009,-2618
CPV,2008,-2340
CPV,2007,-2200
CPV,2006,-2408
CPV,2005,-2768
CPV,2004,-2993
CPV,2003,-2898
CPV,2002,-2751
CPV,2001,-2528
CPV,2000,-2772
CPV,1999,-3371
CPV,1998,-3332
CPV,1997,-3211
CPV,1996,-3297
CPV,1995,-3125
CPV,1994,-3299
CPV,1993,-3393
CPV,1992,-3231
CPV,1991,-2924
CPV,1990,-2398
CPV,1989,-5704
CPV,1988,-6474
CPV,1987,-6418
CPV,1986,-6314
CPV,1985,-6192
CPV,1984,-6035
CPV,1983,-5834
CPV,1982,-5629
CPV,1981,-5684
CPV,1980,-5980
CPV,1979,-6875
CPV,1978,-6833
CPV,1977,-6730
CPV,1976,-6389
CPV,1975,-5829
CPV,1974,-6512
CPV,1973,-6410
CPV,1972,-6316
CPV,1971,-4085
CPV,1970,172
CPV,1969,1608
CPV,1968,1521
CPV,1967,1376
CPV,1966,1230
CPV,1965,1093
CPV,1964,1006
CPV,1963,945
CPV,1962,904
CPV,1961,49
CPV,1960,-2267
KHM,2025,-31469
KHM,2024,-32960
KHM,2023,-31837
KHM,2022,-31350
KHM,2021,-27025
KHM,2020,0
KHM,2019,-57268
KHM,2018,-86702
KHM,2017,-74362
KHM,2016,-51324
KHM,2015,-58101
KHM,2014,-56536
KHM,2013,-54554
KHM,2012,-52874
KHM,2011,-50941
KHM,2010,-49781
KHM,2009,-49354
KHM,2008,-50809
KHM,2007,-68653
KHM,2006,-60315
KHM,2005,-60473
KHM,2004,-58972
KHM,2003,-57026
KHM,2002,-55245
KHM,2001,-53815
KHM,2000,-50957
KHM,1999,-47608
KHM,1998,-33781
KHM,1997,504742
KHM,1996,508187
KHM,1995,503042
KHM,1994,488732
KHM,1993,187883
KHM,1992,275823
KHM,1991,58264
KHM,1990,58455
KHM,1989,55125
KHM,1988,-14627
KHM,1987,44442
KHM,1986,43356
KHM,1985,4677
KHM,1984,-29141
KHM,1983,46428
KHM,1982,-20026
KHM,1981,-22982
KHM,1980,-133508
KHM,1979,118334
KHM,1978,-84695
KHM,1977,-55504
KHM,1976,-52741
KHM,1975,-47717
KHM,1974,-45225
KHM,1973,-42053
KHM,1972,-40764
KHM,1971,-80232
KHM,1970,-193008
KHM,1969,-17676
KHM,1968,-17745
KHM,1967,-16983
KHM,1966,-17216
KHM,1965,-16930
KHM,1964,-16516
KHM,1963,-15929
KHM,1962,-3578
KHM,1961,-4764
KHM,1960,-5339
CMR,2025,-15379
CMR,2024,-13892
CMR,2023,-4798
CMR,2022,-4798
CMR,2021,-9888
CMR,2020,-9888
CMR,2019,-12255
CMR,2018,-9184
CMR,2017,-37912
CMR,2016,13255
CMR,2015,42008
CMR,2014,96599
CMR,2013,-6900
CMR,2012,-7523
CMR,2011,-12669
CMR,2010,-9366
CMR,2009,-10203
CMR,2008,-10720
CMR,2007,-10807
CMR,2006,-28528
CMR,2005,-27775
CMR,2004,-19444
CMR,2003,-18568
CMR,2002,-10766
CMR,2001,-19203
CMR,2000,-21221
CMR,1999,-17398
CMR,1998,-12446
CMR,1997,-13842
CMR,1996,-12738
CMR,1995,-12661
CMR,1994,-12028
CMR,1993,-9601
CMR,1992,-13702
CMR,1991,-14520
CMR,1990,-8163
CMR,1989,-11244
CMR,1988,-16016
CMR,1987,-3829
CMR,1986,-3671
CMR,1985,-3604
CMR,1984,-3512
CMR,1983,-37346
CMR,1982,-139974
CMR,1981,27845
CMR,1980,70589
CMR,1979,-12108
CMR,1978,-1282
CMR,1977,-20622
CMR,1976,-19994
CMR,1975,-237
CMR,1974,-377
CMR,1973,-466
CMR,1972,-473
CMR,1971,-439
CMR,1970,-367
CMR,1969,-286
CMR,1968,-204
CMR,1967,-148
CMR,1966,-96
CMR,1965,-39
CMR,1964,0
CMR,1963,0
CMR,1962,0
CMR,1961,0
CMR,1960,0
CAN,2025,326204
CAN,2024,368599
CAN,2023,433842
CAN,2022,459988
CAN,2021,198867
CAN,2020,256592
CAN,2019,387685
CAN,2018,420224
CAN,2017,372685
CAN,2016,329455
CAN,2015,224332
CAN,2014,192884
CAN,2013,239813
CAN,2012,243748
CAN,2011,227075
CAN,2010,225369
CAN,2009,244463
CAN,2008,238083
CAN,2007,213801
CAN,2006,202175
CAN,2005,204526
CAN,2004,194611
CAN,2003,185643
CAN,2002,208060
CAN,2001,222100
CAN,2000,201727
CAN,1999,158342
CAN,1998,142346
CAN,1997,144678
CAN,1996,154553
CAN,1995,141818
CAN,1994,134863
CAN,1993,133426
CAN,1992,138121
CAN,1991,134463
CAN,1990,181461
CAN,1989,258094
CAN,1988,238003
CAN,1987,171308
CAN,1986,121928
CAN,1985,69776
CAN,1984,55982
CAN,1983,66172
CAN,1982,89544
CAN,1981,113461
CAN,1980,122743
CAN,1979,86719
CAN,1978,52781
CAN,1977,70339
CAN,1976,106894
CAN,1975,139797
CAN,1974,155596
CAN,1973,125401
CAN,1972,89880
CAN,1971,210244
CAN,1970,304627
CAN,1969,93600
CAN,1968,108864
CAN,1967,132856
CAN,1966,144641
CAN,1965,112401
CAN,1964,68003
CAN,1963,51831
CAN,1962,35373
CAN,1961,34721
CAN,1960,49694
CYM,2025,888
CYM,2024,896
CYM,2023,921
CYM,2022,942
CYM,2021,965
CYM,2020,810
CYM,2019,859
CYM,2018,1011
CYM,2017,1065
CYM,2016,1094
CYM,2015,1107
CYM,2014,1105
CYM,2013,1077
CYM,2012,1060
CYM,2011,1024
CYM,2010,978
CYM,2009,951
CYM,2008,975
CYM,2007,990
CYM,2006,997
CYM,2005,1002
CYM,2004,1004
CYM,2003,1003
CYM,2002,1019
CYM,2001,1026
CYM,2000,1021
CYM,1999,960
CYM,1998,974
CYM,1997,1004
CYM,1996,1026
CYM,1995,1039
CYM,1994,1042
CYM,1993,1040
CYM,1992,1020
CYM,1991,982
CYM,1990,998
CYM,1989,700
CYM,1988,646
CYM,1987,663
CYM,1986,649
CYM,1985,646
CYM,1984,649
CYM,1983,648
CYM,1982,629
CYM,1981,578
CYM,1980,588
CYM,1979,425
CYM,1978,413
CYM,1977,456
CYM,1976,484
CYM,1975,492
CYM,1974,493
CYM,1973,460
CYM,1972,375
CYM,1971,500
CYM,1970,294
CYM,1969,43
CYM,1968,39
CYM,1967,41
CYM,1966,37
CYM,1965,28
CYM,1964,16
CYM,1963,1
CYM,1962,-6
CYM,1961,-7
CYM,1960,-24
CAF,2025,-14693
CAF,2024,-15357
CAF,2023,-14682
CAF,2022,-17430
CAF,2021,-85646
CAF,2020,-24745
CAF,2019,-36849
CAF,2018,-52954
CAF,2017,-58584
CAF,2016,-52607
CAF,2015,-63045
CAF,2014,-174051
CAF,2013,-112382
CAF,2012,-111764
CAF,2011,-86281
CAF,2010,-43126
CAF,2009,-28899
CAF,2008,-28983
CAF,2007,-30352
CAF,2006,-41282
CAF,2005,-13604
CAF,2004,-16510
CAF,2003,-18097
CAF,2002,5992
CAF,2001,-33006
CAF,2000,8079
CAF,1999,6284
CAF,1998,4479
CAF,1997,2034
CAF,1996,2697
CAF,1995,-12986
CAF,1994,9496
CAF,1993,9930
CAF,1992,9269
CAF,1991,4381
CAF,1990,1995
CAF,1989,409
CAF,1988,-31016
CAF,1987,-47428
CAF,1986,-47332
CAF,1985,-46427
CAF,1984,-45591
CAF,1983,-44780
CAF,1982,-43908
CAF,1981,-42872
CAF,1980,-41539
CAF,1979,-39850
CAF,1978,-37874
CAF,1977,-35782
CAF,1976,-33645
CAF,1975,-9895
CAF,1974,-9838
CAF,1973,-9800
CAF,1972,-9634
CAF,1971,-7259
CAF,1970,-3693
CAF,1969,-80
CAF,1968,474
CAF,1967,474
CAF,1966,474
CAF,1965,474
CAF,1964,474
CAF,1963,474
CAF,1962,474
CAF,1961,474
CAF,1960,474
TCD,2025,-123104
TCD,2024,204040
TCD,2023,496830
TCD,2022,36670
TCD,2021,74509
TCD,2020,36605
TCD,2019,-29451
TCD,2018,46661
TCD,2017,16916
TCD,2016,21540
TCD,2015,-48918
TCD,2014,20842
TCD,2013,51887
TCD,2012,9514
TCD,2011,29256
TCD,2010,10427
TCD,2009,9108
TCD,2008,36446
TCD,2007,-11339
TCD,2006,23052
TCD,2005,19281
TCD,2004,110387
TCD,2003,105140
TCD,2002,20400
TCD,2001,3484
TCD,2000,-3845
TCD,1999,17175
TCD,1998,2232
TCD,1997,3631
TCD,1996,1259
TCD,1995,152232
TCD,1994,986
TCD,1993,-146386
TCD,1992,6013
TCD,1991,112492
TCD,1990,-58884
TCD,1989,4924
TCD,1988,16085
TCD,1987,23220
TCD,1986,42093
TCD,1985,-30686
TCD,1984,-164489
TCD,1983,247
TCD,1982,217242
TCD,1981,-13232
TCD,1980,-210126
TCD,1979,-9974
TCD,1978,-34856
TCD,1977,-34318
TCD,1976,-29755
TCD,1975,-22768
TCD,1974,-15686
TCD,1973,-10737
TCD,1972,-9526
TCD,1971,-9153
TCD,1970,-8931
TCD,1969,-8714
TCD,1968,-8396
TCD,1967,-7771
TCD,1966,-6283
TCD,1965,-4384
TCD,1964,-2518
TCD,1963,-1228
TCD,1962,-890
TCD,1961,-760
TCD,1960,-672
CHI,2025,675
CHI,2024,747
CHI,2023,860
CHI,2022,820
CHI,2021,933
CHI,2020,858
CHI,2019,900
CHI,2018,890
CHI,2017,666
CHI,2016,307
CHI,2015,432
CHI,2014,721
CHI,2013,696
CHI,2012,741
CHI,2011,705
CHI,2010,742
CHI,2009,764
CHI,2008,745
CHI,2007,765
CHI,2006,805
CHI,2005,810
CHI,2004,768
CHI,2003,774
CHI,2002,802
CHI,2001,679
CHI,2000,169
CHI,1999,207
CHI,1998,267
CHI,1997,296
CHI,1996,236
CHI,1995,-291
CHI,1994,-184
CHI,1993,-39
CHI,1992,-109
CHI,1991,311
CHI,1990,1392
CHI,1989,1096
CHI,1988,1081
CHI,1987,1116
CHI,1986,1185
CHI,1985,1245
CHI,1984,1264
CHI,1983,1175
CHI,1982,1357
CHI,1981,1012
CHI,1980,249
CHI,1979,241
CHI,1978,249
CHI,1977,254
CHI,1976,456
CHI,1975,810
CHI,1974,931
CHI,1973,986
CHI,1972,1067
CHI,1971,1073
CHI,1970,1034
CHI,1969,944
CHI,1968,934
CHI,1967,928
CHI,1966,841
CHI,1965,793
CHI,1964,734
CHI,1963,683
CHI,1962,709
CHI,1961,685
CHI,1960,385
CHL,2025,51712
CHL,2024,58316
CHL,2023,62679
CHL,2022,59374
CHL,2021,65480
CHL,2020,26042
CHL,2019,181339
CHL,2018,237807
CHL,2017,220621
CHL,2016,135864
CHL,2015,55689
CHL,2014,52702
CHL,2013,36529
CHL,2012,30870
CHL,2011,28086
CHL,2010,26048
CHL,2009,24324
CHL,2008,22488
CHL,2007,20170
CHL,2006,17285
CHL,2005,14289
CHL,2004,11495
CHL,2003,9225
CHL,2002,7824
CHL,2001,6346
CHL,2000,7067
CHL,1999,8226
CHL,1998,10984
CHL,1997,3504
CHL,1996,2942
CHL,1995,2454
CHL,1994,1930
CHL,1993,1164
CHL,1992,0
CHL,1991,-2207
CHL,1990,-1274
CHL,1989,-6186
CHL,1988,-9131
CHL,1987,-11958
CHL,1986,-17148
CHL,1985,-18047
CHL,1984,-21188
CHL,1983,-23386
CHL,1982,-26646
CHL,1981,-28096
CHL,1980,-28060
CHL,1979,-29873
CHL,1978,-29644
CHL,1977,-29651
CHL,1976,-29967
CHL,1975,-30524
CHL,1974,-31211
CHL,1973,-31878
CHL,1972,-32584
CHL,1971,-34147
CHL,1970,-36079
CHL,1969,-36976
CHL,1968,-38224
CHL,1967,-38159
CHL,1966,-36446
CHL,1965,-33988
CHL,1964,-31261
CHL,1963,-29082
CHL,1962,-28023
CHL,1961,-27159
CHL,1960,-27184
CHN,2025,-268126
CHN,2024,-318992
CHN,2023,-567724
CHN,2022,-293846
CHN,2021,-379749
CHN,2020,-91577
CHN,2019,-656091
CHN,2018,-198206
CHN,2017,-94625
CHN,2016,-153056
CHN,2015,-646941
CHN,2014,-371108
CHN,2013,-188951
CHN,2012,-58864
CHN,2011,-416189
CHN,2010,-184144
CHN,2009,-177135
CHN,2008,-764370
CHN,2007,-1042019
CHN,2006,-759559
CHN,2005,-103701
CHN,2004,-770977
CHN,2003,-613223
CHN,2002,-761291
CHN,2001,-176419
CHN,2000,-62622
CHN,1999,-96102
CHN,1998,-40472
CHN,1997,-279251
CHN,1996,-250750
CHN,1995,-365986
CHN,1994,-723641
CHN,1993,-373316
CHN,1992,-142985
CHN,1991,-544650
CHN,1990,-11187
CHN,1989,-313476
CHN,1988,-282194
CHN,1987,-169170
CHN,1986,-79190
CHN,1985,-60929
CHN,1984,-51961
CHN,1983,-43756
CHN,1982,-36181
CHN,1981,-28016
CHN,1980,-20129
CHN,1979,-13704
CHN,1978,-9916
CHN,1977,-15323
CHN,1976,-55109
CHN,1975,-115173
CHN,1974,-175239
CHN,1973,-214997
CHN,1972,-215650
CHN,1971,-180153
CHN,1970,-126510
CHN,1969,-72836
CHN,1968,-37290
CHN,1967,1246654
CHN,1966,4165
CHN,1965,-130900
CHN,1964,-1250441
CHN,1963,-31383
CHN,1962,-31305
CHN,1961,-25578
CHN,1960,-16927
COL,2025,129139
COL,2024,141643
COL,2023,154521
COL,2022,183180
COL,2021,199070
COL,2020,227130
COL,2019,396826
COL,2018,495524
COL,2017,431072
COL,2016,104373
COL,2015,-41123
COL,2014,-67522
COL,2013,-64789
COL,2012,-56070
COL,2011,-46385
COL,2010,-34220
COL,2009,-46901
COL,2008,-63313
COL,2007,-49634
COL,2006,-39303
COL,2005,-41465
COL,2004,-25949
COL,2003,-33114
COL,2002,-24387
COL,2001,-28582
COL,2000,-27878
COL,1999,-22698
COL,1998,-8186
COL,1997,-23600
COL,1996,-28251
COL,1995,-33097
COL,1994,-16023
COL,1993,-30103
COL,1992,-15147
COL,1991,-48458
COL,1990,-7590
COL,1989,-21329
COL,1988,-25064
COL,1987,-36040
COL,1986,-42368
COL,1985,-21408
COL,1984,-18692
COL,1983,-13329
COL,1982,-37090
COL,1981,-50351
COL,1980,-44203
COL,1979,-63657
COL,1978,-67870
COL,1977,-67638
COL,1976,-98057
COL,1975,-84462
COL,1974,-80816
COL,1973,-75630
COL,1972,-77708
COL,1971,-84712
COL,1970,-66065
COL,1969,-64238
COL,1968,-61442
COL,1967,-57256
COL,1966,-59395
COL,1965,-51855
COL,1964,-53972
COL,1963,-52631
COL,1962,-50108
COL,1961,-47849
COL,1960,-49115
COM,2025,-2127
COM,2024,-2051
COM,2023,-2002
COM,2022,-2002
COM,2021,-1766
COM,2020,-1766
COM,2019,-2916
COM,2018,-2917
COM,2017,-2920
COM,2016,-2938
COM,2015,-2815
COM,2014,-2667
COM,2013,-2365
COM,2012,-3835
COM,2011,-3897
COM,2010,-3832
COM,2009,-3553
COM,2008,-3294
COM,2007,-3147
COM,2006,-3020
COM,2005,-2760
COM,2004,-2455
COM,2003,-4112
COM,2002,-1925
COM,2001,-2029
COM,2000,-2557
COM,1999,-3490
COM,1998,-4194
COM,1997,-4508
COM,1996,-4805
COM,1995,-4951
COM,1994,-5024
COM,1993,-5196
COM,1992,-5198
COM,1991,-3323
COM,1990,-2141
COM,1989,-1860
COM,1988,-1832
COM,1987,-1687
COM,1986,-1502
COM,1985,-1339
COM,1984,-1259
COM,1983,-1122
COM,1982,-1065
COM,1981,-999
COM,1980,-344
COM,1979,468
COM,1978,909
COM,1977,1377
COM,1976,1585
COM,1975,1986
COM,1974,1840
COM,1973,1684
COM,1972,1461
COM,1971,1216
COM,1970,966
COM,1969,769
COM,1968,592
COM,1967,465
COM,1966,-1408
COM,1965,-2261
COM,1964,-1924
COM,1963,-1764
COM,1962,-1667
COM,1961,-1518
COM,1960,-1406
COD,2025,-27309
COD,2024,-26968
COD,2023,-14992
COD,2022,-14991
COD,2021,-64639
COD,2020,-1633
COD,2019,-144920
COD,2018,-124246
COD,2017,176290
COD,2016,440748
COD,2015,-17711
COD,2014,36966
COD,2013,121097
COD,2012,53668
COD,2011,40891
COD,2010,8823
COD,2009,-46009
COD,2008,-82339
COD,2007,-99742
COD,2006,-29715
COD,2005,20384
COD,2004,4260
COD,2003,-106731
COD,2002,-17358
COD,2001,26523
COD,2000,79340
COD,1999,109761
COD,1998,295560
COD,1997,-527356
COD,1996,-777833
COD,1995,-273434
COD,1994,1232105
COD,1993,240176
COD,1992,252666
COD,1991,86721
COD,1990,219270
COD,1989,84415
COD,1988,101314
COD,1987,111220
COD,1986,70988
COD,1985,118791
COD,1984,190045
COD,1983,146095
COD,1982,97495
COD,1981,54656
COD,1980,51685
COD,1979,181028
COD,1978,268974
COD,1977,-26355
COD,1976,-25965
COD,1975,-972
COD,1974,3216
COD,1973,7414
COD,1972,2840
COD,1971,-5497
COD,1970,39116
COD,1969,46778
COD,1968,57274
COD,1967,64307
COD,1966,54443
COD,1965,61397
COD,1964,48207
COD,1963,41960
COD,1962,39431
COD,1961,35654
COD,1960,27673
COG,2025,-2999
COG,2024,-2491
COG,2023,-995
COG,2022,-995
COG,2021,-4476
COG,2020,-4472
COG,2019,-6268
COG,2018,-8856
COG,2017,-11601
COG,2016,-14783
COG,2015,-18207
COG,2014,-21598
COG,2013,-24605
COG,2012,-26643
COG,2011,5262
COG,2010,12318
COG,2009,86014
COG,2008,1774
COG,2007,31239
COG,2006,35475
COG,2005,38337
COG,2004,25412
COG,2003,26280
COG,2002,-16140
COG,2001,-764
COG,2000,79780
COG,1999,2470
COG,1998,10500
COG,1997,-20704
COG,1996,1085
COG,1995,3747
COG,1994,1850
COG,1993,10218
COG,1992,0
COG,1991,1966
COG,1990,-395
COG,1989,1214
COG,1988,22
COG,1987,525
COG,1986,367
COG,1985,182
COG,1984,0
COG,1983,-18720
COG,1982,-16664
COG,1981,-15630
COG,1980,-14972
COG,1979,-14378
COG,1978,-13356
COG,1977,-12673
COG,1976,-11971
COG,1975,-10944
COG,1974,-312
COG,1973,-22
COG,1972,0
COG,1971,0
COG,1970,0
COG,1969,0
COG,1968,0
COG,1967,0
COG,1966,0
COG,1965,0
COG,1964,0
COG,1963,0
COG,1962,0
COG,1961,0
COG,1960,0
CRI,2025,1000
CRI,2024,967
CRI,2023,995
CRI,2022,1006
CRI,2021,1018
CRI,2020,1029
CRI,2019,1653
CRI,2018,1673
CRI,2017,1671
CRI,2016,1649
CRI,2015,1617
CRI,2014,1589
CRI,2013,1579
CRI,2012,1587
CRI,2011,1695
CRI,2010,2357
CRI,2009,3432
CRI,2008,3794
CRI,2007,4080
CRI,2006,4321
CRI,2005,4567
CRI,2004,4856
CRI,2003,5216
CRI,2002,5812
CRI,2001,7119
CRI,2000,8826
CRI,1999,13253
CRI,1998,15556
CRI,1997,16954
CRI,1996,17393
CRI,1995,16609
CRI,1994,15587
CRI,1993,14431
CRI,1992,13069
CRI,1991,10757
CRI,1990,7949
CRI,1989,3758
CRI,1988,2414
CRI,1987,2267
CRI,1986,2302
CRI,1985,2357
CRI,1984,2402
CRI,1983,2449
CRI,1982,2453
CRI,1981,2431
CRI,1980,2387
CRI,1979,2349
CRI,1978,2296
CRI,1977,2228
CRI,1976,2129
CRI,1975,1992
CRI,1974,1839
CRI,1973,1468
CRI,1972,1366
CRI,1971,1296
CRI,1970,1137
CRI,1969,1017
CRI,1968,939
CRI,1967,926
CRI,1966,930
CRI,1965,932
CRI,1964,934
CRI,1963,938
CRI,1962,934
CRI,1961,924
CRI,1960,910
CIV,2025,11305
CIV,2024,7838
CIV,2023,6002
CIV,2022,26777
CIV,2021,1322
CIV,2020,-12390
CIV,2019,2043
CIV,2018,5395
CIV,2017,-796
CIV,2016,18568
CIV,2015,522
CIV,2014,-23011
CIV,2013,-250964
CIV,2012,-232712
CIV,2011,-200010
CIV,2010,-182689
CIV,2009,-168027
CIV,2008,-150037
CIV,2007,-130079
CIV,2006,-124651
CIV,2005,-117342
CIV,2004,-108869
CIV,2003,-99880
CIV,2002,-90503
CIV,2001,-76679
CIV,2000,-63843
CIV,1999,-42777
CIV,1998,109961
CIV,1997,124443
CIV,1996,125556
CIV,1995,124501
CIV,1994,120247
CIV,1993,113215
CIV,1992,104006
CIV,1991,92228
CIV,1990,79979
CIV,1989,67324
CIV,1988,53187
CIV,1987,45028
CIV,1986,48233
CIV,1985,50872
CIV,1984,52594
CIV,1983,53646
CIV,1982,53384
CIV,1981,51354
CIV,1980,47031
CIV,1979,40355
CIV,1978,31822
CIV,1977,22452
CIV,1976,12735
CIV,1975,79766
CIV,1974,79445
CIV,1973,78963
CIV,1972,77213
CIV,1971,69728
CIV,1970,58883
CIV,1969,48192
CIV,1968,41198
CIV,1967,40125
CIV,1966,40125
CIV,1965,40125
CIV,1964,40125
CIV,1963,40125
CIV,1962,39670
CIV,1961,36410
CIV,1960,31307
HRV,2025,-3481
HRV,2024,-5186
HRV,2023,10202
HRV,2022,11681
HRV,2021,-4517
HRV,2020,-8552
HRV,2019,-13239
HRV,2018,-25016
HRV,2017,-44557
HRV,2016,-32144
HRV,2015,-27501
HRV,2014,-13127
HRV,2013,-6245
HRV,2012,-4794
HRV,2011,-17463
HRV,2010,-3995
HRV,2009,1358
HRV,2008,6495
HRV,2007,8893
HRV,2006,10852
HRV,2005,10629
HRV,2004,15445
HRV,2003,12556
HRV,2002,10306
HRV,2001,19298
HRV,2000,-47629
HRV,1999,-47418
HRV,1998,-47931
HRV,1997,-52897
HRV,1996,-53688
HRV,1995,-51882
HRV,1994,-50444
HRV,1993,-49615
HRV,1992,-47865
HRV,1991,-31968
HRV,1990,9538
HRV,1989,8471
HRV,1988,7242
HRV,1987,6956
HRV,1986,6261
HRV,1985,5550
HRV,1984,5757
HRV,1983,6323
HRV,1982,7475
HRV,1981,4872
HRV,1980,-5486
HRV,1979,-5740
HRV,1978,-7329
HRV,1977,-7339
HRV,1976,-7400
HRV,1975,-7366
HRV,1974,-8076
HRV,1973,-8335
HRV,1972,-7277
HRV,1971,-5608
HRV,1970,-2359
HRV,1969,-2796
HRV,1968,-2799
HRV,1967,-3518
HRV,1966,-6341
HRV,1965,-5253
HRV,1964,-2090
HRV,1963,-1289
HRV,1962,-2176
HRV,1961,-6567
HRV,1960,-21768
CUB,2025,-22244
CUB,2024,-22356
CUB,2023,-22797
CUB,2022,-23149
CUB,2021,-11976
CUB,2020,-11976
CUB,2019,-23955
CUB,2018,-23779
CUB,2017,-23394
CUB,2016,-24146
CUB,2015,-24910
CUB,2014,-39426
CUB,2013,-37619
CUB,2012,-36101
CUB,2011,-35313
CUB,2010,-34121
CUB,2009,-35063
CUB,2008,-29427
CUB,2007,-19050
CUB,2006,-12619
CUB,2005,-16561
CUB,2004,-16776
CUB,2003,-24916
CUB,2002,-25535
CUB,2001,-23442
CUB,2000,-24980
CUB,1999,-31456
CUB,1998,-33863
CUB,1997,-35712
CUB,1996,-26105
CUB,1995,-29235
CUB,1994,-27501
CUB,1993,-24358
CUB,1992,-21867
CUB,1991,-20665
CUB,1990,-15438
CUB,1989,-14705
CUB,1988,-15474
CUB,1987,-16290
CUB,1986,-17146
CUB,1985,-18048
CUB,1984,-18994
CUB,1983,-19994
CUB,1982,-21055
CUB,1981,-22159
CUB,1980,-37114
CUB,1979,-35473
CUB,1978,-29839
CUB,1977,-36811
CUB,1976,-41042
CUB,1975,-46268
CUB,1974,-52697
CUB,1973,-52073
CUB,1972,-50031
CUB,1971,-43056
CUB,1970,-44466
CUB,1969,-47446
CUB,1968,-49387
CUB,1967,-49556
CUB,1966,-48509
CUB,1965,-46683
CUB,1964,-44406
CUB,1963,-41979
CUB,1962,-39116
CUB,1961,-33163
CUB,1960,-25396
CUW,2025,470
CUW,2024,513
CUW,2023,518
CUW,2022,518
CUW,2021,503
CUW,2020,992
CUW,2019,-9595
CUW,2018,25592
CUW,2017,537
CUW,2016,645
CUW,2015,842
CUW,2014,1063
CUW,2013,1283
CUW,2012,1469
CUW,2011,1516
CUW,2010,242
CUW,2009,484
CUW,2008,541
CUW,2007,533
CUW,2006,489
CUW,2005,438
CUW,2004,1006
CUW,2003,1014
CUW,2002,1035
CUW,2001,-982
CUW,2000,-2995
CUW,1999,-2963
CUW,1998,-2931
CUW,1997,-2900
CUW,1996,-2872
CUW,1995,-2847
CUW,1994,-2829
CUW,1993,-2776
CUW,1992,-2574
CUW,1991,-2428
CUW,1990,-2419
CUW,1989,-2405
CUW,1988,-2391
CUW,1987,-2381
CUW,1986,-2364
CUW,1985,-2351
CUW,1984,-2327
CUW,1983,-2295
CUW,1982,-2248
CUW,1981,-2116
CUW,1980,-2026
CUW,1979,-2001
CUW,1978,-1972
CUW,1977,-1949
CUW,1976,-1928
CUW,1975,-1901
CUW,1974,-1870
CUW,1973,-1841
CUW,1972,-1553
CUW,1971,-1401
CUW,1970,-1392
CUW,1969,-1384
CUW,1968,-1405
CUW,1967,-1446
CUW,1966,-1460
CUW,1965,-1477
CUW,1964,-1454
CUW,1963,-1431
CUW,1962,-1381
CUW,1961,-1306
CUW,1960,-1530
CYP,2025,7749
CYP,2024,8138
CYP,2023,8697
CYP,2022,9014
CYP,2021,9341
CYP,2020,9653
CYP,2019,9983
CYP,2018,10311
CYP,2017,10632
CYP,2016,10951
CYP,2015,11277
CYP,2014,11599
CYP,2013,11914
CYP,2012,12237
CYP,2011,12566
CYP,2010,11793
CYP,2009,11555
CYP,2008,11887
CYP,2007,12332
CYP,2006,12110
CYP,2005,12616
CYP,2004,12583
CYP,2003,12786
CYP,2002,12814
CYP,2001,11283
CYP,2000,10753
CYP,1999,11023
CYP,1998,10942
CYP,1997,10696
CYP,1996,10506
CYP,1995,10549
CYP,1994,10305
CYP,1993,10520
CYP,1992,2562
CYP,1991,1294
CYP,1990,1371
CYP,1989,1903
CYP,1988,1727
CYP,1987,2465
CYP,1986,2362
CYP,1985,2647
CYP,1984,2485
CYP,1983,2899
CYP,1982,-46
CYP,1981,-1171
CYP,1980,-2284
CYP,1979,-1232
CYP,1978,-735
CYP,1977,-521
CYP,1976,-1496
CYP,1975,-4820
CYP,1974,-8220
CYP,1973,-2877
CYP,1972,-1037
CYP,1971,-1586
CYP,1970,-2001
CYP,1969,-2744
CYP,1968,-3207
CYP,1967,-3451
CYP,1966,-3623
CYP,1965,-4184
CYP,1964,-3347
CYP,1963,-3005
CYP,1962,-3441
CYP,1961,-3695
CYP,1960,3766
CZE,2025,-112188
CZE,2024,-86169
CZE,2023,-14638
CZE,2022,329739
CZE,2021,4111
CZE,2020,4336
CZE,2019,5553
CZE,2018,5849
CZE,2017,5747
CZE,2016,5465
CZE,2015,5037
CZE,2014,6303
CZE,2013,5427
CZE,2012,5347
CZE,2011,16841
CZE,2010,34927
CZE,2009,31270
CZE,2008,29813
CZE,2007,27887
CZE,2006,26259
CZE,2005,26203
CZE,2004,26030
CZE,2003,25997
CZE,2002,26089
CZE,2001,21749
CZE,2000,4420
CZE,1999,5965
CZE,1998,6374
CZE,1997,6664
CZE,1996,6539
CZE,1995,6459
CZE,1994,6401
CZE,1993,7197
CZE,1992,6718
CZE,1991,5568
CZE,1990,-3529
CZE,1989,-2175
CZE,1988,-1359
CZE,1987,-1514
CZE,1986,-771
CZE,1985,-1173
CZE,1984,-1481
CZE,1983,-1971
CZE,1982,-1018
CZE,1981,-372
CZE,1980,1738
CZE,1979,-13
CZE,1978,-795
CZE,1977,-1968
CZE,1976,-2727
CZE,1975,-3057
CZE,1974,-2919
CZE,1973,-2625
CZE,1972,-2755
CZE,1971,-2598
CZE,1970,-9353
CZE,1969,-8133
CZE,1968,-8111
CZE,1967,-8137
CZE,1966,-8675
CZE,1965,-7545
CZE,1964,-6122
CZE,1963,-5753
CZE,1962,-6886
CZE,1961,-5712
CZE,1960,2748
DNK,2025,22103
DNK,2024,25639
DNK,2023,31006
DNK,2022,60219
DNK,2021,26887
DNK,2020,10851
DNK,2019,9488
DNK,2018,18919
DNK,2017,24561
DNK,2016,33391
DNK,2015,42284
DNK,2014,27242
DNK,2013,21359
DNK,2012,16871
DNK,2011,13495
DNK,2010,17533
DNK,2009,15551
DNK,2008,25775
DNK,2007,20560
DNK,2006,10491
DNK,2005,6887
DNK,2004,5166
DNK,2003,7228
DNK,2002,9629
DNK,2001,12192
DNK,2000,10441
DNK,1999,9520
DNK,1998,11098
DNK,1997,12269
DNK,1996,17534
DNK,1995,28958
DNK,1994,10766
DNK,1993,11411
DNK,1992,11937
DNK,1991,10827
DNK,1990,8667
DNK,1989,3720
DNK,1988,677
DNK,1987,6338
DNK,1986,11463
DNK,1985,9957
DNK,1984,4325
DNK,1983,1952
DNK,1982,235
DNK,1981,-1741
DNK,1980,803
DNK,1979,5808
DNK,1978,5678
DNK,1977,5548
DNK,1976,3182
DNK,1975,-10672
DNK,1974,-437
DNK,1973,7107
DNK,1972,7053
DNK,1971,-1159
DNK,1970,20947
DNK,1969,6687
DNK,1968,-3557
DNK,1967,1623
DNK,1966,2011
DNK,1965,-2098
DNK,1964,1333
DNK,1963,594
DNK,1962,3900
DNK,1961,3012
DNK,1960,-4047
DJI,2025,-581
DJI,2024,-11
DJI,2023,500
DJI,2022,500
DJI,2021,1300
DJI,2020,1300
DJI,2019,1322
DJI,2018,1435
DJI,2017,1535
DJI,2016,1623
DJI,2015,1723
DJI,2014,1900
DJI,2013,2033
DJI,2012,2104
DJI,2011,2090
DJI,2010,2129
DJI,2009,2770
DJI,2008,2148
DJI,2007,1253
DJI,2006,2719
DJI,2005,-3779
DJI,2004,-5249
DJI,2003,-5636
DJI,2002,5022
DJI,2001,7629
DJI,2000,5632
DJI,1999,7046
DJI,1998,10352
DJI,1997,13625
DJI,1996,2652
DJI,1995,-3163
DJI,1994,-15756
DJI,1993,8896
DJI,1992,-65203
DJI,1991,21510
DJI,1990,49970
DJI,1989,33465
DJI,1988,17242
DJI,1987,17545
DJI,1986,14543
DJI,1985,9997
DJI,1984,5452
DJI,1983,2441
DJI,1982,2450
DJI,1981,5502
DJI,1980,10121
DJI,1979,14726
DJI,1978,17788
DJI,1977,17961
DJI,1976,16028
DJI,1975,13029
DJI,1974,9910
DJI,1973,7583
DJI,1972,6690
DJI,1971,6184
DJI,1970,5004
DJI,1969,4995
DJI,1968,3001
DJI,1967,3001
DJI,1966,3014
DJI,1965,3023
DJI,1964,2846
DJI,1963,2257
DJI,1962,1695
DJI,1961,1136
DJI,1960,886
DMA,2025,-242
DMA,2024,-200
DMA,2023,-199
DMA,2022,-202
DMA,2021,-224
DMA,2020,-225
DMA,2019,-228
DMA,2018,-231
DMA,2017,-234
DMA,2016,-2032
DMA,2015,92
DMA,2014,-431
DMA,2013,1376
DMA,2012,-461
DMA,2011,307
DMA,2010,-206
DMA,2009,-198
DMA,2008,-264
DMA,2007,-297
DMA,2006,-316
DMA,2005,-259
DMA,2004,-254
DMA,2003,-252
DMA,2002,-248
DMA,2001,-585
DMA,2000,-973
DMA,1999,-947
DMA,1998,-805
DMA,1997,-803
DMA,1996,-838
DMA,1995,-885
DMA,1994,-984
DMA,1993,-1061
DMA,1992,-969
DMA,1991,-1183
DMA,1990,-1722
DMA,1989,-1651
DMA,1988,-1653
DMA,1987,-1661
DMA,1986,-1642
DMA,1985,-1617
DMA,1984,-1614
DMA,1983,-1615
DMA,1982,-1588
DMA,1981,-1420
DMA,1980,-1035
DMA,1979,-802
DMA,1978,-705
DMA,1977,-634
DMA,1976,-627
DMA,1975,-678
DMA,1974,-770
DMA,1973,-882
DMA,1972,-971
DMA,1971,-1022
DMA,1970,-847
DMA,1969,-406
DMA,1968,-488
DMA,1967,-605
DMA,1966,-715
DMA,1965,-816
DMA,1964,-911
DMA,1963,-978
DMA,1962,-1028
DMA,1961,-1044
DMA,1960,-759
DOM,2025,-35306
DOM,2024,-34806
DOM,2023,-34915
DOM,2022,-35153
DOM,2021,-17957
DOM,2020,-17957
DOM,2019,-35797
DOM,2018,-35934
DOM,2017,-36069
DOM,2016,-36219
DOM,2015,-36375
DOM,2014,-36543
DOM,2013,-36673
DOM,2012,-36737
DOM,2011,-36687
DOM,2010,-36587
DOM,2009,-36561
DOM,2008,-36723
DOM,2007,-37076
DOM,2006,-37170
DOM,2005,-37063
DOM,2004,-36851
DOM,2003,-36657
DOM,2002,-36575
DOM,2001,-36441
DOM,2000,-33256
DOM,1999,-30228
DOM,1998,-30108
DOM,1997,-30034
DOM,1996,-30018
DOM,1995,-29873
DOM,1994,-29610
DOM,1993,-30719
DOM,1992,-30262
DOM,1991,-29351
DOM,1990,-27397
DOM,1989,-26984
DOM,1988,-26552
DOM,1987,-25850
DOM,1986,-24772
DOM,1985,-23388
DOM,1984,-22239
DOM,1983,-21582
DOM,1982,-20886
DOM,1981,-19809
DOM,1980,-17485
DOM,1979,-16296
DOM,1978,-16909
DOM,1977,-17077
DOM,1976,-16866
DOM,1975,-16425
DOM,1974,-15402
DOM,1973,-14594
DOM,1972,-14262
DOM,1971,-14156
DOM,1970,-14255
DOM,1969,-14531
DOM,1968,-14901
DOM,1967,-15324
DOM,1966,-15701
DOM,1965,-15978
DOM,1964,-16059
DOM,1963,-15889
DOM,1962,-15389
DOM,1961,-14511
DOM,1960,-13344
ECU,2025,-17219
ECU,2024,-19704
ECU,2023,-21948
ECU,2022,-23090
ECU,2021,-28503
ECU,2020,-10320
ECU,2019,54921
ECU,2018,95482
ECU,2017,53707
ECU,2016,35461
ECU,2015,14724
ECU,2014,2273
ECU,2013,-6182
ECU,2012,-7883
ECU,2011,-8167
ECU,2010,-8330
ECU,2009,-8491
ECU,2008,-8799
ECU,2007,-9644
ECU,2006,-12679
ECU,2005,-16855
ECU,2004,-20940
ECU,2003,-22641
ECU,2002,-28090
ECU,2001,-35275
ECU,2000,-40859
ECU,1999,-43813
ECU,1998,-42550
ECU,1997,-47287
ECU,1996,-46082
ECU,1995,-45201
ECU,1994,-44399
ECU,1993,-41867
ECU,1992,-29958
ECU,1991,-32064
ECU,1990,-21164
ECU,1989,-16240
ECU,1988,-10977
ECU,1987,-4886
ECU,1986,-3345
ECU,1985,-494
ECU,1984,249
ECU,1983,578
ECU,1982,-1282
ECU,1981,-1605
ECU,1980,-517
ECU,1979,-1749
ECU,1978,-1518
ECU,1977,-1377
ECU,1976,-1264
ECU,1975,-1189
ECU,1974,-1133
ECU,1973,-1090
ECU,1972,-1078
ECU,1971,-1096
ECU,1970,-1091
ECU,1969,-518
ECU,1968,-582
ECU,1967,-623
ECU,1966,-710
ECU,1965,-957
ECU,1964,-1130
ECU,1963,-1254
ECU,1962,-1315
ECU,1961,-1317
ECU,1960,-1746
EGY,2025,-57305
EGY,2024,123884
EGY,2023,305006
EGY,2022,13707
EGY,2021,6161
EGY,2020,6016
EGY,2019,7050
EGY,2018,20788
EGY,2017,-80000
EGY,2016,-71604
EGY,2015,-193298
EGY,2014,-92801
EGY,2013,130305
EGY,2012,-2626
EGY,2011,126170
EGY,2010,-194100
EGY,2009,-175191
EGY,2008,-192199
EGY,2007,-173021
EGY,2006,-118055
EGY,2005,-37129
EGY,2004,-3044
EGY,2003,9854
EGY,2002,11205
EGY,2001,556
EGY,2000,27873
EGY,1999,22026
EGY,1998,78858
EGY,1997,-45599
EGY,1996,-44272
EGY,1995,-38920
EGY,1994,-36738
EGY,1993,-35669
EGY,1992,74950
EGY,1991,-33952
EGY,1990,406994
EGY,1989,52648
EGY,1988,66147
EGY,1987,58678
EGY,1986,31299
EGY,1985,112411
EGY,1984,122791
EGY,1983,129242
EGY,1982,51229
EGY,1981,4140
EGY,1980,738
EGY,1979,-64757
EGY,1978,-73664
EGY,1977,-73705
EGY,1976,-115544
EGY,1975,-62368
EGY,1974,-60174
EGY,1973,-55702
EGY,1972,-55282
EGY,1971,-56503
EGY,1970,-35064
EGY,1969,-6703
EGY,1968,-764
EGY,1967,6286
EGY,1966,10089
EGY,1965,17605
EGY,1964,20596
EGY,1963,25109
EGY,1962,25696
EGY,1961,23184
EGY,1960,-2954
SLV,2025,-23934
SLV,2024,-23102
SLV,2023,-23253
SLV,2022,-23255
SLV,2021,-27343
SLV,2020,-25213
SLV,2019,-55144
SLV,2018,-54163
SLV,2017,-50608
SLV,2016,-47491
SLV,2015,-51278
SLV,2014,-49126
SLV,2013,-49087
SLV,2012,-50546
SLV,2011,-53433
SLV,2010,-54688
SLV,2009,-55966
SLV,2008,-56086
SLV,2007,-56857
SLV,2006,-85789
SLV,2005,-86501
SLV,2004,-87466
SLV,2003,-89146
SLV,2002,-90908
SLV,2001,-92389
SLV,2000,-94861
SLV,1999,-97475
SLV,1998,-99293
SLV,1997,-96820
SLV,1996,-95977
SLV,1995,-92912
SLV,1994,-87318
SLV,1993,-80736
SLV,1992,-48232
SLV,1991,-50622
SLV,1990,-39689
SLV,1989,-38211
SLV,1988,-30806
SLV,1987,-32308
SLV,1986,-32181
SLV,1985,-29111
SLV,1984,-29767
SLV,1983,-35694
SLV,1982,-37159
SLV,1981,-97365
SLV,1980,-71318
SLV,1979,-44302
SLV,1978,-31463
SLV,1977,-28742
SLV,1976,-31317
SLV,1975,-26198
SLV,1974,-22844
SLV,1973,-19347
SLV,1972,-17317
SLV,1971,-16389
SLV,1970,-11367
SLV,1969,-4355
SLV,1968,-2919
SLV,1967,-3192
SLV,1966,-3945
SLV,1965,-5560
SLV,1964,-7937
SLV,1963,-9774
SLV,1962,-10307
SLV,1961,-4159
SLV,1960,-4885
GNQ,2025,3812
GNQ,2024,3891
GNQ,2023,3997
GNQ,2022,3997
GNQ,2021,6493
GNQ,2020,0
GNQ,2019,14695
GNQ,2018,15581
GNQ,2017,16399
GNQ,2016,17107
GNQ,2015,17697
GNQ,2014,18058
GNQ,2013,18106
GNQ,2012,17860
GNQ,2011,17604
GNQ,2010,22027
GNQ,2009,21235
GNQ,2008,19925
GNQ,2007,18433
GNQ,2006,16889
GNQ,2005,15548
GNQ,2004,28578
GNQ,2003,27696
GNQ,2002,27198
GNQ,2001,26919
GNQ,2000,26695
GNQ,1999,7846
GNQ,1998,7307
GNQ,1997,6696
GNQ,1996,6003
GNQ,1995,5300
GNQ,1994,4664
GNQ,1993,4175
GNQ,1992,3867
GNQ,1991,3642
GNQ,1990,3511
GNQ,1989,3545
GNQ,1988,3777
GNQ,1987,4482
GNQ,1986,6317
GNQ,1985,8816
GNQ,1984,11221
GNQ,1983,12766
GNQ,1982,12568
GNQ,1981,9605
GNQ,1980,4903
GNQ,1979,-235
GNQ,1978,-4553
GNQ,1977,-7131
GNQ,1976,-9377
GNQ,1975,-11398
GNQ,1974,-12983
GNQ,1973,-13875
GNQ,1972,-13576
GNQ,1971,-10760
GNQ,1970,-6499
GNQ,1969,-2237
GNQ,1968,565
GNQ,1967,974
GNQ,1966,915
GNQ,1965,837
GNQ,1964,735
GNQ,1963,632
GNQ,1962,528
GNQ,1961,384
GNQ,1960,210
ERI,2025,-6698
ERI,2024,-12696
ERI,2023,-15284
ERI,2022,-17134
ERI,2021,-14966
ERI,2020,-14967
ERI,2019,-29818
ERI,2018,-21403
ERI,2017,-38579
ERI,2016,-55431
ERI,2015,-52965
ERI,2014,-75696
ERI,2013,-33974
ERI,2012,-43269
ERI,2011,-32949
ERI,2010,-13361
ERI,2009,-24348
ERI,2008,17855
ERI,2007,-18131
ERI,2006,-49998
ERI,2005,-12835
ERI,2004,-6374
ERI,2003,76703
ERI,2002,-6574
ERI,2001,41760
ERI,2000,-33133
ERI,1999,-3769
ERI,1998,-31951
ERI,1997,-30768
ERI,1996,-52421
ERI,1995,136105
ERI,1994,-25841
ERI,1993,33688
ERI,1992,-22293
ERI,1991,-328546
ERI,1990,-12425
ERI,1989,-7330
ERI,1988,-3612
ERI,1987,-3613
ERI,1986,-1073
ERI,1985,-1073
ERI,1984,772
ERI,1983,1853
ERI,1982,1985
ERI,1981,1985
ERI,1980,1985
ERI,1979,1985
ERI,1978,1985
ERI,1977,1985
ERI,1976,1985
ERI,1975,1985
ERI,1974,1985
ERI,1973,1985
ERI,1972,1953
ERI,1971,1758
ERI,1970,1480
ERI,1969,1199
ERI,1968,1013
ERI,1967,1004
ERI,1966,1063
ERI,1965,1188
ERI,1964,1300
ERI,1963,1368
ERI,1962,1364
ERI,1961,1235
ERI,1960,1045
EST,2025,-13350
EST,2024,-7742
EST,2023,5717
EST,2022,39754
EST,2021,7043
EST,2020,3694
EST,2019,5386
EST,2018,7089
EST,2017,5202
EST,2016,1081
EST,2015,4261
EST,2014,-674
EST,2013,-2688
EST,2012,-3674
EST,2011,-3941
EST,2010,-3781
EST,2009,-2089
EST,2008,-2034
EST,2007,-2941
EST,2006,-5351
EST,2005,-5208
EST,2004,-3681
EST,2003,-3705
EST,2002,-2889
EST,2001,-3280
EST,2000,-3083
EST,1999,1419
EST,1998,-3296
EST,1997,-4066
EST,1996,-10540
EST,1995,-12655
EST,1994,-17984
EST,1993,-25501
EST,1992,-38391
EST,1991,-9712
EST,1990,-2660
EST,1989,-368
EST,1988,5256
EST,1987,5389
EST,1986,5260
EST,1985,5097
EST,1984,5006
EST,1983,4986
EST,1982,4832
EST,1981,4789
EST,1980,4619
EST,1979,4521
EST,1978,7234
EST,1977,7189
EST,1976,6942
EST,1975,6737
EST,1974,6594
EST,1973,6488
EST,1972,6432
EST,1971,6392
EST,1970,6158
EST,1969,8650
EST,1968,9403
EST,1967,9115
EST,1966,8998
EST,1965,8851
EST,1964,8734
EST,1963,8410
EST,1962,8248
EST,1961,7991
EST,1960,7762
SWZ,2025,-5775
SWZ,2024,-6754
SWZ,2023,-8549
SWZ,2022,-8549
SWZ,2021,-4242
SWZ,2020,-4242
SWZ,2019,-8439
SWZ,2018,-8546
SWZ,2017,-8658
SWZ,2016,-12481
SWZ,2015,-12582
SWZ,2014,-12724
SWZ,2013,-12664
SWZ,2012,-12294
SWZ,2011,-11596
SWZ,2010,-11334
SWZ,2009,-10989
SWZ,2008,-9822
SWZ,2007,-9271
SWZ,2006,-10923
SWZ,2005,-10330
SWZ,2004,-9863
SWZ,2003,-9595
SWZ,2002,-9209
SWZ,2001,-8788
SWZ,2000,-8563
SWZ,1999,-8421
SWZ,1998,-8505
SWZ,1997,-5911
SWZ,1996,-3049
SWZ,1995,-3023
SWZ,1994,-48259
SWZ,1993,-6692
SWZ,1992,6011
SWZ,1991,7496
SWZ,1990,7169
SWZ,1989,5477
SWZ,1988,14879
SWZ,1987,2417
SWZ,1986,1353
SWZ,1985,1792
SWZ,1984,-3949
SWZ,1983,-3429
SWZ,1982,-3574
SWZ,1981,-3464
SWZ,1980,-3350
SWZ,1979,-3210
SWZ,1978,-3040
SWZ,1977,-2838
SWZ,1976,-3469
SWZ,1975,-3794
SWZ,1974,-3665
SWZ,1973,-3555
SWZ,1972,-3435
SWZ,1971,-3325
SWZ,1970,-3230
SWZ,1969,-3127
SWZ,1968,-3029
SWZ,1967,-2964
SWZ,1966,-1557
SWZ,1965,-1578
SWZ,1964,-2049
SWZ,1963,-2358
SWZ,1962,-2390
SWZ,1961,-2270
SWZ,1960,-2082
ETH,2025,24054
ETH,2024,30069
ETH,2023,-11996
ETH,2022,-11996
ETH,2021,-1377
ETH,2020,38866
ETH,2019,-10807
ETH,2018,9302
ETH,2017,71766
ETH,2016,115823
ETH,2015,62785
ETH,2014,103122
ETH,2013,80955
ETH,2012,119517
ETH,2011,116793
ETH,2010,80213
ETH,2009,16315
ETH,2008,-20780
ETH,2007,-381
ETH,2006,-30512
ETH,2005,-44421
ETH,2004,-25430
ETH,2003,-13744
ETH,2002,-12925
ETH,2001,-19063
ETH,2000,-49891
ETH,1999,29142
ETH,1998,-3011
ETH,1997,-9119
ETH,1996,41456
ETH,1995,91727
ETH,1994,140715
ETH,1993,141545
ETH,1992,160106
ETH,1991,859737
ETH,1990,296014
ETH,1989,242614
ETH,1988,379966
ETH,1987,251387
ETH,1986,186227
ETH,1985,157476
ETH,1984,137632
ETH,1983,68022
ETH,1982,66702
ETH,1981,628135
ETH,1980,-903529
ETH,1979,-711455
ETH,1978,-210991
ETH,1977,-527133
ETH,1976,-36125
ETH,1975,-42540
ETH,1974,-4232
ETH,1973,347
ETH,1972,-3375
ETH,1971,-14510
ETH,1970,8589
ETH,1969,7258
ETH,1968,9992
ETH,1967,14437
ETH,1966,9160
ETH,1965,16348
ETH,1964,10749
ETH,1963,9418
ETH,1962,8960
ETH,1961,6938
ETH,1960,1696
FRO,2025,386
FRO,2024,488
FRO,2023,599
FRO,2022,614
FRO,2021,662
FRO,2020,548
FRO,2019,670
FRO,2018,676
FRO,2017,634
FRO,2016,541
FRO,2015,499
FRO,2014,85
FRO,2013,48
FRO,2012,8
FRO,2011,32
FRO,2010,-780
FRO,2009,-187
FRO,2008,-206
FRO,2007,-189
FRO,2006,-179
FRO,2005,-188
FRO,2004,319
FRO,2003,325
FRO,2002,327
FRO,2001,342
FRO,2000,301
FRO,1999,70
FRO,1998,109
FRO,1997,81
FRO,1996,51
FRO,1995,61
FRO,1994,-1310
FRO,1993,-1321
FRO,1992,-1280
FRO,1991,-1256
FRO,1990,-1203
FRO,1989,28
FRO,1988,22
FRO,1987,31
FRO,1986,16
FRO,1985,15
FRO,1984,118
FRO,1983,124
FRO,1982,130
FRO,1981,129
FRO,1980,119
FRO,1979,80
FRO,1978,106
FRO,1977,-3
FRO,1976,-13
FRO,1975,-38
FRO,1974,-63
FRO,1973,-86
FRO,1972,-74
FRO,1971,-41
FRO,1970,-155
FRO,1969,-242
FRO,1968,-274
FRO,1967,-285
FRO,1966,-232
FRO,1965,-116
FRO,1964,-133
FRO,1963,-136
FRO,1962,-129
FRO,1961,-119
FRO,1960,-63
FJI,2025,-3288
FJI,2024,-3278
FJI,2023,-3289
FJI,2022,-3557
FJI,2021,-6008
FJI,2020,-6008
FJI,2019,-11873
FJI,2018,-11738
FJI,2017,-11607
FJI,2016,-10441
FJI,2015,-10401
FJI,2014,-10493
FJI,2013,-10703
FJI,2012,-10114
FJI,2011,-10396
FJI,2010,-10354
FJI,2009,-10052
FJI,2008,-9812
FJI,2007,-7406
FJI,2006,-6562
FJI,2005,-6523
FJI,2004,-6484
FJI,2003,-6411
FJI,2002,-6106
FJI,2001,-6167
FJI,2000,-5909
FJI,1999,-5892
FJI,1998,-5654
FJI,1997,-5318
FJI,1996,-9902
FJI,1995,-12448
FJI,1994,-12300
FJI,1993,-12071
FJI,1992,-11802
FJI,1991,-11603
FJI,1990,-11081
FJI,1989,-10685
FJI,1988,-10138
FJI,1987,-9602
FJI,1986,-3943
FJI,1985,-1452
FJI,1984,-1421
FJI,1983,-1565
FJI,1982,-1509
FJI,1981,-1558
FJI,1980,-1632
FJI,1979,-1502
FJI,1978,-1609
FJI,1977,-1550
FJI,1976,-4370
FJI,1975,-5577
FJI,1974,-5414
FJI,1973,-4989
FJI,1972,-4848
FJI,1971,-4624
FJI,1970,-4371
FJI,1969,-4050
FJI,1968,-3857
FJI,1967,-3576
FJI,1966,-1623
FJI,1965,-832
FJI,1964,-812
FJI,1963,-838
FJI,1962,-889
FJI,1961,-943
FJI,1960,-981
FIN,2025,18246
FIN,2024,26894
FIN,2023,38156
FIN,2022,60353
FIN,2021,22484
FIN,2020,17504
FIN,2019,15671
FIN,2018,11822
FIN,2017,13356
FIN,2016,17321
FIN,2015,12655
FIN,2014,15915
FIN,2013,18164
FIN,2012,17894
FIN,2011,16798
FIN,2010,14080
FIN,2009,14877
FIN,2008,15626
FIN,2007,14027
FIN,2006,10820
FIN,2005,9251
FIN,2004,6956
FIN,2003,5929
FIN,2002,5255
FIN,2001,6241
FIN,2000,2497
FIN,1999,3604
FIN,1998,4417
FIN,1997,4925
FIN,1996,3757
FIN,1995,4325
FIN,1994,3834
FIN,1993,9036
FIN,1992,9356
FIN,1991,14515
FIN,1990,8920
FIN,1989,5775
FIN,1988,1765
FIN,1987,831
FIN,1986,1491
FIN,1985,2416
FIN,1984,3972
FIN,1983,6925
FIN,1982,7109
FIN,1981,5287
FIN,1980,-2212
FIN,1979,-6612
FIN,1978,-9348
FIN,1977,-5697
FIN,1976,-11843
FIN,1975,-3807
FIN,1974,5891
FIN,1973,11558
FIN,1972,12613
FIN,1971,12286
FIN,1970,-36579
FIN,1969,-42207
FIN,1968,-15561
FIN,1967,-5353
FIN,1966,-12059
FIN,1965,-21731
FIN,1964,-20414
FIN,1963,-7624
FIN,1962,-6852
FIN,1961,-11828
FIN,1960,-9489
FRA,2025,91737
FRA,2024,90527
FRA,2023,91862
FRA,2022,179377
FRA,2021,131465
FRA,2020,145593
FRA,2019,71972
FRA,2018,132925
FRA,2017,102984
FRA,2016,15548
FRA,2015,-345
FRA,2014,52342
FRA,2013,116297
FRA,2012,103287
FRA,2011,70178
FRA,2010,52644
FRA,2009,58032
FRA,2008,79528
FRA,2007,91973
FRA,2006,132512
FRA,2005,191417
FRA,2004,200629
FRA,2003,195616
FRA,2002,191373
FRA,2001,179476
FRA,2000,171637
FRA,1999,169448
FRA,1998,20216
FRA,1997,-15255
FRA,1996,-21463
FRA,1995,-17128
FRA,1994,-4232
FRA,1993,16892
FRA,1992,61964
FRA,1991,35201
FRA,1990,43323
FRA,1989,82052
FRA,1988,69935
FRA,1987,59890
FRA,1986,51642
FRA,1985,66149
FRA,1984,76175
FRA,1983,88166
FRA,1982,81084
FRA,1981,69365
FRA,1980,54718
FRA,1979,34295
FRA,1978,18692
FRA,1977,44918
FRA,1976,59515
FRA,1975,16139
FRA,1974,26203
FRA,1973,103910
FRA,1972,101223
FRA,1971,144321
FRA,1970,182941
FRA,1969,160403
FRA,1968,113115
FRA,1967,63018
FRA,1966,96097
FRA,1965,82879
FRA,1964,163039
FRA,1963,190925
FRA,1962,141634
FRA,1961,128618
FRA,1960,143032
PYF,2025,-1199
PYF,2024,-1261
PYF,2023,-1348
PYF,2022,-1348
PYF,2021,-1348
PYF,2020,-1443
PYF,2019,-2816
PYF,2018,-3802
PYF,2017,-2183
PYF,2016,-1802
PYF,2015,-1899
PYF,2014,-1953
PYF,2013,-1744
PYF,2012,-2182
PYF,2011,-2601
PYF,2010,-2917
PYF,2009,-2886
PYF,2008,-2940
PYF,2007,-1110
PYF,2006,-383
PYF,2005,-170
PYF,2004,-6
PYF,2003,78
PYF,2002,-687
PYF,2001,-712
PYF,2000,-721
PYF,1999,-734
PYF,1998,-430
PYF,1997,-455
PYF,1996,-994
PYF,1995,-1184
PYF,1994,-1271
PYF,1993,-1304
PYF,1992,-1173
PYF,1991,-1096
PYF,1990,-1105
PYF,1989,-889
PYF,1988,-694
PYF,1987,-193
PYF,1986,-208
PYF,1985,-308
PYF,1984,-251
PYF,1983,684
PYF,1982,1025
PYF,1981,997
PYF,1980,1108
PYF,1979,1193
PYF,1978,1136
PYF,1977,715
PYF,1976,474
PYF,1975,526
PYF,1974,546
PYF,1973,544
PYF,1972,512
PYF,1971,479
PYF,1970,542
PYF,1969,407
PYF,1968,291
PYF,1967,199
PYF,1966,141
PYF,1965,114
PYF,1964,131
PYF,1963,156
PYF,1962,-942
PYF,1961,-1050
PYF,1960,-957
GAB,2025,1116
GAB,2024,1105
GAB,2023,987
GAB,2022,987
GAB,2021,1503
GAB,2020,1506
GAB,2019,2233
GAB,2018,2886
GAB,2017,4013
GAB,2016,7398
GAB,2015,12041
GAB,2014,16565
GAB,2013,19587
GAB,2012,19973
GAB,2011,18967
GAB,2010,17274
GAB,2009,15277
GAB,2008,13441
GAB,2007,12045
GAB,2006,10382
GAB,2005,8555
GAB,2004,6830
GAB,2003,5434
GAB,2002,4582
GAB,2001,3801
GAB,2000,3086
GAB,1999,2480
GAB,1998,2055
GAB,1997,1786
GAB,1996,1555
GAB,1995,1314
GAB,1994,1110
GAB,1993,1009
GAB,1992,990
GAB,1991,990
GAB,1990,990
GAB,1989,990
GAB,1988,990
GAB,1987,990
GAB,1986,990
GAB,1985,990
GAB,1984,990
GAB,1983,990
GAB,1982,990
GAB,1981,990
GAB,1980,990
GAB,1979,990
GAB,1978,990
GAB,1977,972
GAB,1976,899
GAB,1975,792
GAB,1974,680
GAB,1973,608
GAB,1972,639
GAB,1971,1130
GAB,1970,1882
GAB,1969,2650
GAB,1968,0
GAB,1967,0
GAB,1966,0
GAB,1965,0
GAB,1964,0
GAB,1963,0
GAB,1962,0
GAB,1961,0
GAB,1960,0
GMB,2025,-2984
GMB,2024,-2989
GMB,2023,-3000
GMB,2022,-3000
GMB,2021,-1949
GMB,2020,-1949
GMB,2019,-4186
GMB,2018,-3944
GMB,2017,-3696
GMB,2016,-3486
GMB,2015,-3224
GMB,2014,-2793
GMB,2013,-2476
GMB,2012,-2332
GMB,2011,-2360
GMB,2010,-2456
GMB,2009,-2259
GMB,2008,-2204
GMB,2007,-2320
GMB,2006,-2666
GMB,2005,-3209
GMB,2004,-3636
GMB,2003,-3713
GMB,2002,-4067
GMB,2001,-3882
GMB,2000,-3670
GMB,1999,-3493
GMB,1998,-3291
GMB,1997,-3098
GMB,1996,-2948
GMB,1995,-2797
GMB,1994,-1586
GMB,1993,3131
GMB,1992,9182
GMB,1991,11530
GMB,1990,11242
GMB,1989,10765
GMB,1988,10187
GMB,1987,9563
GMB,1986,8934
GMB,1985,8373
GMB,1984,7733
GMB,1983,6713
GMB,1982,5757
GMB,1981,5438
GMB,1980,5268
GMB,1979,4898
GMB,1978,4493
GMB,1977,3969
GMB,1976,3436
GMB,1975,2979
GMB,1974,2610
GMB,1973,2907
GMB,1972,2861
GMB,1971,2817
GMB,1970,2777
GMB,1969,2757
GMB,1968,2705
GMB,1967,2617
GMB,1966,2272
GMB,1965,2272
GMB,1964,2272
GMB,1963,2272
GMB,1962,2272
GMB,1961,2272
GMB,1960,2272
GEO,2025,1283
GEO,2024,1745
GEO,2023,2003
GEO,2022,26999
GEO,2021,-2738
GEO,2020,-2738
GEO,2019,-5412
GEO,2018,-5176
GEO,2017,-7889
GEO,2016,-10588
GEO,2015,-13321
GEO,2014,-16047
GEO,2013,-40117
GEO,2012,-39290
GEO,2011,-37847
GEO,2010,-36608
GEO,2009,-32757
GEO,2008,-32463
GEO,2007,-32142
GEO,2006,-31729
GEO,2005,-31216
GEO,2004,-30614
GEO,2003,-31075
GEO,2002,-58531
GEO,2001,-110969
GEO,2000,-135046
GEO,1999,-131768
GEO,1998,-127962
GEO,1997,-133250
GEO,1996,-133999
GEO,1995,-130201
GEO,1994,-147551
GEO,1993,-154788
GEO,1992,-121647
GEO,1991,-111958
GEO,1990,-108969
GEO,1989,-85690
GEO,1988,-12189
GEO,1987,-10966
GEO,1986,-14123
GEO,1985,-15208
GEO,1984,-12920
GEO,1983,-10906
GEO,1982,-12363
GEO,1981,-12822
GEO,1980,-12593
GEO,1979,-14281
GEO,1978,-9755
GEO,1977,-8213
GEO,1976,-8952
GEO,1975,-9605
GEO,1974,-10261
GEO,1973,-10763
GEO,1972,-11097
GEO,1971,-10997
GEO,1970,-1311
GEO,1969,34301
GEO,1968,37031
GEO,1967,34734
GEO,1966,32869
GEO,1965,18981
GEO,1964,19377
GEO,1963,19405
GEO,1962,18981
GEO,1961,18016
GEO,1960,16740
DEU,2025,-334072
DEU,2024,36954
DEU,2023,609553
DEU,2022,981552
DEU,2021,310264
DEU,2020,203468
DEU,2019,319082
DEU,2018,403908
DEU,2017,452988
DEU,2016,517480
DEU,2015,1175283
DEU,2014,592338
DEU,2013,462384
DEU,2012,199143
DEU,2011,295282
DEU,2010,130116
DEU,2009,46533
DEU,2008,-23341
DEU,2007,-24772
DEU,2006,-489056
DEU,2005,81351
DEU,2004,81735
DEU,2003,142009
DEU,2002,218795
DEU,2001,272875
DEU,2000,174594
DEU,1999,219280
DEU,1998,-754469
DEU,1997,93281
DEU,1996,281280
DEU,1995,398077
DEU,1994,315585
DEU,1993,462096
DEU,1992,811606
DEU,1991,602638
DEU,1990,679702
DEU,1989,761002
DEU,1988,515962
DEU,1987,174272
DEU,1986,212822
DEU,1985,103556
DEU,1984,-150771
DEU,1983,-81349
DEU,1982,-58121
DEU,1981,130713
DEU,1980,324203
DEU,1979,237705
DEU,1978,117167
DEU,1977,33881
DEU,1976,-79761
DEU,1975,-207740
DEU,1974,-15126
DEU,1973,386881
DEU,1972,336015
DEU,1971,450328
DEU,1970,-273498
DEU,1969,584017
DEU,1968,293307
DEU,1967,-174155
DEU,1966,134107
DEU,1965,338258
DEU,1964,69825
DEU,1963,205976
DEU,1962,276505
DEU,1961,27534
DEU,1960,212666
GHA,2025,-17079
GHA,2024,-13114
GHA,2023,-10003
GHA,2022,-10003
GHA,2021,-11259
GHA,2020,-291
GHA,2019,-21857
GHA,2018,-19375
GHA,2017,-4913
GHA,2016,7009
GHA,2015,-13306
GHA,2014,-6312
GHA,2013,-2377
GHA,2012,1005
GHA,2011,-720
GHA,2010,-3726
GHA,2009,22416
GHA,2008,30506
GHA,2007,32813
GHA,2006,28536
GHA,2005,21272
GHA,2004,34433
GHA,2003,28768
GHA,2002,40573
GHA,2001,36050
GHA,2000,-4206
GHA,1999,-17304
GHA,1998,-17564
GHA,1997,-15409
GHA,1996,-37113
GHA,1995,-42558
GHA,1994,-47120
GHA,1993,-49792
GHA,1992,-47736
GHA,1991,-57878
GHA,1990,-46789
GHA,1989,-52293
GHA,1988,-64810
GHA,1987,-84648
GHA,1986,-98099
GHA,1985,-106855
GHA,1984,-105655
GHA,1983,15276
GHA,1982,7863
GHA,1981,-12296
GHA,1980,-13564
GHA,1979,20291
GHA,1978,18041
GHA,1977,15243
GHA,1976,-2528
GHA,1975,-292
GHA,1974,-1197
GHA,1973,-1168
GHA,1972,-4589
GHA,1971,-12238
GHA,1970,-10233
GHA,1969,-28752
GHA,1968,-36683
GHA,1967,-35666
GHA,1966,-38143
GHA,1965,-38519
GHA,1964,-43480
GHA,1963,-46516
GHA,1962,-48017
GHA,1961,-48777
GHA,1960,12181
GIB,2025,549
GIB,2024,598
GIB,2023,689
GIB,2022,613
GIB,2021,561
GIB,2020,514
GIB,2019,475
GIB,2018,442
GIB,2017,421
GIB,2016,401
GIB,2015,171
GIB,2014,189
GIB,2013,209
GIB,2012,155
GIB,2011,213
GIB,2010,255
GIB,2009,248
GIB,2008,256
GIB,2007,273
GIB,2006,288
GIB,2005,328
GIB,2004,338
GIB,2003,343
GIB,2002,342
GIB,2001,-282
GIB,2000,-204
GIB,1999,-176
GIB,1998,-160
GIB,1997,-131
GIB,1996,-115
GIB,1995,-115
GIB,1994,-90
GIB,1993,-80
GIB,1992,-55
GIB,1991,-504
GIB,1990,-621
GIB,1989,-580
GIB,1988,-532
GIB,1987,-516
GIB,1986,-490
GIB,1985,-451
GIB,1984,-420
GIB,1983,-388
GIB,1982,-358
GIB,1981,-298
GIB,1980,-259
GIB,1979,-213
GIB,1978,-181
GIB,1977,-145
GIB,1976,-113
GIB,1975,-121
GIB,1974,-102
GIB,1973,-96
GIB,1972,-94
GIB,1971,-102
GIB,1970,108
GIB,1969,182
GIB,1968,203
GIB,1967,216
GIB,1966,172
GIB,1965,149
GIB,1964,119
GIB,1963,148
GIB,1962,219
GIB,1961,-217
GIB,1960,-338
GRC,2025,16636
GRC,2024,-122772
GRC,2023,-159430
GRC,2022,-53997
GRC,2021,-160277
GRC,2020,6353
GRC,2019,36762
GRC,2018,17938
GRC,2017,10483
GRC,2016,10484
GRC,2015,-43462
GRC,2014,-46678
GRC,2013,-59323
GRC,2012,-65364
GRC,2011,-31786
GRC,2010,2001
GRC,2009,18182
GRC,2008,27081
GRC,2007,25400
GRC,2006,27621
GRC,2005,33297
GRC,2004,29039
GRC,2003,25323
GRC,2002,25692
GRC,2001,60387
GRC,2000,54661
GRC,1999,49930
GRC,1998,47856
GRC,1997,45671
GRC,1996,43444
GRC,1995,42674
GRC,1994,42897
GRC,1993,39829
GRC,1992,41000
GRC,1991,37917
GRC,1990,26294
GRC,1989,18862
GRC,1988,20557
GRC,1987,19005
GRC,1986,19064
GRC,1985,16093
GRC,1984,19767
GRC,1983,18655
GRC,1982,19675
GRC,1981,25061
GRC,1980,47460
GRC,1979,72184
GRC,1978,60775
GRC,1977,19193
GRC,1976,89601
GRC,1975,61265
GRC,1974,-22590
GRC,1973,-42387
GRC,1972,-3589
GRC,1971,-12747
GRC,1970,-54166
GRC,1969,-118544
GRC,1968,-429
GRC,1967,-55853
GRC,1966,21206
GRC,1965,-81576
GRC,1964,-76678
GRC,1963,-77345
GRC,1962,-74972
GRC,1961,-61102
GRC,1960,-15996
GRL,2025,-265
GRL,2024,-284
GRL,2023,-318
GRL,2022,-323
GRL,2021,-324
GRL,2020,-328
GRL,2019,-308
GRL,2018,-330
GRL,2017,-350
GRL,2016,-342
GRL,2015,-315
GRL,2014,-702
GRL,2013,-653
GRL,2012,-553
GRL,2011,-244
GRL,2010,-46
GRL,2009,-562
GRL,2008,-522
GRL,2007,-505
GRL,2006,-480
GRL,2005,-476
GRL,2004,-311
GRL,2003,-295
GRL,2002,-313
GRL,2001,-282
GRL,2000,-229
GRL,1999,-513
GRL,1998,-486
GRL,1997,-521
GRL,1996,-463
GRL,1995,-433
GRL,1994,-696
GRL,1993,-733
GRL,1992,-748
GRL,1991,-692
GRL,1990,-648
GRL,1989,-250
GRL,1988,-205
GRL,1987,-126
GRL,1986,-115
GRL,1985,-157
GRL,1984,22
GRL,1983,39
GRL,1982,-7
GRL,1981,-18
GRL,1980,4
GRL,1979,-465
GRL,1978,-490
GRL,1977,-524
GRL,1976,-127
GRL,1975,22
GRL,1974,109
GRL,1973,104
GRL,1972,84
GRL,1971,54
GRL,1970,518
GRL,1969,396
GRL,1968,264
GRL,1967,199
GRL,1966,212
GRL,1965,63
GRL,1964,30
GRL,1963,-7
GRL,1962,-33
GRL,1961,-24
GRL,1960,234
GRD,2025,-185
GRD,2024,-192
GRD,2023,-190
GRD,2022,-190
GRD,2021,-69
GRD,2020,0
GRD,2019,-181
GRD,2018,-181
GRD,2017,-181
GRD,2016,-181
GRD,2015,-181
GRD,2014,-181
GRD,2013,-181
GRD,2012,-197
GRD,2011,-285
GRD,2010,-665
GRD,2009,-675
GRD,2008,-683
GRD,2007,-681
GRD,2006,-672
GRD,2005,-672
GRD,2004,-621
GRD,2003,-605
GRD,2002,-587
GRD,2001,-737
GRD,2000,-376
GRD,1999,-374
GRD,1998,-490
GRD,1997,-772
GRD,1996,-845
GRD,1995,-856
GRD,1994,-853
GRD,1993,-878
GRD,1992,-1015
GRD,1991,-1130
GRD,1990,-1088
GRD,1989,-1254
GRD,1988,-1243
GRD,1987,-1587
GRD,1986,-1616
GRD,1985,-1555
GRD,1984,-1416
GRD,1983,-1274
GRD,1982,-1201
GRD,1981,-1571
GRD,1980,-2864
GRD,1979,-2743
GRD,1978,-2647
GRD,1977,-2642
GRD,1976,-2645
GRD,1975,-2651
GRD,1974,-2654
GRD,1973,-2615
GRD,1972,-2562
GRD,1971,-2463
GRD,1970,-2566
GRD,1969,-2759
GRD,1968,-2973
GRD,1967,-3201
GRD,1966,-3350
GRD,1965,-3221
GRD,1964,-3071
GRD,1963,-2906
GRD,1962,-2735
GRD,1961,-2565
GRD,1960,-2255
GUM,2025,-493
GUM,2024,-504
GUM,2023,-500
GUM,2022,-500
GUM,2021,-244
GUM,2020,-244
GUM,2019,-2967
GUM,2018,-3021
GUM,2017,-3121
GUM,2016,-3212
GUM,2015,-2937
GUM,2014,-2929
GUM,2013,-2809
GUM,2012,-2996
GUM,2011,-2604
GUM,2010,-2450
GUM,2009,-2040
GUM,2008,-2177
GUM,2007,-2253
GUM,2006,-2162
GUM,2005,-1942
GUM,2004,-2035
GUM,2003,-1800
GUM,2002,-1581
GUM,2001,-1736
GUM,2000,-1501
GUM,1999,-931
GUM,1998,-1049
GUM,1997,-1036
GUM,1996,-1017
GUM,1995,-919
GUM,1994,-895
GUM,1993,-863
GUM,1992,-772
GUM,1991,-694
GUM,1990,-438
GUM,1989,72
GUM,1988,58
GUM,1987,70
GUM,1986,119
GUM,1985,164
GUM,1984,266
GUM,1983,127
GUM,1982,336
GUM,1981,340
GUM,1980,225
GUM,1979,-107
GUM,1978,-230
GUM,1977,-359
GUM,1976,-325
GUM,1975,-356
GUM,1974,-222
GUM,1973,-155
GUM,1972,-101
GUM,1971,-109
GUM,1970,-149
GUM,1969,-287
GUM,1968,-152
GUM,1967,-127
GUM,1966,-179
GUM,1965,-72
GUM,1964,-81
GUM,1963,-91
GUM,1962,-175
GUM,1961,-171
GUM,1960,-343
GTM,2025,-7959
GTM,2024,-7725
GTM,2023,-8940
GTM,2022,-8463
GTM,2021,-29908
GTM,2020,-23927
GTM,2019,-57746
GTM,2018,-56487
GTM,2017,-42779
GTM,2016,-30980
GTM,2015,-48179
GTM,2014,-40409
GTM,2013,-35698
GTM,2012,-32624
GTM,2011,-33238
GTM,2010,-36076
GTM,2009,-43046
GTM,2008,-42624
GTM,2007,-40632
GTM,2006,-42118
GTM,2005,-49636
GTM,2004,-47409
GTM,2003,-54701
GTM,2002,-55247
GTM,2001,-59536
GTM,2000,-65197
GTM,1999,-47325
GTM,1998,-39104
GTM,1997,-43377
GTM,1996,-43501
GTM,1995,-39917
GTM,1994,-33462
GTM,1993,-36848
GTM,1992,-32093
GTM,1991,-40868
GTM,1990,-27735
GTM,1989,-30860
GTM,1988,-30450
GTM,1987,-31539
GTM,1986,-31631
GTM,1985,-24991
GTM,1984,-25010
GTM,1983,-32877
GTM,1982,-46174
GTM,1981,-45490
GTM,1980,-43144
GTM,1979,-47278
GTM,1978,-48309
GTM,1977,-46249
GTM,1976,-50745
GTM,1975,-42329
GTM,1974,-36089
GTM,1973,-29641
GTM,1972,-25807
GTM,1971,-23513
GTM,1970,-14755
GTM,1969,-10937
GTM,1968,-7589
GTM,1967,-4715
GTM,1966,-3824
GTM,1965,-681
GTM,1964,-440
GTM,1963,240
GTM,1962,713
GTM,1961,797
GTM,1960,-186
GIN,2025,-16282
GIN,2024,-12024
GIN,2023,-3997
GIN,2022,-3997
GIN,2021,-4373
GIN,2020,-4365
GIN,2019,-3240
GIN,2018,-9187
GIN,2017,-13718
GIN,2016,-14189
GIN,2015,-15117
GIN,2014,-22741
GIN,2013,-29136
GIN,2012,-32808
GIN,2011,-29069
GIN,2010,-31327
GIN,2009,-34007
GIN,2008,-32925
GIN,2007,-34311
GIN,2006,-48078
GIN,2005,-71015
GIN,2004,-56036
GIN,2003,-36934
GIN,2002,-33450
GIN,2001,-155020
GIN,2000,-77450
GIN,1999,-46183
GIN,1998,-30903
GIN,1997,-107614
GIN,1996,-4973
GIN,1995,18021
GIN,1994,-8826
GIN,1993,45616
GIN,1992,-3285
GIN,1991,66718
GIN,1990,107641
GIN,1989,-5150
GIN,1988,-637
GIN,1987,-350
GIN,1986,-2900
GIN,1985,-6965
GIN,1984,-11439
GIN,1983,-15265
GIN,1982,-17920
GIN,1981,-21367
GIN,1980,-25287
GIN,1979,-28770
GIN,1978,-30933
GIN,1977,-31004
GIN,1976,-29220
GIN,1975,-26221
GIN,1974,-22637
GIN,1973,-19065
GIN,1972,-15782
GIN,1971,-11543
GIN,1970,-6906
GIN,1969,-2844
GIN,1968,-345
GIN,1967,0
GIN,1966,0
GIN,1965,0
GIN,1964,0
GIN,1963,0
GIN,1962,0
GIN,1961,0
GIN,1960,0
GNB,2025,-1373
GNB,2024,-1712
GNB,2023,-1400
GNB,2022,-1400
GNB,2021,-1395
GNB,2020,-1394
GNB,2019,-1395
GNB,2018,-1396
GNB,2017,-1398
GNB,2016,-1392
GNB,2015,-1393
GNB,2014,-1393
GNB,2013,-1395
GNB,2012,-1442
GNB,2011,-1760
GNB,2010,-2257
GNB,2009,-2821
GNB,2008,-3313
GNB,2007,-3676
GNB,2006,-4142
GNB,2005,-4662
GNB,2004,-5144
GNB,2003,-5487
GNB,2002,-5712
GNB,2001,-6239
GNB,2000,-6971
GNB,1999,-7686
GNB,1998,-8163
GNB,1997,-8176
GNB,1996,-7369
GNB,1995,-4376
GNB,1994,3174
GNB,1993,8562
GNB,1992,7531
GNB,1991,1621
GNB,1990,-8151
GNB,1989,-8296
GNB,1988,-8473
GNB,1987,-8622
GNB,1986,-8748
GNB,1985,-8812
GNB,1984,-8812
GNB,1983,-8729
GNB,1982,-8539
GNB,1981,-8291
GNB,1980,-8086
GNB,1979,-13801
GNB,1978,32936
GNB,1977,33922
GNB,1976,32113
GNB,1975,28645
GNB,1974,24290
GNB,1973,-1985
GNB,1972,-1985
GNB,1971,-13302
GNB,1970,1123
GNB,1969,-11033
GNB,1968,2769
GNB,1967,1516
GNB,1966,-11006
GNB,1965,-19928
GNB,1964,-23936
GNB,1963,-5993
GNB,1962,-3960
GNB,1961,-3575
GNB,1960,-8007
GUY,2025,-5092
GUY,2024,-5407
GUY,2023,-6161
GUY,2022,-6161
GUY,2021,-689
GUY,2020,-1743
GUY,2019,-20603
GUY,2018,30213
GUY,2017,-6107
GUY,2016,-6309
GUY,2015,-6527
GUY,2014,-6710
GUY,2013,-6907
GUY,2012,-7152
GUY,2011,-13920
GUY,2010,-13655
GUY,2009,-13425
GUY,2008,-13143
GUY,2007,-12906
GUY,2006,-12575
GUY,2005,-12290
GUY,2004,-11938
GUY,2003,-11551
GUY,2002,-13116
GUY,2001,-14050
GUY,2000,-14090
GUY,1999,-14115
GUY,1998,-14155
GUY,1997,-14019
GUY,1996,-13871
GUY,1995,-13614
GUY,1994,-13426
GUY,1993,-13137
GUY,1992,-12844
GUY,1991,-14949
GUY,1990,-20930
GUY,1989,-20870
GUY,1988,-20860
GUY,1987,-20848
GUY,1986,-20647
GUY,1985,-20337
GUY,1984,-19702
GUY,1983,-19075
GUY,1982,-17959
GUY,1981,-16648
GUY,1980,-13952
GUY,1979,-12138
GUY,1978,-11841
GUY,1977,-11636
GUY,1976,-11445
GUY,1975,-11231
GUY,1974,-11012
GUY,1973,-10731
GUY,1972,-10448
GUY,1971,-10142
GUY,1970,-8439
GUY,1969,-4969
GUY,1968,-5071
GUY,1967,-5192
GUY,1966,-5277
GUY,1965,-5347
GUY,1964,-5437
GUY,1963,-5434
GUY,1962,-5379
GUY,1961,-5267
GUY,1960,-3837
HTI,2025,-32052
HTI,2024,-31747
HTI,2023,-31786
HTI,2022,-32220
HTI,2021,-32952
HTI,2020,-33850
HTI,2019,-34612
HTI,2018,-34976
HTI,2017,-34742
HTI,2016,-33879
HTI,2015,-32669
HTI,2014,-31390
HTI,2013,-30323
HTI,2012,-29658
HTI,2011,-29029
HTI,2010,-28416
HTI,2009,-27924
HTI,2008,-27630
HTI,2007,-26995
HTI,2006,-26629
HTI,2005,-26276
HTI,2004,-26399
HTI,2003,-26518
HTI,2002,-26626
HTI,2001,-26812
HTI,2000,-27075
HTI,1999,-27317
HTI,1998,-27476
HTI,1997,-27492
HTI,1996,-27348
HTI,1995,-27826
HTI,1994,-27744
HTI,1993,-27584
HTI,1992,-27415
HTI,1991,-27245
HTI,1990,-26075
HTI,1989,-25857
HTI,1988,-25662
HTI,1987,-25518
HTI,1986,-25257
HTI,1985,-24887
HTI,1984,-24427
HTI,1983,-23944
HTI,1982,-23375
HTI,1981,-23106
HTI,1980,-22900
HTI,1979,-22280
HTI,1978,-21809
HTI,1977,-21401
HTI,1976,-20870
HTI,1975,-20074
HTI,1974,-19792
HTI,1973,-19278
HTI,1972,-18916
HTI,1971,-18509
HTI,1970,-18425
HTI,1969,-18340
HTI,1968,-18087
HTI,1967,-17827
HTI,1966,-17690
HTI,1965,-17404
HTI,1964,-17179
HTI,1963,-16846
HTI,1962,-16253
HTI,1961,-15902
HTI,1960,-15862
HND,2025,-4778
HND,2024,-4821
HND,2023,-5044
HND,2022,-5374
HND,2021,-5777
HND,2020,-6199
HND,2019,-6546
HND,2018,-6764
HND,2017,-6778
HND,2016,-6681
HND,2015,-6509
HND,2014,-6293
HND,2013,-6091
HND,2012,-5891
HND,2011,-5664
HND,2010,-5419
HND,2009,-5196
HND,2008,-5039
HND,2007,-5039
HND,2006,-5450
HND,2005,-6190
HND,2004,-7083
HND,2003,-7982
HND,2002,-8816
HND,2001,-9744
HND,2000,-10757
HND,1999,-11753
HND,1998,-12638
HND,1997,-13344
HND,1996,-14049
HND,1995,-14707
HND,1994,-15246
HND,1993,-15559
HND,1992,-15583
HND,1991,-15509
HND,1990,-15351
HND,1989,-16146
HND,1988,-16919
HND,1987,-17423
HND,1986,-17812
HND,1985,-17778
HND,1984,-17277
HND,1983,-16810
HND,1982,-16530
HND,1981,-15986
HND,1980,-15445
HND,1979,-14979
HND,1978,-14537
HND,1977,-13777
HND,1976,-12916
HND,1975,-11855
HND,1974,-10947
HND,1973,-10001
HND,1972,-9403
HND,1971,-8918
HND,1970,-8751
HND,1969,-8544
HND,1968,-8335
HND,1967,-8056
HND,1966,-7649
HND,1965,-7161
HND,1964,-6620
HND,1963,-6063
HND,1962,-5519
HND,1961,-4838
HND,1960,-4085
HKG,2025,17863
HKG,2024,-19272
HKG,2023,-3427
HKG,2022,-3427
HKG,2021,-3427
HKG,2020,-1800
HKG,2019,-7170
HKG,2018,-1225
HKG,2017,7963
HKG,2016,10262
HKG,2015,10547
HKG,2014,20454
HKG,2013,23826
HKG,2012,35557
HKG,2011,21655
HKG,2010,8307
HKG,2009,19080
HKG,2008,25455
HKG,2007,30540
HKG,2006,10045
HKG,2005,-1488
HKG,2004,8169
HKG,2003,17753
HKG,2002,20893
HKG,2001,31359
HKG,2000,58755
HKG,1999,65939
HKG,1998,73563
HKG,1997,77293
HKG,1996,81906
HKG,1995,88352
HKG,1994,91059
HKG,1993,95581
HKG,1992,98211
HKG,1991,75664
HKG,1990,-26077
HKG,1989,-20790
HKG,1988,-21649
HKG,1987,-16390
HKG,1986,-6867
HKG,1985,24606
HKG,1984,25516
HKG,1983,25475
HKG,1982,26361
HKG,1981,31745
HKG,1980,45107
HKG,1979,46903
HKG,1978,45843
HKG,1977,47944
HKG,1976,50619
HKG,1975,49994
HKG,1974,46801
HKG,1973,46428
HKG,1972,47078
HKG,1971,94098
HKG,1970,302462
HKG,1969,300811
HKG,1968,286736
HKG,1967,-1248193
HKG,1966,-74393
HKG,1965,131205
HKG,1964,1120002
HKG,1963,-294927
HKG,1962,-307666
HKG,1961,-244018
HKG,1960,20811
HUN,2025,-16331
HUN,2024,16223
HUN,2023,49213
HUN,2022,41871
HUN,2021,20372
HUN,2020,9147
HUN,2019,34339
HUN,2018,34190
HUN,2017,20200
HUN,2016,68
HUN,2015,13856
HUN,2014,11581
HUN,2013,5635
HUN,2012,15286
HUN,2011,1859
HUN,2010,10592
HUN,2009,17281
HUN,2008,16166
HUN,2007,13697
HUN,2006,19890
HUN,2005,16925
HUN,2004,16637
HUN,2003,13879
HUN,2002,2822
HUN,2001,10386
HUN,2000,13414
HUN,1999,12819
HUN,1998,13568
HUN,1997,14186
HUN,1996,14605
HUN,1995,14927
HUN,1994,15159
HUN,1993,15540
HUN,1992,16238
HUN,1991,16873
HUN,1990,16991
HUN,1989,-16991
HUN,1988,-16052
HUN,1987,-16175
HUN,1986,-16339
HUN,1985,-15890
HUN,1984,-16216
HUN,1983,-16047
HUN,1982,-16531
HUN,1981,-16869
HUN,1980,-17795
HUN,1979,3629
HUN,1978,290
HUN,1977,-54
HUN,1976,-472
HUN,1975,-335
HUN,1974,132
HUN,1973,-1512
HUN,1972,-8
HUN,1971,-15
HUN,1970,-96
HUN,1969,-333
HUN,1968,-324
HUN,1967,-414
HUN,1966,-726
HUN,1965,-537
HUN,1964,-739
HUN,1963,-822
HUN,1962,-1738
HUN,1961,-1177
HUN,1960,-1108
ISL,2025,2709
ISL,2024,3543
ISL,2023,4630
ISL,2022,6535
ISL,2021,4911
ISL,2020,2498
ISL,2019,5030
ISL,2018,6638
ISL,2017,8348
ISL,2016,4128
ISL,2015,1499
ISL,2014,1139
ISL,2013,1666
ISL,2012,-277
ISL,2011,-1393
ISL,2010,-2055
ISL,2009,-4785
ISL,2008,1138
ISL,2007,5254
ISL,2006,5300
ISL,2005,3925
ISL,2004,610
ISL,2003,-204
ISL,2002,-333
ISL,2001,867
ISL,2000,1877
ISL,1999,1165
ISL,1998,1014
ISL,1997,225
ISL,1996,-511
ISL,1995,-1354
ISL,1994,-804
ISL,1993,-194
ISL,1992,-225
ISL,1991,1145
ISL,1990,-971
ISL,1989,-994
ISL,1988,1572
ISL,1987,944
ISL,1986,-335
ISL,1985,-628
ISL,1984,-328
ISL,1983,170
ISL,1982,616
ISL,1981,157
ISL,1980,-629
ISL,1979,-572
ISL,1978,-781
ISL,1977,-1079
ISL,1976,-1181
ISL,1975,-388
ISL,1974,209
ISL,1973,-310
ISL,1972,362
ISL,1971,-231
ISL,1970,-1754
ISL,1969,-1414
ISL,1968,-448
ISL,1967,47
ISL,1966,39
ISL,1965,-194
ISL,1964,-67
ISL,1963,-113
ISL,1962,-228
ISL,1961,164
ISL,1960,-269
IND,2025,-495753
IND,2024,-630830
IND,2023,-979179
IND,2022,-1353478
IND,2021,-348916
IND,2020,-73806
IND,2019,-978969
IND,2018,-589794
IND,2017,-251642
IND,2016,81248
IND,2015,-655085
IND,2014,-227263
IND,2013,-151372
IND,2012,-198935
IND,2011,-247017
IND,2010,-50905
IND,2009,-312905
IND,2008,-1020047
IND,2007,-1037200
IND,2006,-342177
IND,2005,-929454
IND,2004,-206660
IND,2003,-606970
IND,2002,-732419
IND,2001,-70346
IND,2000,-143960
IND,1999,-95320
IND,1998,-1049
IND,1997,880
IND,1996,-26388
IND,1995,-57297
IND,1994,-375253
IND,1993,2364
IND,1992,35155
IND,1991,-157911
IND,1990,125514
IND,1989,-2907
IND,1988,-155676
IND,1987,-219150
IND,1986,-249545
IND,1985,-89991
IND,1984,-32313
IND,1983,119694
IND,1982,-10687
IND,1981,33243
IND,1980,210914
IND,1979,774094
IND,1978,-210444
IND,1977,590626
IND,1976,275984
IND,1975,434205
IND,1974,347869
IND,1973,-404743
IND,1972,-82816
IND,1971,-974574
IND,1970,233782
IND,1969,-851844
IND,1968,-995416
IND,1967,-70314
IND,1966,-566982
IND,1965,-248299
IND,1964,-141916
IND,1963,21640
IND,1962,-70514
IND,1961,295177
IND,1960,146955
IDN,2025,-39509
IDN,2024,-38469
IDN,2023,-37501
IDN,2022,-37501
IDN,2021,-11248
IDN,2020,-18743
IDN,2019,-30421
IDN,2018,-29911
IDN,2017,-29467
IDN,2016,-28991
IDN,2015,-28487
IDN,2014,-27988
IDN,2013,-27507
IDN,2012,-28869
IDN,2011,-40543
IDN,2010,-57752
IDN,2009,-73655
IDN,2008,-81364
IDN,2007,-77338
IDN,2006,-75829
IDN,2005,-76784
IDN,2004,-77002
IDN,2003,-97732
IDN,2002,-83985
IDN,2001,-64255
IDN,2000,-42697
IDN,1999,-28799
IDN,1998,-11356
IDN,1997,-4334
IDN,1996,-1854
IDN,1995,-1643
IDN,1994,-2575
IDN,1993,-3485
IDN,1992,-2609
IDN,1991,3096
IDN,1990,11539
IDN,1989,19905
IDN,1988,25383
IDN,1987,26705
IDN,1986,30988
IDN,1985,37451
IDN,1984,43693
IDN,1983,47375
IDN,1982,46792
IDN,1981,44710
IDN,1980,42254
IDN,1979,43900
IDN,1978,45911
IDN,1977,45610
IDN,1976,48010
IDN,1975,56386
IDN,1974,61188
IDN,1973,64991
IDN,1972,72007
IDN,1971,79264
IDN,1970,81368
IDN,1969,82955
IDN,1968,55731
IDN,1967,-80138
IDN,1966,-77645
IDN,1965,-61145
IDN,1964,144819
IDN,1963,110166
IDN,1962,106264
IDN,1961,103628
IDN,1960,101631
IRN,2025,116786
IRN,2024,190156
IRN,2023,262044
IRN,2022,403190
IRN,2021,334967
IRN,2020,-180680
IRN,2019,-32794
IRN,2018,-27946
IRN,2017,34849
IRN,2016,66630
IRN,2015,-46239
IRN,2014,-56042
IRN,2013,-47322
IRN,2012,-57823
IRN,2011,-65924
IRN,2010,-12849
IRN,2009,211
IRN,2008,-12184
IRN,2007,-24950
IRN,2006,640932
IRN,2005,765873
IRN,2004,739996
IRN,2003,700222
IRN,2002,-668962
IRN,2001,291692
IRN,2000,300133
IRN,1999,191988
IRN,1998,218171
IRN,1997,98009
IRN,1996,-92435
IRN,1995,-220258
IRN,1994,-297487
IRN,1993,-1696091
IRN,1992,-451945
IRN,1991,-13059
IRN,1990,200711
IRN,1989,9460
IRN,1988,30688
IRN,1987,213524
IRN,1986,242411
IRN,1985,163999
IRN,1984,97748
IRN,1983,204544
IRN,1982,222390
IRN,1981,1452169
IRN,1980,103674
IRN,1979,75451
IRN,1978,70088
IRN,1977,68093
IRN,1976,18825
IRN,1975,106921
IRN,1974,103252
IRN,1973,104779
IRN,1972,96614
IRN,1971,77717
IRN,1970,89757
IRN,1969,78196
IRN,1968,69342
IRN,1967,77313
IRN,1966,98709
IRN,1965,127808
IRN,1964,121817
IRN,1963,110190
IRN,1962,96332
IRN,1961,77811
IRN,1960,54041
IRQ,2025,-1064
IRQ,2024,-17735
IRQ,2023,-5710
IRQ,2022,76821
IRQ,2021,17474
IRQ,2020,29858
IRQ,2019,-43919
IRQ,2018,15775
IRQ,2017,-21998
IRQ,2016,-113980
IRQ,2015,-22338
IRQ,2014,-5033
IRQ,2013,474379
IRQ,2012,753907
IRQ,2011,261880
IRQ,2010,92779
IRQ,2009,120092
IRQ,2008,396792
IRQ,2007,-824428
IRQ,2006,-1206850
IRQ,2005,51019
IRQ,2004,69948
IRQ,2003,-27236
IRQ,2002,133839
IRQ,2001,14451
IRQ,2000,87624
IRQ,1999,69491
IRQ,1998,48446
IRQ,1997,15429
IRQ,1996,14652
IRQ,1995,40424
IRQ,1994,54355
IRQ,1993,581818
IRQ,1992,20292
IRQ,1991,-95155
IRQ,1990,-601469
IRQ,1989,19392
IRQ,1988,-81562
IRQ,1987,-108426
IRQ,1986,39136
IRQ,1985,-199505
IRQ,1984,21709
IRQ,1983,23115
IRQ,1982,-22302
IRQ,1981,-23640
IRQ,1980,15757
IRQ,1979,-20617
IRQ,1978,7434
IRQ,1977,8204
IRQ,1976,-13915
IRQ,1975,-6237
IRQ,1974,-4090
IRQ,1973,-1507
IRQ,1972,-2600
IRQ,1971,-6479
IRQ,1970,1377
IRQ,1969,312
IRQ,1968,928
IRQ,1967,2531
IRQ,1966,1298
IRQ,1965,4555
IRQ,1964,3224
IRQ,1963,3197
IRQ,1962,3343
IRQ,1961,2981
IRQ,1960,1573
IRL,2025,35417
IRL,2024,39059
IRL,2023,43873
IRL,2022,93535
IRL,2021,27419
IRL,2020,15746
IRL,2019,29663
IRL,2018,33387
IRL,2017,28883
IRL,2016,18967
IRL,2015,13376
IRL,2014,448
IRL,2013,-12309
IRL,2012,-22411
IRL,2011,-26529
IRL,2010,-26974
IRL,2009,-18524
IRL,2008,18979
IRL,2007,76465
IRL,2006,94513
IRL,2005,63983
IRL,2004,49102
IRL,2003,32220
IRL,2002,34286
IRL,2001,39220
IRL,2000,31298
IRL,1999,23592
IRL,1998,16615
IRL,1997,17425
IRL,1996,9959
IRL,1995,10019
IRL,1994,-3118
IRL,1993,-3762
IRL,1992,1335
IRL,1991,4944
IRL,1990,-8203
IRL,1989,-28752
IRL,1988,-44020
IRL,1987,-38426
IRL,1986,-21139
IRL,1985,-16178
IRL,1984,-15549
IRL,1983,-15043
IRL,1982,-14464
IRL,1981,-10834
IRL,1980,-2876
IRL,1979,1486
IRL,1978,15543
IRL,1977,14505
IRL,1976,14200
IRL,1975,13828
IRL,1974,13482
IRL,1973,13164
IRL,1972,12858
IRL,1971,5851
IRL,1970,-8892
IRL,1969,-10250
IRL,1968,-11132
IRL,1967,-11708
IRL,1966,-11858
IRL,1965,-14016
IRL,1964,-15640
IRL,1963,-16615
IRL,1962,-17438
IRL,1961,-22237
IRL,1960,-38492
IMN,2025,166
IMN,2024,177
IMN,2023,196
IMN,2022,199
IMN,2021,192
IMN,2020,219
IMN,2019,237
IMN,2018,266
IMN,2017,284
IMN,2016,113
IMN,2015,-315
IMN,2014,-314
IMN,2013,-291
IMN,2012,-277
IMN,2011,-61
IMN,2010,778
IMN,2009,770
IMN,2008,777
IMN,2007,753
IMN,2006,750
IMN,2005,656
IMN,2004,704
IMN,2003,739
IMN,2002,774
IMN,2001,800
IMN,2000,841
IMN,1999,959
IMN,1998,986
IMN,1997,999
IMN,1996,817
IMN,1995,368
IMN,1994,460
IMN,1993,473
IMN,1992,496
IMN,1991,746
IMN,1990,1258
IMN,1989,1291
IMN,1988,1302
IMN,1987,1308
IMN,1986,996
IMN,1985,137
IMN,1984,156
IMN,1983,185
IMN,1982,225
IMN,1981,463
IMN,1980,1090
IMN,1979,1112
IMN,1978,1107
IMN,1977,1098
IMN,1976,1068
IMN,1975,1017
IMN,1974,1090
IMN,1973,1103
IMN,1972,1079
IMN,1971,1187
IMN,1970,1440
IMN,1969,1409
IMN,1968,1401
IMN,1967,1363
IMN,1966,1112
IMN,1965,688
IMN,1964,688
IMN,1963,677
IMN,1962,646
IMN,1961,195
IMN,1960,-730
ISR,2025,11466
ISR,2024,10612
ISR,2023,9999
ISR,2022,50004
ISR,2021,16859
ISR,2020,16573
ISR,2019,16134
ISR,2018,15615
ISR,2017,14518
ISR,2016,24308
ISR,2015,29735
ISR,2014,25303
ISR,2013,17075
ISR,2012,16549
ISR,2011,10470
ISR,2010,12906
ISR,2009,7269
ISR,2008,7974
ISR,2007,9654
ISR,2006,11446
ISR,2005,10975
ISR,2004,8494
ISR,2003,6684
ISR,2002,17420
ISR,2001,38643
ISR,2000,63409
ISR,1999,78422
ISR,1998,52713
ISR,1997,60297
ISR,1996,66811
ISR,1995,61800
ISR,1994,57273
ISR,1993,49345
ISR,1992,57522
ISR,1991,153141
ISR,1990,178732
ISR,1989,14192
ISR,1988,1675
ISR,1987,7511
ISR,1986,-3598
ISR,1985,-3686
ISR,1984,10933
ISR,1983,689
ISR,1982,16563
ISR,1981,16021
ISR,1980,16284
ISR,1979,15591
ISR,1978,15556
ISR,1977,12747
ISR,1976,10459
ISR,1975,11726
ISR,1974,11929
ISR,1973,14310
ISR,1972,27415
ISR,1971,52632
ISR,1970,56173
ISR,1969,59928
ISR,1968,60804
ISR,1967,59483
ISR,1966,57347
ISR,1965,54694
ISR,1964,54050
ISR,1963,53877
ISR,1962,52313
ISR,1961,34482
ISR,1960,10990
ITA,2025,75448
ITA,2024,95246
ITA,2023,150189
ITA,2022,231228
ITA,2021,157327
ITA,2020,85281
ITA,2019,46634
ITA,2018,83686
ITA,2017,95147
ITA,2016,84568
ITA,2015,39389
ITA,2014,52679
ITA,2013,158090
ITA,2012,252524
ITA,2011,198544
ITA,2010,274387
ITA,2009,283676
ITA,2008,422534
ITA,2007,495092
ITA,2006,215995
ITA,2005,258702
ITA,2004,417970
ITA,2003,478578
ITA,2002,223861
ITA,2001,48903
ITA,2000,56065
ITA,1999,54405
ITA,1998,67985
ITA,1997,50539
ITA,1996,53450
ITA,1995,-460287
ITA,1994,502750
ITA,1993,24321
ITA,1992,51747
ITA,1991,19721
ITA,1990,35317
ITA,1989,19540
ITA,1988,18553
ITA,1987,7825
ITA,1986,-6206
ITA,1985,6911
ITA,1984,203
ITA,1983,-3733
ITA,1982,-24223
ITA,1981,7182
ITA,1980,295642
ITA,1979,42637
ITA,1978,43932
ITA,1977,42246
ITA,1976,40885
ITA,1975,43051
ITA,1974,42487
ITA,1973,41631
ITA,1972,43182
ITA,1971,-58627
ITA,1970,-62216
ITA,1969,-45346
ITA,1968,-50149
ITA,1967,-37992
ITA,1966,-35352
ITA,1965,-36267
ITA,1964,-27368
ITA,1963,-28198
ITA,1962,-25840
ITA,1961,-129761
ITA,1960,-140765
JAM,2025,-11053
JAM,2024,-10506
JAM,2023,-10003
JAM,2022,-10003
JAM,2021,-4665
JAM,2020,0
JAM,2019,-10335
JAM,2018,-10335
JAM,2017,-10335
JAM,2016,-10335
JAM,2015,-10335
JAM,2014,-10335
JAM,2013,-10335
JAM,2012,-10498
JAM,2011,-11577
JAM,2010,-13248
JAM,2009,-14941
JAM,2008,-16191
JAM,2007,-16588
JAM,2006,-16840
JAM,2005,-17071
JAM,2004,-17256
JAM,2003,-17380
JAM,2002,-17428
JAM,2001,-17466
JAM,2000,-17498
JAM,1999,-17542
JAM,1998,-17623
JAM,1997,-17756
JAM,1996,-18285
JAM,1995,-19092
JAM,1994,-19960
JAM,1993,-20731
JAM,1992,-21426
JAM,1991,-23014
JAM,1990,-25085
JAM,1989,-27049
JAM,1988,-28247
JAM,1987,-27958
JAM,1986,-25339
JAM,1985,-21371
JAM,1984,-17211
JAM,1983,-14065
JAM,1982,-12952
JAM,1981,-13619
JAM,1980,-15277
JAM,1979,-17143
JAM,1978,-18483
JAM,1977,-18630
JAM,1976,-18084
JAM,1975,-17340
JAM,1974,-16769
JAM,1973,-16822
JAM,1972,-17934
JAM,1971,-20322
JAM,1970,-23371
JAM,1969,-26304
JAM,1968,-28424
JAM,1967,-29147
JAM,1966,-29065
JAM,1965,-28611
JAM,1964,-28066
JAM,1963,-27757
JAM,1962,-27936
JAM,1961,-28416
JAM,1960,-28952
JPN,2025,140579
JPN,2024,153357
JPN,2023,175003
JPN,2022,175003
JPN,2021,-34996
JPN,2020,42001
JPN,2019,318190
JPN,2018,320601
JPN,2017,322564
JPN,2016,314732
JPN,2015,168896
JPN,2014,58109
JPN,2013,66449
JPN,2012,67904
JPN,2011,97720
JPN,2010,131860
JPN,2009,125450
JPN,2008,142605
JPN,2007,138024
JPN,2006,130065
JPN,2005,113017
JPN,2004,69014
JPN,2003,74875
JPN,2002,60864
JPN,2001,59563
JPN,2000,23468
JPN,1999,56901
JPN,1998,45912
JPN,1997,43366
JPN,1996,25030
JPN,1995,87714
JPN,1994,154214
JPN,1993,168836
JPN,1992,170878
JPN,1991,161331
JPN,1990,124582
JPN,1989,31202
JPN,1988,51154
JPN,1987,28001
JPN,1986,27987
JPN,1985,-141323
JPN,1984,-273686
JPN,1983,-269755
JPN,1982,-288550
JPN,1981,-278525
JPN,1980,-92314
JPN,1979,-57692
JPN,1978,-47996
JPN,1977,-49082
JPN,1976,-34976
JPN,1975,107
JPN,1974,-10145
JPN,1973,-34674
JPN,1972,-73980
JPN,1971,-107778
JPN,1970,33731
JPN,1969,49447
JPN,1968,43593
JPN,1967,29632
JPN,1966,68934
JPN,1965,-50667
JPN,1964,-100696
JPN,1963,-100742
JPN,1962,-57075
JPN,1961,-58882
JPN,1960,-150371
JOR,2025,-303267
JOR,2024,-156369
JOR,2023,-17445
JOR,2022,-17445
JOR,2021,6573
JOR,2020,6745
JOR,2019,-23156
JOR,2018,32062
JOR,2017,12873
JOR,2016,31046
JOR,2015,490844
JOR,2014,635528
JOR,2013,609631
JOR,2012,-146181
JOR,2011,7057
JOR,2010,4872
JOR,2009,-49687
JOR,2008,767
JOR,2007,-18108
JOR,2006,502609
JOR,2005,3500
JOR,2004,7979
JOR,2003,-11699
JOR,2002,-18463
JOR,2001,-22896
JOR,2000,-26077
JOR,1999,-27530
JOR,1998,-27036
JOR,1997,-23021
JOR,1996,-2655
JOR,1995,27991
JOR,1994,61533
JOR,1993,81576
JOR,1992,85376
JOR,1991,75824
JOR,1990,266100
JOR,1989,50941
JOR,1988,39873
JOR,1987,34646
JOR,1986,30763
JOR,1985,28040
JOR,1984,24316
JOR,1983,21487
JOR,1982,16944
JOR,1981,9659
JOR,1980,1735
JOR,1979,-7706
JOR,1978,-13701
JOR,1977,-15132
JOR,1976,-17309
JOR,1975,-14822
JOR,1974,-12024
JOR,1973,-8072
JOR,1972,-2622
JOR,1971,8976
JOR,1970,25894
JOR,1969,40481
JOR,1968,50036
JOR,1967,50397
JOR,1966,41882
JOR,1965,29737
JOR,1964,17018
JOR,1963,8763
JOR,1962,8098
JOR,1961,11097
JOR,1960,15509
KAZ,2025,-8834
KAZ,2024,-7368
KAZ,2023,-4822
KAZ,2022,45755
KAZ,2021,-9804
KAZ,2020,-8716
KAZ,2019,2594
KAZ,2018,-6644
KAZ,2017,21248
KAZ,2016,9478
KAZ,2015,-2011
KAZ,2014,-10170
KAZ,2013,-3925
KAZ,2012,-4512
KAZ,2011,-3160
KAZ,2010,-6840
KAZ,2009,-7758
KAZ,2008,-37796
KAZ,2007,-26237
KAZ,2006,-21728
KAZ,2005,-20171
KAZ,2004,-22841
KAZ,2003,-16027
KAZ,2002,-8272
KAZ,2001,-7333
KAZ,2000,-8754
KAZ,1999,-61031
KAZ,1998,-488075
KAZ,1997,-481380
KAZ,1996,-469331
KAZ,1995,-412775
KAZ,1994,-520028
KAZ,1993,-292682
KAZ,1992,-214015
KAZ,1991,-104271
KAZ,1990,-103336
KAZ,1989,-72096
KAZ,1988,-25892
KAZ,1987,-32724
KAZ,1986,-23297
KAZ,1985,-103115
KAZ,1984,-96266
KAZ,1983,-84566
KAZ,1982,-76976
KAZ,1981,-74624
KAZ,1980,-67731
KAZ,1979,-60198
KAZ,1978,131248
KAZ,1977,135047
KAZ,1976,127735
KAZ,1975,26332
KAZ,1974,28807
KAZ,1973,30467
KAZ,1972,53914
KAZ,1971,65291
KAZ,1970,72000
KAZ,1969,77805
KAZ,1968,105890
KAZ,1967,105830
KAZ,1966,101999
KAZ,1965,103626
KAZ,1964,98761
KAZ,1963,94932
KAZ,1962,90842
KAZ,1961,85981
KAZ,1960,83525
KEN,2025,-27330
KEN,2024,-19781
KEN,2023,-10003
KEN,2022,-10003
KEN,2021,-52552
KEN,2020,-17111
KEN,2019,-61949
KEN,2018,-115436
KEN,2017,-68702
KEN,2016,-29728
KEN,2015,-95977
KEN,2014,-72415
KEN,2013,-57634
KEN,2012,-42928
KEN,2011,-44795
KEN,2010,-21069
KEN,2009,7096
KEN,2008,29612
KEN,2007,-11495
KEN,2006,15767
KEN,2005,5501
KEN,2004,31525
KEN,2003,24175
KEN,2002,10431
KEN,2001,55052
KEN,2000,5407
KEN,1999,-13257
KEN,1998,-70023
KEN,1997,-80443
KEN,1996,-79276
KEN,1995,-75506
KEN,1994,-40367
KEN,1993,-61054
KEN,1992,-43085
KEN,1991,-60087
KEN,1990,-11338
KEN,1989,-24949
KEN,1988,-31894
KEN,1987,-48633
KEN,1986,-53183
KEN,1985,-35400
KEN,1984,-33253
KEN,1983,-23905
KEN,1982,-43382
KEN,1981,-52761
KEN,1980,-39920
KEN,1979,-56280
KEN,1978,-60718
KEN,1977,-57493
KEN,1976,-90990
KEN,1975,-71421
KEN,1974,-62973
KEN,1973,-52102
KEN,1972,-48466
KEN,1971,-49671
KEN,1970,-13064
KEN,1969,369
KEN,1968,1611
KEN,1967,5060
KEN,1966,1616
KEN,1965,8524
KEN,1964,4788
KEN,1963,4246
KEN,1962,4521
KEN,1961,4296
KEN,1960,2134
KIR,2025,-462
KIR,2024,-471
KIR,2023,-485
KIR,2022,-395
KIR,2021,-348
KIR,2020,0
KIR,2019,-705
KIR,2018,-741
KIR,2017,-750
KIR,2016,-756
KIR,2015,-1022
KIR,2014,-1128
KIR,2013,-1101
KIR,2012,-1093
KIR,2011,-1019
KIR,2010,-456
KIR,2009,-289
KIR,2008,-289
KIR,2007,-290
KIR,2006,-290
KIR,2005,-226
KIR,2004,-181
KIR,2003,-157
KIR,2002,-137
KIR,2001,-201
KIR,2000,-629
KIR,1999,-733
KIR,1998,-716
KIR,1997,-693
KIR,1996,-701
KIR,1995,-928
KIR,1994,-996
KIR,1993,-975
KIR,1992,-951
KIR,1991,-844
KIR,1990,-441
KIR,1989,-338
KIR,1988,-321
KIR,1987,-298
KIR,1986,-273
KIR,1985,-419
KIR,1984,-730
KIR,1983,-702
KIR,1982,-674
KIR,1981,-645
KIR,1980,-610
KIR,1979,-516
KIR,1978,-1858
KIR,1977,-1854
KIR,1976,-1795
KIR,1975,-1706
KIR,1974,-1605
KIR,1973,-440
KIR,1972,-290
KIR,1971,-265
KIR,1970,-233
KIR,1969,-222
KIR,1968,-876
KIR,1967,-873
KIR,1966,-840
KIR,1965,0
KIR,1964,0
KIR,1963,0
KIR,1962,0
KIR,1961,0
KIR,1960,0
PRK,2025,-2787
PRK,2024,-2473
PRK,2023,-1997
PRK,2022,-1997
PRK,2021,-1585
PRK,2020,-1585
PRK,2019,-3142
PRK,2018,-3225
PRK,2017,-3224
PRK,2016,-3222
PRK,2015,-3208
PRK,2014,-3042
PRK,2013,-2933
PRK,2012,-2919
PRK,2011,-2957
PRK,2010,-3053
PRK,2009,-3058
PRK,2008,-3051
PRK,2007,-3021
PRK,2006,-2948
PRK,2005,-2861
PRK,2004,-2758
PRK,2003,-2717
PRK,2002,-2763
PRK,2001,-2884
PRK,2000,-3142
PRK,1999,-3443
PRK,1998,-3706
PRK,1997,-3745
PRK,1996,-3512
PRK,1995,-3094
PRK,1994,-517
PRK,1993,0
PRK,1992,0
PRK,1991,0
PRK,1990,0
PRK,1989,0
PRK,1988,0
PRK,1987,0
PRK,1986,0
PRK,1985,0
PRK,1984,0
PRK,1983,0
PRK,1982,0
PRK,1981,0
PRK,1980,0
PRK,1979,0
PRK,1978,0
PRK,1977,0
PRK,1976,0
PRK,1975,0
PRK,1974,0
PRK,1973,0
PRK,1972,0
PRK,1971,0
PRK,1970,0
PRK,1969,0
PRK,1968,0
PRK,1967,0
PRK,1966,0
PRK,1965,0
PRK,1964,0
PRK,1963,0
PRK,1962,0
PRK,1961,0
PRK,1960,0
KOR,2025,65731
KOR,2024,75963
KOR,2023,87800
KOR,2022,87800
KOR,2021,-16778
KOR,2020,112631
KOR,2019,128622
KOR,2018,118220
KOR,2017,104029
KOR,2016,91568
KOR,2015,276427
KOR,2014,308037
KOR,2013,301926
KOR,2012,281866
KOR,2011,269958
KOR,2010,52042
KOR,2009,5308
KOR,2008,-19630
KOR,2007,-42293
KOR,2006,-28434
KOR,2005,-47821
KOR,2004,-42549
KOR,2003,-31994
KOR,2002,-18105
KOR,2001,-28006
KOR,2000,-84960
KOR,1999,-107448
KOR,1998,-98044
KOR,1997,-109130
KOR,1996,-115705
KOR,1995,-208491
KOR,1994,-208309
KOR,1993,-222802
KOR,1992,-265849
KOR,1991,-270754
KOR,1990,79294
KOR,1989,186120
KOR,1988,192534
KOR,1987,198057
KOR,1986,189782
KOR,1985,97949
KOR,1984,101394
KOR,1983,102167
KOR,1982,48638
KOR,1981,18442
KOR,1980,-148341
KOR,1979,-139566
KOR,1978,-85721
KOR,1977,-90737
KOR,1976,-92314
KOR,1975,-52332
KOR,1974,27005
KOR,1973,35779
KOR,1972,25382
KOR,1971,-6326
KOR,1970,-27999
KOR,1969,-21175
KOR,1968,-16868
KOR,1967,-16484
KOR,1966,-16688
KOR,1965,-146386
KOR,1964,-102284
KOR,1963,-80226
KOR,1962,-94606
KOR,1961,-93179
KOR,1960,47245
XKX,2025,-18380
XKX,2024,-22178
XKX,2023,-28754
XKX,2022,-28588
XKX,2021,-38584
XKX,2020,2815
XKX,2019,-28829
XKX,2018,-21386
XKX,2017,-5428
XKX,2016,-8937
XKX,2015,-55524
XKX,2014,-39586
XKX,2013,-16367
XKX,2012,-3403
XKX,2011,-9064
XKX,2010,-29433
XKX,2009,-31556
XKX,2008,-32053
XKX,2007,-31597
XKX,2006,-31202
XKX,2005,-31137
XKX,2004,-29433
XKX,2003,-27491
XKX,2002,-27289
XKX,2001,-1989
XKX,2000,-9150
XKX,1999,-168484
XKX,1998,-294789
XKX,1997,-4655
XKX,1996,-4187
XKX,1995,-764
XKX,1994,443
XKX,1993,660
XKX,1992,829
XKX,1991,-3485
XKX,1990,-15797
XKX,1989,-14531
XKX,1988,-15870
XKX,1987,282
XKX,1986,-449
XKX,1985,-1096
XKX,1984,-3741
XKX,1983,-4883
XKX,1982,-4343
XKX,1981,-1170
XKX,1980,7255
XKX,1979,7565
XKX,1978,6851
XKX,1977,4875
XKX,1976,3115
XKX,1975,1188
XKX,1974,-377
XKX,1973,-1846
XKX,1972,-2834
XKX,1971,-1638
XKX,1970,-11776
XKX,1969,-12878
XKX,1968,-15224
XKX,1967,5731
XKX,1966,4107
XKX,1965,2403
XKX,1964,1178
XKX,1963,-38
XKX,1962,279
XKX,1961,440
XKX,1960,3231
KWT,2025,42775
KWT,2024,61624
KWT,2023,50008
KWT,2022,368560
KWT,2021,19678
KWT,2020,-168379
KWT,2019,181
KWT,2018,145973
KWT,2017,92717
KWT,2016,105818
KWT,2015,129695
KWT,2014,100891
KWT,2013,107821
KWT,2012,127777
KWT,2011,176732
KWT,2010,101566
KWT,2009,95483
KWT,2008,96268
KWT,2007,96765
KWT,2006,97087
KWT,2005,67638
KWT,2004,1713
KWT,2003,5895
KWT,2002,9335
KWT,2001,12055
KWT,2000,14296
KWT,1999,15912
KWT,1998,16878
KWT,1997,17457
KWT,1996,17914
KWT,1995,438
KWT,1994,-41862
KWT,1993,-43501
KWT,1992,52620
KWT,1991,460628
KWT,1990,-1196050
KWT,1989,34643
KWT,1988,31455
KWT,1987,31243
KWT,1986,27187
KWT,1985,25777
KWT,1984,17020
KWT,1983,31758
KWT,1982,30437
KWT,1981,29600
KWT,1980,32483
KWT,1979,37383
KWT,1978,39159
KWT,1977,38225
KWT,1976,36050
KWT,1975,30909
KWT,1974,25398
KWT,1973,22830
KWT,1972,21984
KWT,1971,22182
KWT,1970,26614
KWT,1969,33143
KWT,1968,35399
KWT,1967,34177
KWT,1966,32383
KWT,1965,30580
KWT,1964,29537
KWT,1963,28889
KWT,1962,27417
KWT,1961,24618
KWT,1960,21769
KGZ,2025,1815
KGZ,2024,3645
KGZ,2023,5601
KGZ,2022,12596
KGZ,2021,46208
KGZ,2020,54704
KGZ,2019,47303
KGZ,2018,3494
KGZ,2017,7553
KGZ,2016,1187
KGZ,2015,-5071
KGZ,2014,-9443
KGZ,2013,-9667
KGZ,2012,-12503
KGZ,2011,-10170
KGZ,2010,-6521
KGZ,2009,-14325
KGZ,2008,-64404
KGZ,2007,-54298
KGZ,2006,-53469
KGZ,2005,-36288
KGZ,2004,-32088
KGZ,2003,-30686
KGZ,2002,-28300
KGZ,2001,-25695
KGZ,2000,-23265
KGZ,1999,-10297
KGZ,1998,-17690
KGZ,1997,-11740
KGZ,1996,-10926
KGZ,1995,-10767
KGZ,1994,-22165
KGZ,1993,-103698
KGZ,1992,-33009
KGZ,1991,-32276
KGZ,1990,-27912
KGZ,1989,-25723
KGZ,1988,-40823
KGZ,1987,-39678
KGZ,1986,-40062
KGZ,1985,-38536
KGZ,1984,-34248
KGZ,1983,-5525
KGZ,1982,-6388
KGZ,1981,-6725
KGZ,1980,-5090
KGZ,1979,-6672
KGZ,1978,-6988
KGZ,1977,-6724
KGZ,1976,-10499
KGZ,1975,-7639
KGZ,1974,-5818
KGZ,1973,-3373
KGZ,1972,-1163
KGZ,1971,2645
KGZ,1970,11295
KGZ,1969,16862
KGZ,1968,20918
KGZ,1967,22162
KGZ,1966,21868
KGZ,1965,22870
KGZ,1964,22281
KGZ,1963,21967
KGZ,1962,21217
KGZ,1961,18355
KGZ,1960,13946
LAO,2025,-10645
LAO,2024,-10284
LAO,2023,-10003
LAO,2022,-10003
LAO,2021,-10305
LAO,2020,-10305
LAO,2019,-10305
LAO,2018,-10305
LAO,2017,-10400
LAO,2016,-11401
LAO,2015,-12991
LAO,2014,-26881
LAO,2013,-27492
LAO,2012,-28871
LAO,2011,-30538
LAO,2010,-30046
LAO,2009,-29545
LAO,2008,-28318
LAO,2007,-27233
LAO,2006,-25286
LAO,2005,-24138
LAO,2004,-40120
LAO,2003,-36572
LAO,2002,-33595
LAO,2001,-33552
LAO,2000,-33965
LAO,1999,-36632
LAO,1998,-33997
LAO,1997,-32288
LAO,1996,-16574
LAO,1995,-14279
LAO,1994,-11782
LAO,1993,-9390
LAO,1992,-7502
LAO,1991,-5390
LAO,1990,-3100
LAO,1989,-1272
LAO,1988,-80
LAO,1987,0
LAO,1986,-475
LAO,1985,-1376
LAO,1984,-2698
LAO,1983,-4108
LAO,1982,-6184
LAO,1981,-11061
LAO,1980,-17339
LAO,1979,-23317
LAO,1978,-27208
LAO,1977,-26908
LAO,1976,-21738
LAO,1975,-13858
LAO,1974,-6000
LAO,1973,-774
LAO,1972,0
LAO,1971,0
LAO,1970,0
LAO,1969,0
LAO,1968,0
LAO,1967,0
LAO,1966,0
LAO,1965,0
LAO,1964,0
LAO,1963,0
LAO,1962,0
LAO,1961,0
LAO,1960,0
LVA,2025,-7330
LVA,2024,-2225
LVA,2023,7966
LVA,2022,22027
LVA,2021,-280
LVA,2020,-3147
LVA,2019,-3416
LVA,2018,-4972
LVA,2017,-7867
LVA,2016,-12327
LVA,2015,-10826
LVA,2014,-8799
LVA,2013,-14386
LVA,2012,-11914
LVA,2011,-20202
LVA,2010,-36128
LVA,2009,-34807
LVA,2008,-22445
LVA,2007,-8027
LVA,2006,-9211
LVA,2005,-11134
LVA,2004,-15136
LVA,2003,-11422
LVA,2002,-9160
LVA,2001,-18634
LVA,2000,-15679
LVA,1999,-3229
LVA,1998,-5504
LVA,1997,-9183
LVA,1996,-9888
LVA,1995,-13288
LVA,1994,-21446
LVA,1993,-32914
LVA,1992,-52180
LVA,1991,-12020
LVA,1990,-13196
LVA,1989,-4960
LVA,1988,15784
LVA,1987,19249
LVA,1986,13972
LVA,1985,12037
LVA,1984,8847
LVA,1983,8115
LVA,1982,8116
LVA,1981,6536
LVA,1980,3099
LVA,1979,3661
LVA,1978,7399
LVA,1977,11992
LVA,1976,8870
LVA,1975,12166
LVA,1974,14420
LVA,1973,15997
LVA,1972,11077
LVA,1971,10846
LVA,1970,12494
LVA,1969,13718
LVA,1968,13465
LVA,1967,14177
LVA,1966,13465
LVA,1965,13218
LVA,1964,13010
LVA,1963,12308
LVA,1962,12344
LVA,1961,12364
LVA,1960,11420
LBN,2025,-10230
LBN,2024,-17267
LBN,2023,-34193
LBN,2022,-27507
LBN,2021,-27290
LBN,2020,-47787
LBN,2019,-266992
LBN,2018,-259700
LBN,2017,-253664
LBN,2016,-247921
LBN,2015,-239829
LBN,2014,301111
LBN,2013,733500
LBN,2012,124427
LBN,2011,2246
LBN,2010,-40915
LBN,2009,-2700
LBN,2008,430
LBN,2007,27944
LBN,2006,25126
LBN,2005,1224
LBN,2004,4974
LBN,2003,1674
LBN,2002,-21543
LBN,2001,-1094
LBN,2000,455
LBN,1999,2589
LBN,1998,1062
LBN,1997,1313
LBN,1996,3164
LBN,1995,2634
LBN,1994,-4850
LBN,1993,-5196
LBN,1992,-970
LBN,1991,1159
LBN,1990,-6595
LBN,1989,-1827
LBN,1988,-1916
LBN,1987,607
LBN,1986,33549
LBN,1985,-1108
LBN,1984,-2785
LBN,1983,-14558
LBN,1982,-12981
LBN,1981,-1799
LBN,1980,2104
LBN,1979,-2103
LBN,1978,0
LBN,1977,0
LBN,1976,0
LBN,1975,0
LBN,1974,-3831
LBN,1973,482
LBN,1972,294
LBN,1971,3042
LBN,1970,-4508
LBN,1969,0
LBN,1968,4506
LBN,1967,-3434
LBN,1966,2864
LBN,1965,-742
LBN,1964,1311
LBN,1963,4269
LBN,1962,4569
LBN,1961,4844
LBN,1960,0
LSO,2025,-5192
LSO,2024,-5107
LSO,2023,-5168
LSO,2022,-6023
LSO,2021,-3449
LSO,2020,-3449
LSO,2019,-6896
LSO,2018,-6892
LSO,2017,-6850
LSO,2016,-6766
LSO,2015,-7087
LSO,2014,-6877
LSO,2013,-6659
LSO,2012,-6425
LSO,2011,-6118
LSO,2010,-5886
LSO,2009,-5599
LSO,2008,-5392
LSO,2007,-5179
LSO,2006,-11416
LSO,2005,-35679
LSO,2004,-33530
LSO,2003,-31723
LSO,2002,-29924
LSO,2001,-27874
LSO,2000,-26220
LSO,1999,-24610
LSO,1998,-23299
LSO,1997,-22396
LSO,1996,-17042
LSO,1995,-14588
LSO,1994,-13953
LSO,1993,-13347
LSO,1992,-12707
LSO,1991,-12114
LSO,1990,-11598
LSO,1989,-11207
LSO,1988,-11028
LSO,1987,-10946
LSO,1986,-7501
LSO,1985,1222
LSO,1984,1199
LSO,1983,1253
LSO,1982,1281
LSO,1981,1307
LSO,1980,1361
LSO,1979,1285
LSO,1978,1047
LSO,1977,746
LSO,1976,2986
LSO,1975,9723
LSO,1974,9972
LSO,1973,10183
LSO,1972,10386
LSO,1971,10563
LSO,1970,10605
LSO,1969,10465
LSO,1968,10108
LSO,1967,9734
LSO,1966,7248
LSO,1965,2239
LSO,1964,2198
LSO,1963,2220
LSO,1962,2172
LSO,1961,2100
LSO,1960,1989
LBR,2025,-9870
LBR,2024,-7779
LBR,2023,-5002
LBR,2022,-5003
LBR,2021,-11852
LBR,2020,-10107
LBR,2019,-19678
LBR,2018,-23199
LBR,2017,-24807
LBR,2016,-26796
LBR,2015,-15182
LBR,2014,-26690
LBR,2013,-22010
LBR,2012,-25710
LBR,2011,91981
LBR,2010,2850
LBR,2009,1187
LBR,2008,17404
LBR,2007,65306
LBR,2006,77946
LBR,2005,101019
LBR,2004,-1001
LBR,2003,-103564
LBR,2002,-23110
LBR,2001,7142
LBR,2000,-2060
LBR,1999,53643
LBR,1998,99203
LBR,1997,281480
LBR,1996,-37922
LBR,1995,54372
LBR,1994,-121407
LBR,1993,7300
LBR,1992,56210
LBR,1991,78052
LBR,1990,-712544
LBR,1989,8156
LBR,1988,7734
LBR,1987,6840
LBR,1986,6534
LBR,1985,7487
LBR,1984,7513
LBR,1983,7861
LBR,1982,2530
LBR,1981,2757
LBR,1980,4016
LBR,1979,3500
LBR,1978,3500
LBR,1977,3555
LBR,1976,1246
LBR,1975,2037
LBR,1974,2086
LBR,1973,2272
LBR,1972,2018
LBR,1971,1293
LBR,1970,2285
LBR,1969,1982
LBR,1968,1964
LBR,1967,2177
LBR,1966,1953
LBR,1965,2431
LBR,1964,2189
LBR,1963,2165
LBR,1962,2189
LBR,1961,2115
LBR,1960,1886
LBY,2025,-172
LBY,2024,3448
LBY,2023,-2001
LBY,2022,-2001
LBY,2021,-694
LBY,2020,-694
LBY,2019,-1352
LBY,2018,5841
LBY,2017,9208
LBY,2016,-5081
LBY,2015,-7660
LBY,2014,-1716
LBY,2013,25755
LBY,2012,5211
LBY,2011,-562827
LBY,2010,9611
LBY,2009,11670
LBY,2008,15260
LBY,2007,12640
LBY,2006,3351
LBY,2005,11024
LBY,2004,13222
LBY,2003,12073
LBY,2002,10152
LBY,2001,8420
LBY,2000,5634
LBY,1999,-10206
LBY,1998,-11479
LBY,1997,-10907
LBY,1996,-8446
LBY,1995,-5068
LBY,1994,-1755
LBY,1993,426
LBY,1992,843
LBY,1991,902
LBY,1990,946
LBY,1989,981
LBY,1988,1053
LBY,1987,1740
LBY,1986,5844
LBY,1985,11962
LBY,1984,18039
LBY,1983,-140904
LBY,1982,-126400
LBY,1981,69211
LBY,1980,66739
LBY,1979,64821
LBY,1978,61684
LBY,1977,57867
LBY,1976,53813
LBY,1975,49544
LBY,1974,44946
LBY,1973,20498
LBY,1972,-3418
LBY,1971,-4265
LBY,1970,745
LBY,1969,-1418
LBY,1968,-6323
LBY,1967,-10384
LBY,1966,-13619
LBY,1965,-15810
LBY,1964,2084
LBY,1963,18740
LBY,1962,21589
LBY,1961,22504
LBY,1960,22559
LIE,2025,194
LIE,2024,206
LIE,2023,214
LIE,2022,212
LIE,2021,187
LIE,2020,269
LIE,2019,271
LIE,2018,155
LIE,2017,206
LIE,2016,63
LIE,2015,163
LIE,2014,103
LIE,2013,180
LIE,2012,231
LIE,2011,139
LIE,2010,124
LIE,2009,150
LIE,2008,87
LIE,2007,89
LIE,2006,137
LIE,2005,117
LIE,2004,166
LIE,2003,189
LIE,2002,121
LIE,2001,113
LIE,2000,167
LIE,1999,198
LIE,1998,198
LIE,1997,232
LIE,1996,233
LIE,1995,264
LIE,1994,231
LIE,1993,240
LIE,1992,223
LIE,1991,219
LIE,1990,120
LIE,1989,152
LIE,1988,195
LIE,1987,178
LIE,1986,173
LIE,1985,199
LIE,1984,202
LIE,1983,197
LIE,1982,194
LIE,1981,178
LIE,1980,149
LIE,1979,177
LIE,1978,125
LIE,1977,140
LIE,1976,161
LIE,1975,166
LIE,1974,179
LIE,1973,194
LIE,1972,183
LIE,1971,179
LIE,1970,282
LIE,1969,316
LIE,1968,335
LIE,1967,280
LIE,1966,208
LIE,1965,193
LIE,1964,205
LIE,1963,210
LIE,1962,201
LIE,1961,200
LIE,1960,123
LTU,2025,-24618
LTU,2024,2617
LTU,2023,44935
LTU,2022,72100
LTU,2021,19657
LTU,2020,19884
LTU,2019,10665
LTU,2018,-3459
LTU,2017,-28027
LTU,2016,-30612
LTU,2015,-22560
LTU,2014,-12387
LTU,2013,-16769
LTU,2012,-21387
LTU,2011,-38518
LTU,2010,-78887
LTU,2009,-32186
LTU,2008,-16482
LTU,2007,-21815
LTU,2006,-24730
LTU,2005,-51357
LTU,2004,-32312
LTU,2003,-22701
LTU,2002,-12627
LTU,2001,-24733
LTU,2000,-16077
LTU,1999,-20533
LTU,1998,-22002
LTU,1997,-22324
LTU,1996,-23236
LTU,1995,-23509
LTU,1994,-24104
LTU,1993,-23949
LTU,1992,-25175
LTU,1991,-10744
LTU,1990,-8840
LTU,1989,-26985
LTU,1988,38648
LTU,1987,10820
LTU,1986,10177
LTU,1985,9417
LTU,1984,8835
LTU,1983,8585
LTU,1982,8163
LTU,1981,7752
LTU,1980,7412
LTU,1979,6932
LTU,1978,7328
LTU,1977,8964
LTU,1976,8581
LTU,1975,8170
LTU,1974,7757
LTU,1973,7327
LTU,1972,7185
LTU,1971,7130
LTU,1970,6530
LTU,1969,4179
LTU,1968,6522
LTU,1967,5251
LTU,1966,4799
LTU,1965,4196
LTU,1964,3820
LTU,1963,3428
LTU,1962,2899
LTU,1961,2550
LTU,1960,2328
LUX,2025,5237
LUX,2024,5677
LUX,2023,5905
LUX,2022,13194
LUX,2021,8724
LUX,2020,6967
LUX,2019,10503
LUX,2018,10145
LUX,2017,9643
LUX,2016,12760
LUX,2015,11377
LUX,2014,11217
LUX,2013,10535
LUX,2012,10273
LUX,2011,10918
LUX,2010,7909
LUX,2009,6855
LUX,2008,7969
LUX,2007,6244
LUX,2006,5557
LUX,2005,6310
LUX,2004,4566
LUX,2003,5581
LUX,2002,2759
LUX,2001,3427
LUX,2000,4516
LUX,1999,4666
LUX,1998,3874
LUX,1997,3711
LUX,1996,3603
LUX,1995,4385
LUX,1994,3900
LUX,1993,4055
LUX,1992,4101
LUX,1991,4067
LUX,1990,3992
LUX,1989,2999
LUX,1988,2909
LUX,1987,2200
LUX,1986,2121
LUX,1985,1067
LUX,1984,346
LUX,1983,376
LUX,1982,334
LUX,1981,443
LUX,1980,840
LUX,1979,670
LUX,1978,3155
LUX,1977,2830
LUX,1976,2802
LUX,1975,2794
LUX,1974,2728
LUX,1973,2673
LUX,1972,4143
LUX,1971,4274
LUX,1970,853
LUX,1969,833
LUX,1968,850
LUX,1967,752
LUX,1966,2222
LUX,1965,2203
LUX,1964,2178
LUX,1963,2080
LUX,1962,2014
LUX,1961,1969
LUX,1960,61
MAC,2025,-328
MAC,2024,1620
MAC,2023,8807
MAC,2022,8748
MAC,2021,8572
MAC,2020,8842
MAC,2019,8967
MAC,2018,8917
MAC,2017,8427
MAC,2016,7676
MAC,2015,7533
MAC,2014,6837
MAC,2013,7150
MAC,2012,6820
MAC,2011,8661
MAC,2010,10079
MAC,2009,10741
MAC,2008,11224
MAC,2007,11340
MAC,2006,11430
MAC,2005,11544
MAC,2004,11736
MAC,2003,11689
MAC,2002,11492
MAC,2001,7172
MAC,2000,4775
MAC,1999,4845
MAC,1998,4725
MAC,1997,4606
MAC,1996,4617
MAC,1995,4396
MAC,1994,4259
MAC,1993,4262
MAC,1992,4244
MAC,1991,5636
MAC,1990,6251
MAC,1989,6847
MAC,1988,7144
MAC,1987,6582
MAC,1986,6025
MAC,1985,5601
MAC,1984,5603
MAC,1983,5486
MAC,1982,5654
MAC,1981,5311
MAC,1980,3290
MAC,1979,4390
MAC,1978,5011
MAC,1977,5150
MAC,1976,4867
MAC,1975,4428
MAC,1974,3808
MAC,1973,-62374
MAC,1972,12607
MAC,1971,4002
MAC,1970,5733
MAC,1969,-4123
MAC,1968,-4188
MAC,1967,-4547
MAC,1966,-4913
MAC,1965,-5424
MAC,1964,80003
MAC,1963,1213
MAC,1962,1139
MAC,1961,1038
MAC,1960,-8727
MDG,2025,-2227
MDG,2024,-1795
MDG,2023,-1487
MDG,2022,-1487
MDG,2021,-1480
MDG,2020,-1480
MDG,2019,-2976
MDG,2018,-2887
MDG,2017,-2784
MDG,2016,-2687
MDG,2015,-2594
MDG,2014,-2522
MDG,2013,-2445
MDG,2012,-2334
MDG,2011,-2219
MDG,2010,-1979
MDG,2009,-1429
MDG,2008,-1255
MDG,2007,-1563
MDG,2006,-2336
MDG,2005,-4869
MDG,2004,-13393
MDG,2003,-18345
MDG,2002,-18209
MDG,2001,-13014
MDG,2000,-4298
MDG,1999,-1891
MDG,1998,-1222
MDG,1997,-986
MDG,1996,-1161
MDG,1995,-1670
MDG,1994,-1905
MDG,1993,-2063
MDG,1992,-2216
MDG,1991,-2330
MDG,1990,-1777
MDG,1989,-1848
MDG,1988,-1883
MDG,1987,-1896
MDG,1986,-1914
MDG,1985,-1947
MDG,1984,-1965
MDG,1983,-1979
MDG,1982,-2093
MDG,1981,-2864
MDG,1980,-4005
MDG,1979,-5126
MDG,1978,-5874
MDG,1977,-5957
MDG,1976,-5655
MDG,1975,-5173
MDG,1974,-4607
MDG,1973,-4037
MDG,1972,-3583
MDG,1971,-3118
MDG,1970,-2658
MDG,1969,-2216
MDG,1968,-1766
MDG,1967,-1383
MDG,1966,-964
MDG,1965,-550
MDG,1964,-204
MDG,1963,0
MDG,1962,0
MDG,1961,0
MDG,1960,0
MWI,2025,-5628
MWI,2024,-1507
MWI,2023,-5811
MWI,2022,-5231
MWI,2021,-2666
MWI,2020,-2655
MWI,2019,-1837
MWI,2018,-3267
MWI,2017,982
MWI,2016,3505
MWI,2015,-6471
MWI,2014,-10317
MWI,2013,-12934
MWI,2012,-13561
MWI,2011,-12170
MWI,2010,-9327
MWI,2009,-8590
MWI,2008,-9264
MWI,2007,-22680
MWI,2006,-29450
MWI,2005,-31462
MWI,2004,-32221
MWI,2003,-31729
MWI,2002,-30013
MWI,2001,-28933
MWI,2000,-28098
MWI,1999,-31686
MWI,1998,-39491
MWI,1997,-61646
MWI,1996,-66212
MWI,1995,-66366
MWI,1994,-505365
MWI,1993,-284867
MWI,1992,37142
MWI,1991,15291
MWI,1990,71111
MWI,1989,180031
MWI,1988,201011
MWI,1987,271693
MWI,1986,62615
MWI,1985,74625
MWI,1984,72435
MWI,1983,68197
MWI,1982,62661
MWI,1981,57376
MWI,1980,52294
MWI,1979,46388
MWI,1978,36225
MWI,1977,19638
MWI,1976,8206
MWI,1975,5162
MWI,1974,3833
MWI,1973,1623
MWI,1972,48
MWI,1971,-710
MWI,1970,-2147
MWI,1969,-2266
MWI,1968,-924
MWI,1967,0
MWI,1966,0
MWI,1965,0
MWI,1964,0
MWI,1963,0
MWI,1962,0
MWI,1961,0
MWI,1960,0
MYS,2025,166615
MYS,2024,174770
MYS,2023,181071
MYS,2022,188154
MYS,2021,188506
MYS,2020,101907
MYS,2019,203284
MYS,2018,221965
MYS,2017,227677
MYS,2016,222141
MYS,2015,187663
MYS,2014,159791
MYS,2013,149637
MYS,2012,134975
MYS,2011,122269
MYS,2010,157164
MYS,2009,178410
MYS,2008,202481
MYS,2007,229784
MYS,2006,232971
MYS,2005,225864
MYS,2004,212278
MYS,2003,199510
MYS,2002,196227
MYS,2001,173613
MYS,2000,125499
MYS,1999,89335
MYS,1998,99639
MYS,1997,79266
MYS,1996,73040
MYS,1995,72393
MYS,1994,66685
MYS,1993,61079
MYS,1992,66286
MYS,1991,97111
MYS,1990,135020
MYS,1989,143544
MYS,1988,133478
MYS,1987,137759
MYS,1986,127081
MYS,1985,120215
MYS,1984,106248
MYS,1983,97862
MYS,1982,89942
MYS,1981,84142
MYS,1980,80617
MYS,1979,-13980
MYS,1978,-15059
MYS,1977,-16601
MYS,1976,-18316
MYS,1975,-20480
MYS,1974,-21919
MYS,1973,-21995
MYS,1972,-21305
MYS,1971,-20535
MYS,1970,-31839
MYS,1969,-39420
MYS,1968,-40996
MYS,1967,-42108
MYS,1966,-33993
MYS,1965,-36456
MYS,1964,-38785
MYS,1963,-40952
MYS,1962,-43033
MYS,1961,-44916
MYS,1960,-46948
MDV,2025,-2283
MDV,2024,-2421
MDV,2023,-2877
MDV,2022,-2674
MDV,2021,9412
MDV,2020,9642
MDV,2019,9648
MDV,2018,9637
MDV,2017,9555
MDV,2016,9421
MDV,2015,9324
MDV,2014,7700
MDV,2013,6963
MDV,2012,6800
MDV,2011,6611
MDV,2010,6369
MDV,2009,6093
MDV,2008,6035
MDV,2007,6160
MDV,2006,5006
MDV,2005,578
MDV,2004,668
MDV,2003,578
MDV,2002,607
MDV,2001,560
MDV,2000,300
MDV,1999,-62
MDV,1998,-94
MDV,1997,-60
MDV,1996,-183
MDV,1995,-302
MDV,1994,-768
MDV,1993,-749
MDV,1992,-522
MDV,1991,-378
MDV,1990,-271
MDV,1989,-610
MDV,1988,-564
MDV,1987,-265
MDV,1986,-175
MDV,1985,-382
MDV,1984,-1300
MDV,1983,-1608
MDV,1982,-1220
MDV,1981,-1014
MDV,1980,-903
MDV,1979,-958
MDV,1978,-716
MDV,1977,-413
MDV,1976,-101
MDV,1975,-14
MDV,1974,-78
MDV,1973,60
MDV,1972,269
MDV,1971,341
MDV,1970,330
MDV,1969,313
MDV,1968,255
MDV,1967,672
MDV,1966,1511
MDV,1965,1709
MDV,1964,-227
MDV,1963,-125
MDV,1962,-80
MDV,1961,-44
MDV,1960,-32
MLI,2025,-48019
MLI,2024,-46880
MLI,2023,-39953
MLI,2022,-39951
MLI,2021,-22210
MLI,2020,-14962
MLI,2019,-44373
MLI,2018,-40710
MLI,2017,-33942
MLI,2016,-30251
MLI,2015,-48872
MLI,2014,-50068
MLI,2013,-40951
MLI,2012,-140507
MLI,2011,-43160
MLI,2010,-34483
MLI,2009,-34383
MLI,2008,-24509
MLI,2007,-19945
MLI,2006,-18247
MLI,2005,-17413
MLI,2004,-10796
MLI,2003,-11768
MLI,2002,-8914
MLI,2001,-12507
MLI,2000,-17395
MLI,1999,-21702
MLI,1998,-30255
MLI,1997,-55978
MLI,1996,-67974
MLI,1995,-67763
MLI,1994,-63533
MLI,1993,-68816
MLI,1992,-70789
MLI,1991,-77172
MLI,1990,-68668
MLI,1989,-75771
MLI,1988,-87952
MLI,1987,-90940
MLI,1986,-81970
MLI,1985,-63347
MLI,1984,-47331
MLI,1983,-34132
MLI,1982,-34140
MLI,1981,-34130
MLI,1980,-30156
MLI,1979,-32353
MLI,1978,-31520
MLI,1977,-28853
MLI,1976,-33999
MLI,1975,-26572
MLI,1974,-22449
MLI,1973,-19137
MLI,1972,-19594
MLI,1971,-22127
MLI,1970,-17479
MLI,1969,-18302
MLI,1968,-18015
MLI,1967,-16900
MLI,1966,-17032
MLI,1965,-13662
MLI,1964,-13226
MLI,1963,-11951
MLI,1962,-10821
MLI,1961,-10139
MLI,1960,-10314
MLT,2025,5161
MLT,2024,6323
MLT,2023,6591
MLT,2022,2480
MLT,2021,4638
MLT,2020,6904
MLT,2019,20302
MLT,2018,16961
MLT,2017,14372
MLT,2016,8624
MLT,2015,9588
MLT,2014,9192
MLT,2013,861
MLT,2012,911
MLT,2011,999
MLT,2010,741
MLT,2009,836
MLT,2008,869
MLT,2007,926
MLT,2006,997
MLT,2005,1626
MLT,2004,1662
MLT,2003,1626
MLT,2002,1821
MLT,2001,1678
MLT,2000,1591
MLT,1999,1463
MLT,1998,1260
MLT,1997,1003
MLT,1996,1142
MLT,1995,1306
MLT,1994,1136
MLT,1993,1006
MLT,1992,737
MLT,1991,763
MLT,1990,568
MLT,1989,248
MLT,1988,164
MLT,1987,295
MLT,1986,464
MLT,1985,-428
MLT,1984,-558
MLT,1983,-740
MLT,1982,-1059
MLT,1981,-548
MLT,1980,-886
MLT,1979,-1311
MLT,1978,-1302
MLT,1977,-1598
MLT,1976,-1641
MLT,1975,-1742
MLT,1974,-1597
MLT,1973,-1549
MLT,1972,-1316
MLT,1971,-1327
MLT,1970,-1123
MLT,1969,-827
MLT,1968,-753
MLT,1967,-4073
MLT,1966,-4318
MLT,1965,-4329
MLT,1964,-4768
MLT,1963,-4773
MLT,1962,-5360
MLT,1961,-5099
MLT,1960,-5540
MHL,2025,-1698
MHL,2024,-1765
MHL,2023,-1832
MHL,2022,-1829
MHL,2021,-2016
MHL,2020,-2004
MHL,2019,-2030
MHL,2018,-2058
MHL,2017,-2040
MHL,2016,-2003
MHL,2015,-1964
MHL,2014,-1906
MHL,2013,-1825
MHL,2012,-1759
MHL,2011,-1512
MHL,2010,-1221
MHL,2009,-1361
MHL,2008,-1467
MHL,2007,-1491
MHL,2006,-1491
MHL,2005,-1482
MHL,2004,-1466
MHL,2003,-1427
MHL,2002,-1345
MHL,2001,-1237
MHL,2000,-1110
MHL,1999,-1068
MHL,1998,-1124
MHL,1997,-1097
MHL,1996,-1050
MHL,1995,-991
MHL,1994,-942
MHL,1993,-869
MHL,1992,-769
MHL,1991,-661
MHL,1990,-562
MHL,1989,-479
MHL,1988,-140
MHL,1987,-16
MHL,1986,-8
MHL,1985,-1
MHL,1984,6
MHL,1983,12
MHL,1982,23
MHL,1981,31
MHL,1980,-155
MHL,1979,-316
MHL,1978,-286
MHL,1977,-264
MHL,1976,-233
MHL,1975,-193
MHL,1974,-145
MHL,1973,-383
MHL,1972,-306
MHL,1971,-232
MHL,1970,201
MHL,1969,690
MHL,1968,769
MHL,1967,308
MHL,1966,-89
MHL,1965,-22
MHL,1964,16
MHL,1963,42
MHL,1962,54
MHL,1961,56
MHL,1960,63
MRT,2025,-5044
MRT,2024,-2185
MRT,2023,2999
MRT,2022,2999
MRT,2021,-1483
MRT,2020,-1483
MRT,2019,-3019
MRT,2018,-2987
MRT,2017,-3001
MRT,2016,-3008
MRT,2015,-3019
MRT,2014,-2980
MRT,2013,-2987
MRT,2012,4515
MRT,2011,3272
MRT,2010,1128
MRT,2009,-1481
MRT,2008,-3860
MRT,2007,-17048
MRT,2006,-18033
MRT,2005,-18693
MRT,2004,-19042
MRT,2003,-19104
MRT,2002,-18903
MRT,2001,-21067
MRT,2000,-2997
MRT,1999,-2999
MRT,1998,-8504
MRT,1997,-8187
MRT,1996,-28840
MRT,1995,-22997
MRT,1994,5304
MRT,1993,6217
MRT,1992,34505
MRT,1991,-2997
MRT,1990,-3000
MRT,1989,-17941
MRT,1988,-2997
MRT,1987,-2998
MRT,1986,-2998
MRT,1985,-2998
MRT,1984,-2998
MRT,1983,-2998
MRT,1982,-2998
MRT,1981,-2998
MRT,1980,-2997
MRT,1979,-2997
MRT,1978,-2998
MRT,1977,-2999
MRT,1976,-1645
MRT,1975,-1472
MRT,1974,-1321
MRT,1973,-1201
MRT,1972,-1139
MRT,1971,-1014
MRT,1970,-855
MRT,1969,-688
MRT,1968,-565
MRT,1967,-514
MRT,1966,-466
MRT,1965,-434
MRT,1964,-390
MRT,1963,-362
MRT,1962,-342
MRT,1961,-332
MRT,1960,-318
MUS,2025,-2784
MUS,2024,-2787
MUS,2023,-2824
MUS,2022,-2824
MUS,2021,-4324
MUS,2020,-5895
MUS,2019,-5202
MUS,2018,-5084
MUS,2017,-5322
MUS,2016,-4483
MUS,2015,-3645
MUS,2014,-3691
MUS,2013,-3617
MUS,2012,-3663
MUS,2011,-2465
MUS,2010,-2624
MUS,2009,-2467
MUS,2008,-2589
MUS,2007,-2642
MUS,2006,-2757
MUS,2005,-2840
MUS,2004,-3001
MUS,2003,-3141
MUS,2002,-3150
MUS,2001,-3225
MUS,2000,-2326
MUS,1999,-1463
MUS,1998,-1292
MUS,1997,-1199
MUS,1996,-1092
MUS,1995,-1144
MUS,1994,-1112
MUS,1993,-1189
MUS,1992,-1254
MUS,1991,-1333
MUS,1990,-1938
MUS,1989,-2463
MUS,1988,-1399
MUS,1987,-300
MUS,1986,852
MUS,1985,615
MUS,1984,-258
MUS,1983,-1756
MUS,1982,-2226
MUS,1981,-1559
MUS,1980,-1739
MUS,1979,-2363
MUS,1978,-3129
MUS,1977,-3749
MUS,1976,-3807
MUS,1975,-3869
MUS,1974,-4908
MUS,1973,-2144
MUS,1972,-2408
MUS,1971,-960
MUS,1970,-1281
MUS,1969,-674
MUS,1968,-2445
MUS,1967,-1257
MUS,1966,-4123
MUS,1965,-3597
MUS,1964,-4850
MUS,1963,-5236
MUS,1962,-6107
MUS,1961,-8984
MUS,1960,-7083
MEX,2025,-108037
MEX,2024,-104581
MEX,2023,-101044
MEX,2022,-108438
MEX,2021,-122791
MEX,2020,-147456
MEX,2019,-169628
MEX,2018,-175356
MEX,2017,-227499
MEX,2016,-304472
MEX,2015,-291044
MEX,2014,-228816
MEX,2013,-120058
MEX,2012,-128485
MEX,2011,-37826
MEX,2010,-40845
MEX,2009,-30809
MEX,2008,-50347
MEX,2007,-105524
MEX,2006,-244140
MEX,2005,-310278
MEX,2004,-346912
MEX,2003,-369183
MEX,2002,-379812
MEX,2001,-378348
MEX,2000,-356433
MEX,1999,-328773
MEX,1998,-321385
MEX,1997,-340546
MEX,1996,-343399
MEX,1995,-340091
MEX,1994,-354573
MEX,1993,-358039
MEX,1992,-344313
MEX,1991,-326691
MEX,1990,-321764
MEX,1989,-386467
MEX,1988,-374544
MEX,1987,-415521
MEX,1986,-451756
MEX,1985,-445447
MEX,1984,-425467
MEX,1983,-402937
MEX,1982,-382048
MEX,1981,-361791
MEX,1980,-252177
MEX,1979,-246034
MEX,1978,-243714
MEX,1977,-239521
MEX,1976,-229450
MEX,1975,-216556
MEX,1974,-207995
MEX,1973,-200688
MEX,1972,-193965
MEX,1971,-185062
MEX,1970,-164100
MEX,1969,-137051
MEX,1968,-116358
MEX,1967,-98680
MEX,1966,-87018
MEX,1965,-78288
MEX,1964,-72581
MEX,1963,-66515
MEX,1962,-59833
MEX,1961,-56174
MEX,1960,-85591
FSM,2025,-1125
FSM,2024,-1104
FSM,2023,-1134
FSM,2022,-1159
FSM,2021,-1190
FSM,2020,-680
FSM,2019,-1360
FSM,2018,-1281
FSM,2017,-1281
FSM,2016,-1346
FSM,2015,-1413
FSM,2014,-1480
FSM,2013,-1559
FSM,2012,-1631
FSM,2011,-1717
FSM,2010,-1798
FSM,2009,-2997
FSM,2008,-3070
FSM,2007,-3109
FSM,2006,-3080
FSM,2005,-2968
FSM,2004,-2919
FSM,2003,-2831
FSM,2002,-2677
FSM,2001,-2562
FSM,2000,-2402
FSM,1999,-2530
FSM,1998,-2505
FSM,1997,-2468
FSM,1996,-2355
FSM,1995,-2192
FSM,1994,-1006
FSM,1993,-552
FSM,1992,-589
FSM,1991,-993
FSM,1990,-993
FSM,1989,-994
FSM,1988,-994
FSM,1987,-291
FSM,1986,-291
FSM,1985,-291
FSM,1984,-291
FSM,1983,-291
FSM,1982,-291
FSM,1981,-291
FSM,1980,-291
FSM,1979,-291
FSM,1978,-291
FSM,1977,-753
FSM,1976,-753
FSM,1975,-753
FSM,1974,-484
FSM,1973,-484
FSM,1972,-484
FSM,1971,-485
FSM,1970,-192
FSM,1969,-192
FSM,1968,-192
FSM,1967,-192
FSM,1966,-88
FSM,1965,-88
FSM,1964,-88
FSM,1963,-88
FSM,1962,193
FSM,1961,193
FSM,1960,193
MDA,2025,-29766
MDA,2024,-27088
MDA,2023,-18570
MDA,2022,89154
MDA,2021,-33405
MDA,2020,-33405
MDA,2019,-41233
MDA,2018,-36085
MDA,2017,-43871
MDA,2016,-51642
MDA,2015,-59399
MDA,2014,-67175
MDA,2013,-77571
MDA,2012,-81215
MDA,2011,-82271
MDA,2010,-84039
MDA,2009,-83546
MDA,2008,-79593
MDA,2007,-75734
MDA,2006,-72061
MDA,2005,-68681
MDA,2004,-52491
MDA,2003,-46947
MDA,2002,-45833
MDA,2001,-45043
MDA,2000,-43854
MDA,1999,-43111
MDA,1998,-41975
MDA,1997,-41743
MDA,1996,-33369
MDA,1995,-31975
MDA,1994,-31616
MDA,1993,-31526
MDA,1992,-30136
MDA,1991,-29204
MDA,1990,-30053
MDA,1989,-29307
MDA,1988,-4989
MDA,1987,-10796
MDA,1986,-8769
MDA,1985,-10627
MDA,1984,-12732
MDA,1983,-10543
MDA,1982,-8412
MDA,1981,-6452
MDA,1980,-3693
MDA,1979,-6912
MDA,1978,3483
MDA,1977,3245
MDA,1976,2885
MDA,1975,2355
MDA,1974,1785
MDA,1973,1156
MDA,1972,481
MDA,1971,-61
MDA,1970,606
MDA,1969,20561
MDA,1968,19830
MDA,1967,19175
MDA,1966,18601
MDA,1965,18066
MDA,1964,17509
MDA,1963,16816
MDA,1962,15884
MDA,1961,14818
MDA,1960,13697
MCO,2025,100
MCO,2024,110
MCO,2023,88
MCO,2022,995
MCO,2021,999
MCO,2020,999
MCO,2019,-198
MCO,2018,999
MCO,2017,798
MCO,2016,798
MCO,2015,939
MCO,2014,916
MCO,2013,926
MCO,2012,906
MCO,2011,866
MCO,2010,808
MCO,2009,785
MCO,2008,206
MCO,2007,-274
MCO,2006,-209
MCO,2005,-147
MCO,2004,-112
MCO,2003,-68
MCO,2002,-60
MCO,2001,-69
MCO,2000,-33
MCO,1999,64
MCO,1998,173
MCO,1997,212
MCO,1996,229
MCO,1995,246
MCO,1994,262
MCO,1993,276
MCO,1992,293
MCO,1991,299
MCO,1990,289
MCO,1989,285
MCO,1988,304
MCO,1987,315
MCO,1986,340
MCO,1985,374
MCO,1984,412
MCO,1983,456
MCO,1982,447
MCO,1981,201
MCO,1980,256
MCO,1979,306
MCO,1978,355
MCO,1977,407
MCO,1976,459
MCO,1975,458
MCO,1974,198
MCO,1973,218
MCO,1972,294
MCO,1971,358
MCO,1970,406
MCO,1969,450
MCO,1968,388
MCO,1967,67
MCO,1966,162
MCO,1965,243
MCO,1964,287
MCO,1963,333
MCO,1962,283
MCO,1961,52
MCO,1960,103
MNG,2025,79
MNG,2024,83
MNG,2023,0
MNG,2022,0
MNG,2021,0
MNG,2020,0
MNG,2019,8660
MNG,2018,7811
MNG,2017,6831
MNG,2016,5633
MNG,2015,4307
MNG,2014,2921
MNG,2013,1505
MNG,2012,351
MNG,2011,-505
MNG,2010,-6444
MNG,2009,-15007
MNG,2008,-17277
MNG,2007,-15220
MNG,2006,-11934
MNG,2005,-8924
MNG,2004,-8148
MNG,2003,-7986
MNG,2002,-8934
MNG,2001,-10244
MNG,2000,-11241
MNG,1999,-13481
MNG,1998,-10315
MNG,1997,-9132
MNG,1996,-8626
MNG,1995,-7346
MNG,1994,-5449
MNG,1993,-5429
MNG,1992,-8404
MNG,1991,-11427
MNG,1990,-11881
MNG,1989,-9757
MNG,1988,2459
MNG,1987,1855
MNG,1986,354
MNG,1985,-1719
MNG,1984,-2452
MNG,1983,-2522
MNG,1982,-2132
MNG,1981,-1615
MNG,1980,-1268
MNG,1979,-1296
MNG,1978,1833
MNG,1977,5354
MNG,1976,6577
MNG,1975,6556
MNG,1974,6153
MNG,1973,5647
MNG,1972,4999
MNG,1971,4238
MNG,1970,3263
MNG,1969,2366
MNG,1968,3535
MNG,1967,5139
MNG,1966,5837
MNG,1965,5610
MNG,1964,4599
MNG,1963,3687
MNG,1962,9049
MNG,1961,10440
MNG,1960,10334
MNE,2025,-9279
MNE,2024,-1686
MNE,2023,12000
MNE,2022,26332
MNE,2021,-2344
MNE,2020,-3310
MNE,2019,-4083
MNE,2018,-5058
MNE,2017,-4948
MNE,2016,-5274
MNE,2015,-4863
MNE,2014,-4357
MNE,2013,-2478
MNE,2012,-1583
MNE,2011,0
MNE,2010,-2276
MNE,2009,-3456
MNE,2008,-3326
MNE,2007,-3056
MNE,2006,-2735
MNE,2005,-2247
MNE,2004,-1997
MNE,2003,-3178
MNE,2002,-3357
MNE,2001,-3511
MNE,2000,-3734
MNE,1999,-3487
MNE,1998,-3326
MNE,1997,-3077
MNE,1996,-3051
MNE,1995,-3082
MNE,1994,-2889
MNE,1993,-2835
MNE,1992,-2942
MNE,1991,-2630
MNE,1990,-1705
MNE,1989,-1730
MNE,1988,-2165
MNE,1987,-2569
MNE,1986,-2747
MNE,1985,-3013
MNE,1984,-3074
MNE,1983,-3190
MNE,1982,-3151
MNE,1981,-2287
MNE,1980,-450
MNE,1979,-718
MNE,1978,-1103
MNE,1977,-1364
MNE,1976,-1447
MNE,1975,-1588
MNE,1974,-1669
MNE,1973,-1778
MNE,1972,-1922
MNE,1971,-1856
MNE,1970,-2013
MNE,1969,-2456
MNE,1968,-2404
MNE,1967,-2519
MNE,1966,-2751
MNE,1965,-2743
MNE,1964,-2734
MNE,1963,-2800
MNE,1962,-2606
MNE,1961,-2254
MNE,1960,-2467
MAR,2025,-56254
MAR,2024,-46802
MAR,2023,-39650
MAR,2022,-38594
MAR,2021,-47902
MAR,2020,-35474
MAR,2019,-91217
MAR,2018,-88159
MAR,2017,-60472
MAR,2016,-39302
MAR,2015,-81248
MAR,2014,-72065
MAR,2013,-67096
MAR,2012,-65251
MAR,2011,-67447
MAR,2010,-70510
MAR,2009,-82203
MAR,2008,-78912
MAR,2007,-73759
MAR,2006,-72364
MAR,2005,-59024
MAR,2004,-66749
MAR,2003,-84460
MAR,2002,-67802
MAR,2001,-63967
MAR,2000,-67569
MAR,1999,-74343
MAR,1998,-80286
MAR,1997,-96502
MAR,1996,-95331
MAR,1995,-85386
MAR,1994,-115404
MAR,1993,-121254
MAR,1992,-107911
MAR,1991,-130717
MAR,1990,-97711
MAR,1989,-104509
MAR,1988,-102484
MAR,1987,-104029
MAR,1986,-99905
MAR,1985,-45336
MAR,1984,-39319
MAR,1983,-24988
MAR,1982,-25471
MAR,1981,-22553
MAR,1980,-13899
MAR,1979,-27374
MAR,1978,-30600
MAR,1977,-32161
MAR,1976,-58019
MAR,1975,-51968
MAR,1974,-52927
MAR,1973,-51772
MAR,1972,-47226
MAR,1971,-39385
MAR,1970,-26168
MAR,1969,-24389
MAR,1968,-25267
MAR,1967,-23309
MAR,1966,-26945
MAR,1965,-33139
MAR,1964,-46106
MAR,1963,-56214
MAR,1962,-28071
MAR,1961,-40413
MAR,1960,-19434
MOZ,2025,-65573
MOZ,2024,-38940
MOZ,2023,-36276
MOZ,2022,-34936
MOZ,2021,-23103
MOZ,2020,-25864
MOZ,2019,-49080
MOZ,2018,-50224
MOZ,2017,-25043
MOZ,2016,-43398
MOZ,2015,-52374
MOZ,2014,-53625
MOZ,2013,-57067
MOZ,2012,-63131
MOZ,2011,-63638
MOZ,2010,-97079
MOZ,2009,-100625
MOZ,2008,-102534
MOZ,2007,-100490
MOZ,2006,-95333
MOZ,2005,-95770
MOZ,2004,-100824
MOZ,2003,-99484
MOZ,2002,-103102
MOZ,2001,-105130
MOZ,2000,-104476
MOZ,1999,-103223
MOZ,1998,-74952
MOZ,1997,-79732
MOZ,1996,90975
MOZ,1995,108751
MOZ,1994,938163
MOZ,1993,272829
MOZ,1992,-128960
MOZ,1991,-68644
MOZ,1990,-127215
MOZ,1989,-199509
MOZ,1988,-286247
MOZ,1987,-441710
MOZ,1986,-121350
MOZ,1985,-75642
MOZ,1984,-70532
MOZ,1983,-73899
MOZ,1982,-72852
MOZ,1981,-58347
MOZ,1980,-149650
MOZ,1979,83699
MOZ,1978,95859
MOZ,1977,91082
MOZ,1976,61326
MOZ,1975,59562
MOZ,1974,51238
MOZ,1973,44951
MOZ,1972,35023
MOZ,1971,11297
MOZ,1970,-18197
MOZ,1969,-24251
MOZ,1968,-26872
MOZ,1967,-27672
MOZ,1966,-31462
MOZ,1965,-30538
MOZ,1964,-35005
MOZ,1963,-37738
MOZ,1962,-38504
MOZ,1961,-40181
MOZ,1960,-54351
MMR,2025,-39661
MMR,2024,-37979
MMR,2023,-34989
MMR,2022,-34988
MMR,2021,-35370
MMR,2020,-66213
MMR,2019,-100783
MMR,2018,-114598
MMR,2017,-105415
MMR,2016,-87907
MMR,2015,-94108
MMR,2014,-74901
MMR,2013,-62863
MMR,2012,-61536
MMR,2011,-82713
MMR,2010,-116481
MMR,2009,-158542
MMR,2008,-180533
MMR,2007,-184989
MMR,2006,-186098
MMR,2005,-185009
MMR,2004,-169736
MMR,2003,-165739
MMR,2002,-150232
MMR,2001,-131124
MMR,2000,-106772
MMR,1999,-81874
MMR,1998,-62281
MMR,1997,-58954
MMR,1996,-65766
MMR,1995,-75097
MMR,1994,-71359
MMR,1993,-83214
MMR,1992,-80661
MMR,1991,-79059
MMR,1990,-40859
MMR,1989,-26585
MMR,1988,-13046
MMR,1987,-11642
MMR,1986,-7351
MMR,1985,6074
MMR,1984,11433
MMR,1983,18427
MMR,1982,-79856
MMR,1981,-52839
MMR,1980,-37679
MMR,1979,-44174
MMR,1978,-36055
MMR,1977,-37879
MMR,1976,-60561
MMR,1975,-52763
MMR,1974,-53875
MMR,1973,-55659
MMR,1972,10735
MMR,1971,6306
MMR,1970,17997
MMR,1969,17491
MMR,1968,17293
MMR,1967,18470
MMR,1966,15453
MMR,1965,18847
MMR,1964,15600
MMR,1963,14350
MMR,1962,13546
MMR,1961,11972
MMR,1960,8807
NAM,2025,1866
NAM,2024,4211
NAM,2023,11675
NAM,2022,22212
NAM,2021,31327
NAM,2020,27056
NAM,2019,19676
NAM,2018,17920
NAM,2017,16080
NAM,2016,14002
NAM,2015,12755
NAM,2014,11134
NAM,2013,10748
NAM,2012,10957
NAM,2011,-4067
NAM,2010,-8518
NAM,2009,-8626
NAM,2008,-8775
NAM,2007,-8905
NAM,2006,-8792
NAM,2005,-8195
NAM,2004,-7192
NAM,2003,-6153
NAM,2002,-1913
NAM,2001,2869
NAM,2000,5709
NAM,1999,6333
NAM,1998,6180
NAM,1997,6023
NAM,1996,5866
NAM,1995,5712
NAM,1994,5578
NAM,1993,5464
NAM,1992,2487
NAM,1991,309
NAM,1990,3969
NAM,1989,75072
NAM,1988,10916
NAM,1987,4559
NAM,1986,3953
NAM,1985,2090
NAM,1984,-267
NAM,1983,-481
NAM,1982,-889
NAM,1981,-18901
NAM,1980,-15041
NAM,1979,-4818
NAM,1978,-22827
NAM,1977,-3907
NAM,1976,-5048
NAM,1975,-553
NAM,1974,-744
NAM,1973,-1066
NAM,1972,-236
NAM,1971,-208
NAM,1970,-244
NAM,1969,-57
NAM,1968,-636
NAM,1967,-339
NAM,1966,-1023
NAM,1965,-1327
NAM,1964,-1660
NAM,1963,-2016
NAM,1962,-2403
NAM,1961,-2807
NAM,1960,-3227
NRU,2025,-122
NRU,2024,-121
NRU,2023,-148
NRU,2022,-144
NRU,2021,-137
NRU,2020,-214
NRU,2019,-171
NRU,2018,-131
NRU,2017,-115
NRU,2016,-105
NRU,2015,-86
NRU,2014,-69
NRU,2013,-53
NRU,2012,-38
NRU,2011,-206
NRU,2010,-246
NRU,2009,-249
NRU,2008,-243
NRU,2007,-235
NRU,2006,-224
NRU,2005,-217
NRU,2004,-210
NRU,2003,-199
NRU,2002,-247
NRU,2001,-252
NRU,2000,-236
NRU,1999,-227
NRU,1998,-217
NRU,1997,-209
NRU,1996,-204
NRU,1995,-201
NRU,1994,-196
NRU,1993,-194
NRU,1992,-121
NRU,1991,0
NRU,1990,20
NRU,1989,24
NRU,1988,29
NRU,1987,27
NRU,1986,21
NRU,1985,8
NRU,1984,-2
NRU,1983,-5
NRU,1982,30
NRU,1981,44
NRU,1980,44
NRU,1979,48
NRU,1978,40
NRU,1977,32
NRU,1976,0
NRU,1975,0
NRU,1974,0
NRU,1973,0
NRU,1972,0
NRU,1971,0
NRU,1970,0
NRU,1969,132
NRU,1968,180
NRU,1967,-28
NRU,1966,-32
NRU,1965,218
NRU,1964,203
NRU,1963,181
NRU,1962,158
NRU,1961,120
NRU,1960,76
NPL,2025,-364699
NPL,2024,-401282
NPL,2023,-409782
NPL,2022,-379321
NPL,2021,130001
NPL,2020,162139
NPL,2019,182203
NPL,2018,-295151
NPL,2017,-368787
NPL,2016,-341748
NPL,2015,-221062
NPL,2014,-310156
NPL,2013,-373064
NPL,2012,-371707
NPL,2011,-347552
NPL,2010,-269963
NPL,2009,-266144
NPL,2008,-261540
NPL,2007,-252526
NPL,2006,-241455
NPL,2005,-211024
NPL,2004,-197336
NPL,2003,-168314
NPL,2002,-153730
NPL,2001,-148973
NPL,2000,-147193
NPL,1999,-122551
NPL,1998,-108400
NPL,1997,-98454
NPL,1996,-92307
NPL,1995,-86232
NPL,1994,-27415
NPL,1993,-37782
NPL,1992,84113
NPL,1991,17056
NPL,1990,-640
NPL,1989,-39808
NPL,1988,-64246
NPL,1987,-72437
NPL,1986,-47017
NPL,1985,-30154
NPL,1984,-19300
NPL,1983,1304
NPL,1982,-3898
NPL,1981,-4855
NPL,1980,5084
NPL,1979,88
NPL,1978,346
NPL,1977,2108
NPL,1976,-15119
NPL,1975,-6686
NPL,1974,-4361
NPL,1973,-1076
NPL,1972,-2107
NPL,1971,-7284
NPL,1970,1847
NPL,1969,-527
NPL,1968,-746
NPL,1967,347
NPL,1966,-3306
NPL,1965,-1551
NPL,1964,-6087
NPL,1963,-8303
NPL,1962,-9249
NPL,1961,-10601
NPL,1960,-13223
NLD,2025,104681
NLD,2024,121628
NLD,2023,144558
NLD,2022,224472
NLD,2021,106416
NLD,2020,67598
NLD,2019,109003
NLD,2018,87197
NLD,2017,86332
NLD,2016,88743
NLD,2015,55585
NLD,2014,36591
NLD,2013,19973
NLD,2012,14861
NLD,2011,31224
NLD,2010,33703
NLD,2009,39832
NLD,2008,32406
NLD,2007,-304
NLD,2006,-25401
NLD,2005,-22496
NLD,2004,-9230
NLD,2003,7937
NLD,2002,28824
NLD,2001,56096
NLD,2000,59308
NLD,1999,47179
NLD,1998,52058
NLD,1997,31302
NLD,1996,21792
NLD,1995,15056
NLD,1994,20193
NLD,1993,44514
NLD,1992,50148
NLD,1991,51670
NLD,1990,53564
NLD,1989,31165
NLD,1988,31026
NLD,1987,39559
NLD,1986,30380
NLD,1985,27356
NLD,1984,12902
NLD,1983,11007
NLD,1982,7644
NLD,1981,17643
NLD,1980,54010
NLD,1979,42772
NLD,1978,26639
NLD,1977,19809
NLD,1976,18774
NLD,1975,68569
NLD,1974,31645
NLD,1973,18705
NLD,1972,17470
NLD,1971,32756
NLD,1970,32438
NLD,1969,21850
NLD,1968,7243
NLD,1967,-10673
NLD,1966,20740
NLD,1965,19444
NLD,1964,15014
NLD,1963,-21
NLD,1962,18024
NLD,1961,8258
NLD,1960,-13235
NCL,2025,440
NCL,2024,455
NCL,2023,485
NCL,2022,485
NCL,2021,-1181
NCL,2020,-1181
NCL,2019,-2335
NCL,2018,-2650
NCL,2017,-2614
NCL,2016,-2605
NCL,2015,-2530
NCL,2014,631
NCL,2013,2198
NCL,2012,2073
NCL,2011,2013
NCL,2010,1956
NCL,2009,821
NCL,2008,41
NCL,2007,48
NCL,2006,53
NCL,2005,-44
NCL,2004,777
NCL,2003,1173
NCL,2002,1140
NCL,2001,1108
NCL,2000,1070
NCL,1999,1028
NCL,1998,981
NCL,1997,940
NCL,1996,1067
NCL,1995,1418
NCL,1994,1382
NCL,1993,1347
NCL,1992,1328
NCL,1991,1307
NCL,1990,1300
NCL,1989,891
NCL,1988,-281
NCL,1987,-273
NCL,1986,-259
NCL,1985,-230
NCL,1984,-193
NCL,1983,-531
NCL,1982,-1542
NCL,1981,-1488
NCL,1980,-1415
NCL,1979,-1357
NCL,1978,-1334
NCL,1977,-1350
NCL,1976,-9
NCL,1975,2838
NCL,1974,2739
NCL,1973,2552
NCL,1972,2415
NCL,1971,2345
NCL,1970,2267
NCL,1969,1365
NCL,1968,437
NCL,1967,445
NCL,1966,438
NCL,1965,408
NCL,1964,388
NCL,1963,514
NCL,1962,865
NCL,1961,847
NCL,1960,824
NZL,2025,17403
NZL,2024,18766
NZL,2023,21404
NZL,2022,21404
NZL,2021,-14944
NZL,2020,42124
NZL,2019,69770
NZL,2018,59139
NZL,2017,68349
NZL,2016,75512
NZL,2015,70870
NZL,2014,57974
NZL,2013,26385
NZL,2012,-1015
NZL,2011,-2196
NZL,2010,6722
NZL,2009,12700
NZL,2008,4804
NZL,2007,3053
NZL,2006,14542
NZL,2005,19212
NZL,2004,24521
NZL,2003,42456
NZL,2002,48195
NZL,2001,17793
NZL,2000,-6604
NZL,1999,-7634
NZL,1998,-1387
NZL,1997,12040
NZL,1996,25169
NZL,1995,26743
NZL,1994,20420
NZL,1993,12638
NZL,1992,6460
NZL,1991,31156
NZL,1990,70432
NZL,1989,-8818
NZL,1988,-17005
NZL,1987,-7631
NZL,1986,-10234
NZL,1985,-13462
NZL,1984,-901
NZL,1983,11464
NZL,1982,7982
NZL,1981,-7606
NZL,1980,-15423
NZL,1979,-26694
NZL,1978,-28783
NZL,1977,-22697
NZL,1976,-9138
NZL,1975,13196
NZL,1974,27580
NZL,1973,28261
NZL,1972,17779
NZL,1971,7547
NZL,1970,4511
NZL,1969,-5212
NZL,1968,-11853
NZL,1967,-2289
NZL,1966,9161
NZL,1965,9245
NZL,1964,9806
NZL,1963,10226
NZL,1962,12697
NZL,1961,10689
NZL,1960,3846
NIC,2025,-8371
NIC,2024,-8189
NIC,2023,-7996
NIC,2022,-7996
NIC,2021,-10383
NIC,2020,-10383
NIC,2019,-19730
NIC,2018,-20742
NIC,2017,-21849
NIC,2016,-23076
NIC,2015,-24353
NIC,2014,-25570
NIC,2013,-26587
NIC,2012,-27389
NIC,2011,-28221
NIC,2010,-29081
NIC,2009,-29913
NIC,2008,-30675
NIC,2007,-31357
NIC,2006,-32274
NIC,2005,-33280
NIC,2004,-44222
NIC,2003,-44931
NIC,2002,-44906
NIC,2001,-43837
NIC,2000,-42087
NIC,1999,-40095
NIC,1998,-38260
NIC,1997,-36851
NIC,1996,-35208
NIC,1995,-25889
NIC,1994,-24773
NIC,1993,-24091
NIC,1992,-24171
NIC,1991,-24028
NIC,1990,-24280
NIC,1989,-24364
NIC,1988,-24753
NIC,1987,-25127
NIC,1986,-24805
NIC,1985,-23840
NIC,1984,-22493
NIC,1983,-20620
NIC,1982,-19395
NIC,1981,-17353
NIC,1980,-15130
NIC,1979,-14152
NIC,1978,-12273
NIC,1977,-11082
NIC,1976,-10155
NIC,1975,-9349
NIC,1974,-8639
NIC,1973,-7947
NIC,1972,-7219
NIC,1971,-6328
NIC,1970,-5423
NIC,1969,-4592
NIC,1968,-3979
NIC,1967,-3666
NIC,1966,-3443
NIC,1965,-3231
NIC,1964,-3043
NIC,1963,-2881
NIC,1962,-2727
NIC,1961,-2579
NIC,1960,-2418
NER,2025,-7704
NER,2024,-4041
NER,2023,995
NER,2022,995
NER,2021,-4405
NER,2020,-4402
NER,2019,-15778
NER,2018,-3830
NER,2017,-6830
NER,2016,14833
NER,2015,17051
NER,2014,3891
NER,2013,-2543
NER,2012,18714
NER,2011,-6941
NER,2010,-8033
NER,2009,-9014
NER,2008,-9847
NER,2007,-10069
NER,2006,-10054
NER,2005,-9700
NER,2004,-9070
NER,2003,-8841
NER,2002,-9550
NER,2001,-8654
NER,2000,-8522
NER,1999,-12037
NER,1998,-7298
NER,1997,-13680
NER,1996,-8057
NER,1995,3843
NER,1994,-959
NER,1993,-2269
NER,1992,-2258
NER,1991,-1500
NER,1990,73
NER,1989,613
NER,1988,-1139
NER,1987,-2338
NER,1986,-2728
NER,1985,-6126
NER,1984,-9208
NER,1983,-9209
NER,1982,-8935
NER,1981,-7559
NER,1980,-5564
NER,1979,-3495
NER,1978,-3494
NER,1977,-3476
NER,1976,-3308
NER,1975,-3254
NER,1974,-3179
NER,1973,-2942
NER,1972,-2525
NER,1971,-2277
NER,1970,-2225
NER,1969,-2245
NER,1968,-2277
NER,1967,-2289
NER,1966,-2289
NER,1965,-2289
NER,1964,-2289
NER,1963,-2289
NER,1962,-2369
NER,1961,-2893
NER,1960,-3641
NGA,2025,-15258
NGA,2024,-35202
NGA,2023,-57936
NGA,2022,-51680
NGA,2021,-86115
NGA,2020,-14497
NGA,2019,-99722
NGA,2018,-76565
NGA,2017,78685
NGA,2016,75265
NGA,2015,-116162
NGA,2014,-19376
NGA,2013,40201
NGA,2012,71138
NGA,2011,67808
NGA,2010,47966
NGA,2009,-18422
NGA,2008,-13646
NGA,2007,-9162
NGA,2006,-12093
NGA,2005,-17146
NGA,2004,46370
NGA,2003,33857
NGA,2002,69594
NGA,2001,64163
NGA,2000,74535
NGA,1999,97195
NGA,1998,145575
NGA,1997,96885
NGA,1996,84448
NGA,1995,73243
NGA,1994,128134
NGA,1993,90200
NGA,1992,138412
NGA,1991,42760
NGA,1990,135959
NGA,1989,99588
NGA,1988,93510
NGA,1987,64418
NGA,1986,29682
NGA,1985,61514
NGA,1984,113758
NGA,1983,-507539
NGA,1982,101116
NGA,1981,106723
NGA,1980,198672
NGA,1979,137721
NGA,1978,111258
NGA,1977,129075
NGA,1976,72889
NGA,1975,75603
NGA,1974,44281
NGA,1973,-618
NGA,1972,-12962
NGA,1971,-35639
NGA,1970,7953
NGA,1969,6912
NGA,1968,9615
NGA,1967,18683
NGA,1966,12513
NGA,1965,32988
NGA,1964,26411
NGA,1963,27115
NGA,1962,27906
NGA,1961,25515
NGA,1960,12131
MKD,2025,-5645
MKD,2024,-5728
MKD,2023,-5597
MKD,2022,-5296
MKD,2021,-5483
MKD,2020,-23458
MKD,2019,-24204
MKD,2018,-24878
MKD,2017,-24227
MKD,2016,-24144
MKD,2015,-23010
MKD,2014,-22132
MKD,2013,-20297
MKD,2012,-19083
MKD,2011,-17871
MKD,2010,-16668
MKD,2009,-15455
MKD,2008,-17645
MKD,2007,-15705
MKD,2006,-9632
MKD,2005,-2244
MKD,2004,-2640
MKD,2003,-2880
MKD,2002,-2858
MKD,2001,-922
MKD,2000,-2824
MKD,1999,-1261
MKD,1998,-589
MKD,1997,-477
MKD,1996,-397
MKD,1995,-3603
MKD,1994,-21006
MKD,1993,-47273
MKD,1992,-46509
MKD,1991,-45484
MKD,1990,-16174
MKD,1989,-13528
MKD,1988,-13621
MKD,1987,-13635
MKD,1986,-13589
MKD,1985,-13492
MKD,1984,-13251
MKD,1983,-12884
MKD,1982,-11716
MKD,1981,0
MKD,1980,-189
MKD,1979,-426
MKD,1978,-462
MKD,1977,-683
MKD,1976,-911
MKD,1975,-1147
MKD,1974,-1376
MKD,1973,-1600
MKD,1972,-1834
MKD,1971,-2064
MKD,1970,60
MKD,1969,181
MKD,1968,-1201
MKD,1967,-2696
MKD,1966,-4176
MKD,1965,-5385
MKD,1964,-5938
MKD,1963,-5759
MKD,1962,-13702
MKD,1961,-6309
MKD,1960,-10126
MNP,2025,-963
MNP,2024,-1097
MNP,2023,-1321
MNP,2022,-1348
MNP,2021,-1373
MNP,2020,-755
MNP,2019,-1551
MNP,2018,-1527
MNP,2017,-1517
MNP,2016,-1517
MNP,2015,-1530
MNP,2014,-1550
MNP,2013,-1547
MNP,2012,-1416
MNP,2011,-1309
MNP,2010,-1587
MNP,2009,-2821
MNP,2008,-2962
MNP,2007,-3050
MNP,2006,-3048
MNP,2005,-2913
MNP,2004,-2841
MNP,2003,-2734
MNP,2002,-2525
MNP,2001,-2515
MNP,2000,-950
MNP,1999,3374
MNP,1998,3643
MNP,1997,3590
MNP,1996,3801
MNP,1995,812
MNP,1994,-488
MNP,1993,-661
MNP,1992,-607
MNP,1991,-492
MNP,1990,266
MNP,1989,1977
MNP,1988,1972
MNP,1987,1969
MNP,1986,2101
MNP,1985,2162
MNP,1984,2158
MNP,1983,2136
MNP,1982,2105
MNP,1981,2069
MNP,1980,1497
MNP,1979,-68
MNP,1978,-119
MNP,1977,-145
MNP,1976,-147
MNP,1975,-123
MNP,1974,-77
MNP,1973,638
MNP,1972,952
MNP,1971,964
MNP,1970,480
MNP,1969,-871
MNP,1968,-909
MNP,1967,-367
MNP,1966,82
MNP,1965,86
MNP,1964,80
MNP,1963,70
MNP,1962,54
MNP,1961,37
MNP,1960,17
NOR,2025,29798
NOR,2024,44356
NOR,2023,53806
NOR,2022,58040
NOR,2021,19804
NOR,2020,11277
NOR,2019,25707
NOR,2018,18473
NOR,2017,21657
NOR,2016,26417
NOR,2015,30242
NOR,2014,38522
NOR,2013,40690
NOR,2012,47883
NOR,2011,47454
NOR,2010,42865
NOR,2009,39316
NOR,2008,44002
NOR,2007,40111
NOR,2006,24054
NOR,2005,18588
NOR,2004,13412
NOR,2003,11389
NOR,2002,17279
NOR,2001,7906
NOR,2000,9805
NOR,1999,19147
NOR,1998,13519
NOR,1997,9744
NOR,1996,5671
NOR,1995,6343
NOR,1994,7580
NOR,1993,12567
NOR,1992,10218
NOR,1991,7949
NOR,1990,1818
NOR,1989,-1730
NOR,1988,10380
NOR,1987,13907
NOR,1986,7616
NOR,1985,6725
NOR,1984,3856
NOR,1983,4120
NOR,1982,5749
NOR,1981,6010
NOR,1980,3763
NOR,1979,2839
NOR,1978,3823
NOR,1977,4845
NOR,1976,4779
NOR,1975,3312
NOR,1974,4425
NOR,1973,3414
NOR,1972,5603
NOR,1971,3031
NOR,1970,-1034
NOR,1969,2230
NOR,1968,1761
NOR,1967,2460
NOR,1966,-888
NOR,1965,-1525
NOR,1964,-1571
NOR,1963,1061
NOR,1962,655
NOR,1961,1437
NOR,1960,-1427
OMN,2025,113734
OMN,2024,154219
OMN,2023,156285
OMN,2022,339063
OMN,2021,-16726
OMN,2020,-171635
OMN,2019,-117480
OMN,2018,-52630
OMN,2017,11751
OMN,2016,117538
OMN,2015,133842
OMN,2014,75557
OMN,2013,113335
OMN,2012,322812
OMN,2011,492609
OMN,2010,28717
OMN,2009,7226
OMN,2008,9877
OMN,2007,11478
OMN,2006,11103
OMN,2005,10231
OMN,2004,9394
OMN,2003,-19265
OMN,2002,-20098
OMN,2001,-19103
OMN,2000,-18588
OMN,1999,-18235
OMN,1998,-17626
OMN,1997,-16998
OMN,1996,-15286
OMN,1995,-13418
OMN,1994,-12665
OMN,1993,27204
OMN,1992,31756
OMN,1991,31927
OMN,1990,31722
OMN,1989,31528
OMN,1988,31456
OMN,1987,31608
OMN,1986,32289
OMN,1985,33666
OMN,1984,14993
OMN,1983,15617
OMN,1982,15359
OMN,1981,14239
OMN,1980,12626
OMN,1979,12511
OMN,1978,11946
OMN,1977,10554
OMN,1976,8299
OMN,1975,5632
OMN,1974,4880
OMN,1973,-2996
OMN,1972,-2996
OMN,1971,-2996
OMN,1970,-2996
OMN,1969,-2996
OMN,1968,-2996
OMN,1967,-2996
OMN,1966,-2996
OMN,1965,-2996
OMN,1964,-2996
OMN,1963,-2996
OMN,1962,-2996
OMN,1961,-2996
OMN,1960,-2996
PAK,2025,-1235336
PAK,2024,-1401173
PAK,2023,-1619557
PAK,2022,-1322625
PAK,2021,-565673
PAK,2020,-559291
PAK,2019,-1177220
PAK,2018,-1309611
PAK,2017,-1574585
PAK,2016,-2290411
PAK,2015,-2172162
PAK,2014,-2037920
PAK,2013,-1906319
PAK,2012,-1647989
PAK,2011,-890633
PAK,2010,-431902
PAK,2009,-18298
PAK,2008,-140746
PAK,2007,576349
PAK,2006,-183933
PAK,2005,-189899
PAK,2004,-64669
PAK,2003,-219118
PAK,2002,-653758
PAK,2001,-54727
PAK,2000,252869
PAK,1999,-134510
PAK,1998,-112191
PAK,1997,-55539
PAK,1996,-60855
PAK,1995,11534
PAK,1994,-277100
PAK,1993,-139493
PAK,1992,-718387
PAK,1991,-19668
PAK,1990,275242
PAK,1989,-17164
PAK,1988,38139
PAK,1987,146364
PAK,1986,111045
PAK,1985,68860
PAK,1984,-319242
PAK,1983,-4753
PAK,1982,294252
PAK,1981,555032
PAK,1980,1078229
PAK,1979,450003
PAK,1978,111386
PAK,1977,85250
PAK,1976,48238
PAK,1975,-1710
PAK,1974,-34785
PAK,1973,-58012
PAK,1972,-69209
PAK,1971,-68357
PAK,1970,-58281
PAK,1969,-57406
PAK,1968,-58721
PAK,1967,-59932
PAK,1966,-61025
PAK,1965,-62070
PAK,1964,-63298
PAK,1963,-64552
PAK,1962,-65780
PAK,1961,-66991
PAK,1960,0
PLW,2025,-16
PLW,2024,-14
PLW,2023,-19
PLW,2022,-20
PLW,2021,-21
PLW,2020,0
PLW,2019,-46
PLW,2018,-35
PLW,2017,-33
PLW,2016,-35
PLW,2015,-11
PLW,2014,-7
PLW,2013,-28
PLW,2012,-387
PLW,2011,-405
PLW,2010,-392
PLW,2009,-382
PLW,2008,-378
PLW,2007,-372
PLW,2006,-365
PLW,2005,-250
PLW,2004,79
PLW,2003,71
PLW,2002,67
PLW,2001,65
PLW,2000,120
PLW,1999,243
PLW,1998,280
PLW,1997,297
PLW,1996,312
PLW,1995,258
PLW,1994,211
PLW,1993,193
PLW,1992,193
PLW,1991,193
PLW,1990,156
PLW,1989,113
PLW,1988,126
PLW,1987,125
PLW,1986,135
PLW,1985,179
PLW,1984,157
PLW,1983,144
PLW,1982,132
PLW,1981,120
PLW,1980,-179
PLW,1979,-291
PLW,1978,-285
PLW,1977,-292
PLW,1976,-296
PLW,1975,-296
PLW,1974,-282
PLW,1973,22
PLW,1972,147
PLW,1971,156
PLW,1970,54
PLW,1969,-209
PLW,1968,-194
PLW,1967,-150
PLW,1966,-18
PLW,1965,-16
PLW,1964,-27
PLW,1963,-41
PLW,1962,-54
PLW,1961,-65
PLW,1960,-70
PAN,2025,6151
PAN,2024,6706
PAN,2023,7262
PAN,2022,7967
PAN,2021,5473
PAN,2020,5473
PAN,2019,10623
PAN,2018,11130
PAN,2017,11059
PAN,2016,10109
PAN,2015,8648
PAN,2014,7105
PAN,2013,5926
PAN,2012,5447
PAN,2011,5167
PAN,2010,4953
PAN,2009,4765
PAN,2008,4568
PAN,2007,4330
PAN,2006,4087
PAN,2005,3843
PAN,2004,3596
PAN,2003,3352
PAN,2002,3099
PAN,2001,2856
PAN,2000,2602
PAN,1999,2341
PAN,1998,2084
PAN,1997,1820
PAN,1996,1533
PAN,1995,1221
PAN,1994,899
PAN,1993,560
PAN,1992,182
PAN,1991,-305
PAN,1990,-854
PAN,1989,-1368
PAN,1988,-1750
PAN,1987,-1953
PAN,1986,-2136
PAN,1985,-2297
PAN,1984,-2435
PAN,1983,-2518
PAN,1982,-2554
PAN,1981,-2620
PAN,1980,-2701
PAN,1979,-2772
PAN,1978,-2811
PAN,1977,-2792
PAN,1976,-2727
PAN,1975,-2635
PAN,1974,-2531
PAN,1973,-2464
PAN,1972,-2448
PAN,1971,-2454
PAN,1970,-2476
PAN,1969,-2510
PAN,1968,-2528
PAN,1967,-2528
PAN,1966,-2500
PAN,1965,-2454
PAN,1964,-2418
PAN,1963,-2380
PAN,1962,-2377
PAN,1961,-2394
PAN,1960,-2409
PNG,2025,-284
PNG,2024,-707
PNG,2023,-787
PNG,2022,-787
PNG,2021,10703
PNG,2020,10703
PNG,2019,22978
PNG,2018,24684
PNG,2017,26513
PNG,2016,28473
PNG,2015,30580
PNG,2014,32840
PNG,2013,35280
PNG,2012,37893
PNG,2011,40690
PNG,2010,50106
PNG,2009,49647
PNG,2008,48985
PNG,2007,48203
PNG,2006,47191
PNG,2005,46014
PNG,2004,44811
PNG,2003,43639
PNG,2002,42657
PNG,2001,41962
PNG,2000,41855
PNG,1999,42519
PNG,1998,43091
PNG,1997,42787
PNG,1996,41994
PNG,1995,40962
PNG,1994,39669
PNG,1993,38220
PNG,1992,36622
PNG,1991,26830
PNG,1990,2398
PNG,1989,-19824
PNG,1988,-26232
PNG,1987,-25720
PNG,1986,-25495
PNG,1985,-25470
PNG,1984,-25487
PNG,1983,-25465
PNG,1982,-25355
PNG,1981,-25383
PNG,1980,-25638
PNG,1979,-25618
PNG,1978,-25208
PNG,1977,-24722
PNG,1976,-24198
PNG,1975,-23562
PNG,1974,-22771
PNG,1973,-21803
PNG,1972,-20303
PNG,1971,-18945
PNG,1970,-18773
PNG,1969,-18994
PNG,1968,-19188
PNG,1967,-19767
PNG,1966,-17454
PNG,1965,-18532
PNG,1964,-17730
PNG,1963,-15189
PNG,1962,-12141
PNG,1961,-10409
PNG,1960,-2034
PRY,2025,-12423
PRY,2024,-12451
PRY,2023,-12500
PRY,2022,-12500
PRY,2021,-8226
PRY,2020,-8226
PRY,2019,-16263
PRY,2018,-16472
PRY,2017,-16630
PRY,2016,-16737
PRY,2015,-16834
PRY,2014,-16989
PRY,2013,-17232
PRY,2012,-17763
PRY,2011,-20427
PRY,2010,-26169
PRY,2009,-40112
PRY,2008,-44679
PRY,2007,-45914
PRY,2006,-44568
PRY,2005,-42173
PRY,2004,-40907
PRY,2003,-39941
PRY,2002,-36918
PRY,2001,-27676
PRY,2000,-15884
PRY,1999,-11362
PRY,1998,-9276
PRY,1997,-8704
PRY,1996,-8273
PRY,1995,-7653
PRY,1994,-6999
PRY,1993,-6431
PRY,1992,-6035
PRY,1991,-5420
PRY,1990,-4685
PRY,1989,-4009
PRY,1988,-3557
PRY,1987,-3445
PRY,1986,-3460
PRY,1985,-3562
PRY,1984,-3769
PRY,1983,-2845
PRY,1982,-2725
PRY,1981,-2477
PRY,1980,-2808
PRY,1979,-3570
PRY,1978,-4066
PRY,1977,-4201
PRY,1976,-4066
PRY,1975,-3807
PRY,1974,-3478
PRY,1973,-4346
PRY,1972,-7642
PRY,1971,-10446
PRY,1970,-12579
PRY,1969,-12859
PRY,1968,-13132
PRY,1967,-13346
PRY,1966,-13538
PRY,1965,-13715
PRY,1964,-13915
PRY,1963,-14086
PRY,1962,-16175
PRY,1961,-16972
PRY,1960,-16811
PER,2025,11931
PER,2024,18406
PER,2023,24783
PER,2022,33982
PER,2021,41868
PER,2020,55375
PER,2019,74270
PER,2018,339067
PER,2017,114382
PER,2016,96740
PER,2015,2421
PER,2014,-50383
PER,2013,-95214
PER,2012,-118863
PER,2011,-148339
PER,2010,-181302
PER,2009,-219314
PER,2008,-235307
PER,2007,-236745
PER,2006,-231851
PER,2005,-221652
PER,2004,-194171
PER,2003,-181276
PER,2002,-157158
PER,2001,-129481
PER,2000,-92353
PER,1999,-55325
PER,1998,-24388
PER,1997,-32515
PER,1996,-38749
PER,1995,-46499
PER,1994,-39299
PER,1993,-51775
PER,1992,-41702
PER,1991,-61645
PER,1990,-29437
PER,1989,-33569
PER,1988,-31238
PER,1987,-34651
PER,1986,-33891
PER,1985,-13887
PER,1984,-6007
PER,1983,-4243
PER,1982,-7748
PER,1981,-11123
PER,1980,-11446
PER,1979,-17148
PER,1978,-19939
PER,1977,-25117
PER,1976,-34602
PER,1975,-34382
PER,1974,-33493
PER,1973,-28191
PER,1972,-24100
PER,1971,-20209
PER,1970,-15653
PER,1969,-12776
PER,1968,-13389
PER,1967,-13837
PER,1966,-13166
PER,1965,-12470
PER,1964,-12129
PER,1963,-10040
PER,1962,-9051
PER,1961,-7063
PER,1960,-7236
PHL,2025,-149315
PHL,2024,-160373
PHL,2023,-164284
PHL,2022,-221754
PHL,2021,-85185
PHL,2020,-47014
PHL,2019,-6208
PHL,2018,-163602
PHL,2017,-263593
PHL,2016,-309251
PHL,2015,-390702
PHL,2014,-196524
PHL,2013,-218439
PHL,2012,95702
PHL,2011,-240005
PHL,2010,13556
PHL,2009,-164411
PHL,2008,-498480
PHL,2007,-225977
PHL,2006,-566647
PHL,2005,-326063
PHL,2004,-273743
PHL,2003,-248066
PHL,2002,-268520
PHL,2001,-247496
PHL,2000,-33868
PHL,1999,-18323
PHL,1998,178274
PHL,1997,-145334
PHL,1996,-128251
PHL,1995,-280327
PHL,1994,-326539
PHL,1993,-298337
PHL,1992,-50338
PHL,1991,-413300
PHL,1990,-63296
PHL,1989,-235884
PHL,1988,-147523
PHL,1987,-68149
PHL,1986,-209835
PHL,1985,-171539
PHL,1984,-48739
PHL,1983,-10229
PHL,1982,-19912
PHL,1981,-134484
PHL,1980,-179832
PHL,1979,-154684
PHL,1978,-140372
PHL,1977,-123608
PHL,1976,-115730
PHL,1975,-220296
PHL,1974,-344674
PHL,1973,-320091
PHL,1972,-321491
PHL,1971,-315363
PHL,1970,-300923
PHL,1969,-161517
PHL,1968,-152017
PHL,1967,-152812
PHL,1966,-162127
PHL,1965,-156782
PHL,1964,-156342
PHL,1963,-155267
PHL,1962,-150903
PHL,1961,-143597
PHL,1960,-155354
POL,2025,-330820
POL,2024,-238062
POL,2023,-7824
POL,2022,967744
POL,2021,2251
POL,2020,3920
POL,2019,7696
POL,2018,-223
POL,2017,-21535
POL,2016,-5675
POL,2015,3887
POL,2014,5525
POL,2013,12402
POL,2012,4635
POL,2011,45951
POL,2010,119623
POL,2009,-8283
POL,2008,-42288
POL,2007,-51235
POL,2006,-68882
POL,2005,-41942
POL,2004,-38216
POL,2003,-19039
POL,2002,-16462
POL,2001,-16648
POL,2000,-15921
POL,1999,-53035
POL,1998,-39509
POL,1997,-44230
POL,1996,-45349
POL,1995,-52989
POL,1994,-41845
POL,1993,-48805
POL,1992,-46893
POL,1991,-55342
POL,1990,-50339
POL,1989,-49192
POL,1988,-101671
POL,1987,-32310
POL,1986,-22520
POL,1985,-27277
POL,1984,-18402
POL,1983,-26724
POL,1982,-34980
POL,1981,-16155
POL,1980,-42420
POL,1979,-22162
POL,1978,-62936
POL,1977,-33496
POL,1976,-25716
POL,1975,-31346
POL,1974,-18273
POL,1973,-29335
POL,1972,-15004
POL,1971,-31767
POL,1970,-66859
POL,1969,-26744
POL,1968,-11905
POL,1967,-25479
POL,1966,-17158
POL,1965,-21658
POL,1964,-23273
POL,1963,-13770
POL,1962,-31021
POL,1961,-20044
POL,1960,-6306
PRT,2025,16472
PRT,2024,20648
PRT,2023,29102
PRT,2022,68696
PRT,2021,69606
PRT,2020,54076
PRT,2019,63031
PRT,2018,22495
PRT,2017,13979
PRT,2016,-775
PRT,2015,-3209
PRT,2014,-26447
PRT,2013,-36342
PRT,2012,-37083
PRT,2011,-31513
PRT,2010,-5627
PRT,2009,14532
PRT,2008,9478
PRT,2007,21064
PRT,2006,16754
PRT,2005,15537
PRT,2004,13928
PRT,2003,24740
PRT,2002,42169
PRT,2001,55565
PRT,2000,60586
PRT,1999,49572
PRT,1998,40931
PRT,1997,36922
PRT,1996,32640
PRT,1995,26971
PRT,1994,20761
PRT,1993,8561
PRT,1992,-11847
PRT,1991,-37914
PRT,1990,-34855
PRT,1989,-30615
PRT,1988,-26595
PRT,1987,-23142
PRT,1986,-20000
PRT,1985,-19183
PRT,1984,-16658
PRT,1983,-16568
PRT,1982,-15006
PRT,1981,-7938
PRT,1980,29881
PRT,1979,32434
PRT,1978,34345
PRT,1977,37779
PRT,1976,40490
PRT,1975,42262
PRT,1974,41254
PRT,1973,39748
PRT,1972,39058
PRT,1971,48944
PRT,1970,-191862
PRT,1969,-161114
PRT,1968,-145200
PRT,1967,-136232
PRT,1966,-129233
PRT,1965,-123855
PRT,1964,-118763
PRT,1963,-116874
PRT,1962,-113947
PRT,1961,-112768
PRT,1960,-95886
PRI,2025,5495
PRI,2024,11561
PRI,2023,19833
PRI,2022,16704
PRI,2021,-7410
PRI,2020,-7410
PRI,2019,10623
PRI,2018,10304
PRI,2017,-149999
PRI,2016,-41237
PRI,2015,-42912
PRI,2014,-41932
PRI,2013,-42641
PRI,2012,-41108
PRI,2011,-38545
PRI,2010,-30960
PRI,2009,-18849
PRI,2008,-21734
PRI,2007,-24762
PRI,2006,-27499
PRI,2005,-27139
PRI,2004,-26695
PRI,2003,-24947
PRI,2002,-25268
PRI,2001,-24907
PRI,2000,-19394
PRI,1999,-4607
PRI,1998,-4606
PRI,1997,-8067
PRI,1996,-6559
PRI,1995,-5930
PRI,1994,-6385
PRI,1993,-6207
PRI,1992,-4198
PRI,1991,-4857
PRI,1990,-6865
PRI,1989,-12434
PRI,1988,-10611
PRI,1987,-11183
PRI,1986,-11985
PRI,1985,-8143
PRI,1984,-6072
PRI,1983,-7250
PRI,1982,-7383
PRI,1981,-7391
PRI,1980,-5094
PRI,1979,681
PRI,1978,-3337
PRI,1977,-3925
PRI,1976,-2483
PRI,1975,-731
PRI,1974,-1495
PRI,1973,-917
PRI,1972,-1444
PRI,1971,-4917
PRI,1970,-6440
PRI,1969,-18060
PRI,1968,-16164
PRI,1967,-17776
PRI,1966,-19282
PRI,1965,-24057
PRI,1964,-22169
PRI,1963,-21180
PRI,1962,-20180
PRI,1961,-18268
PRI,1960,-26328
QAT,2025,36288
QAT,2024,46105
QAT,2023,39995
QAT,2022,80004
QAT,2021,24501
QAT,2020,-50433
QAT,2019,10557
QAT,2018,12465
QAT,2017,46719
QAT,2016,119725
QAT,2015,177467
QAT,2014,194712
QAT,2013,133520
QAT,2012,77091
QAT,2011,77228
QAT,2010,90620
QAT,2009,123217
QAT,2008,165572
QAT,2007,245703
QAT,2006,204236
QAT,2005,68993
QAT,2004,12531
QAT,2003,22234
QAT,2002,22356
QAT,2001,22456
QAT,2000,22769
QAT,1999,22815
QAT,1998,22618
QAT,1997,19547
QAT,1996,5517
QAT,1995,5634
QAT,1994,5660
QAT,1993,5670
QAT,1992,5670
QAT,1991,5562
QAT,1990,5216
QAT,1989,5045
QAT,1988,5118
QAT,1987,5405
QAT,1986,6512
QAT,1985,9797
QAT,1984,10113
QAT,1983,10462
QAT,1982,10634
QAT,1981,10644
QAT,1980,10540
QAT,1979,10466
QAT,1978,10434
QAT,1977,10445
QAT,1976,10494
QAT,1975,10549
QAT,1974,10603
QAT,1973,10641
QAT,1972,10663
QAT,1971,10644
QAT,1970,10579
QAT,1969,7790
QAT,1968,7266
QAT,1967,6637
QAT,1966,5880
QAT,1965,5083
QAT,1964,4686
QAT,1963,4283
QAT,1962,3773
QAT,1961,3186
QAT,1960,1586
ROU,2025,-29041
ROU,2024,-28466
ROU,2023,-27780
ROU,2022,89076
ROU,2021,-17731
ROU,2020,-13202
ROU,2019,-27909
ROU,2018,-33018
ROU,2017,-33081
ROU,2016,-33073
ROU,2015,-35751
ROU,2014,-35448
ROU,2013,-34910
ROU,2012,-37589
ROU,2011,-102769
ROU,2010,-122364
ROU,2009,-137953
ROU,2008,-144368
ROU,2007,-133089
ROU,2006,-132777
ROU,2005,-131176
ROU,2004,-117432
ROU,2003,-107139
ROU,2002,-106585
ROU,2001,-91154
ROU,2000,-92451
ROU,1999,-82590
ROU,1998,-81366
ROU,1997,-88734
ROU,1996,-70799
ROU,1995,-73779
ROU,1994,-76246
ROU,1993,-73475
ROU,1992,-63200
ROU,1991,-36824
ROU,1990,-38157
ROU,1989,-33866
ROU,1988,-48911
ROU,1987,-42868
ROU,1986,-50450
ROU,1985,-28108
ROU,1984,-24629
ROU,1983,3093
ROU,1982,-4725
ROU,1981,-20870
ROU,1980,-16668
ROU,1979,-29600
ROU,1978,-31427
ROU,1977,-28135
ROU,1976,18748
ROU,1975,9125
ROU,1974,6725
ROU,1973,58651
ROU,1972,61920
ROU,1971,74473
ROU,1970,71919
ROU,1969,74851
ROU,1968,33601
ROU,1967,37282
ROU,1966,-25458
ROU,1965,-60430
ROU,1964,-59500
ROU,1963,-58076
ROU,1962,-56152
ROU,1961,-54642
ROU,1960,-55397
RUS,2025,-251822
RUS,2024,-178042
RUS,2023,27807
RUS,2022,765629
RUS,2021,314112
RUS,2020,334094
RUS,2019,336494
RUS,2018,339972
RUS,2017,396619
RUS,2016,447645
RUS,2015,384756
RUS,2014,264698
RUS,2013,289872
RUS,2012,285977
RUS,2011,309377
RUS,2010,307555
RUS,2009,350206
RUS,2008,360840
RUS,2007,365717
RUS,2006,308370
RUS,2005,263541
RUS,2004,261519
RUS,2003,256804
RUS,2002,1358944
RUS,2001,259614
RUS,2000,550401
RUS,1999,375468
RUS,1998,528135
RUS,1997,541387
RUS,1996,587171
RUS,1995,723875
RUS,1994,1271417
RUS,1993,507229
RUS,1992,-1129589
RUS,1991,125505
RUS,1990,299863
RUS,1989,89400
RUS,1988,269862
RUS,1987,275611
RUS,1986,283553
RUS,1985,280614
RUS,1984,247026
RUS,1983,200159
RUS,1982,107520
RUS,1981,36686
RUS,1980,10440
RUS,1979,-5791
RUS,1978,108882
RUS,1977,122316
RUS,1976,113851
RUS,1975,80069
RUS,1974,-51759
RUS,1973,-107568
RUS,1972,-111168
RUS,1971,-134968
RUS,1970,-264464
RUS,1969,-64643
RUS,1968,-83221
RUS,1967,-116029
RUS,1966,-111360
RUS,1965,-138078
RUS,1964,-148595
RUS,1963,-168649
RUS,1962,-177358
RUS,1961,-204349
RUS,1960,-234895
RWA,2025,6282
RWA,2024,-15582
RWA,2023,-9001
RWA,2022,-9001
RWA,2021,-21492
RWA,2020,-22251
RWA,2019,-24492
RWA,2018,-25323
RWA,2017,-25634
RWA,2016,-24474
RWA,2015,-21862
RWA,2014,-19505
RWA,2013,-16779
RWA,2012,-25260
RWA,2011,-27915
RWA,2010,-29501
RWA,2009,-30128
RWA,2008,-31913
RWA,2007,-32537
RWA,2006,-34008
RWA,2005,-33830
RWA,2004,-31214
RWA,2003,-25355
RWA,2002,-91518
RWA,2001,-152197
RWA,2000,-153588
RWA,1999,-146162
RWA,1998,-129089
RWA,1997,410106
RWA,1996,1367700
RWA,1995,439995
RWA,1994,-2078111
RWA,1993,236110
RWA,1992,-12334
RWA,1991,-59519
RWA,1990,-41483
RWA,1989,-2826
RWA,1988,-5285
RWA,1987,-7062
RWA,1986,-8982
RWA,1985,-11031
RWA,1984,-12899
RWA,1983,-14560
RWA,1982,-15818
RWA,1981,-16453
RWA,1980,-16359
RWA,1979,-15669
RWA,1978,-13838
RWA,1977,-11084
RWA,1976,-7027
RWA,1975,-4791
RWA,1974,-4535
RWA,1973,-3862
RWA,1972,-4156
RWA,1971,-4230
RWA,1970,1149
RWA,1969,2983
RWA,1968,4728
RWA,1967,4655
RWA,1966,-1930
RWA,1965,-9774
RWA,1964,-19458
RWA,1963,-25524
RWA,1962,-25594
RWA,1961,-20508
RWA,1960,-13198
WSM,2025,-2815
WSM,2024,-2754
WSM,2023,-2810
WSM,2022,-2837
WSM,2021,-2860
WSM,2020,-2299
WSM,2019,-2313
WSM,2018,-2425
WSM,2017,-2539
WSM,2016,-3008
WSM,2015,-3074
WSM,2014,-3081
WSM,2013,-3107
WSM,2012,-3089
WSM,2011,-3056
WSM,2010,-3197
WSM,2009,-3093
WSM,2008,-3194
WSM,2007,-3152
WSM,2006,-3714
WSM,2005,-3805
WSM,2004,-3796
WSM,2003,-3748
WSM,2002,-3624
WSM,2001,-3198
WSM,2000,-3453
WSM,1999,-3517
WSM,1998,-3702
WSM,1997,-3658
WSM,1996,-3476
WSM,1995,-3532
WSM,1994,-3505
WSM,1993,-3373
WSM,1992,-3161
WSM,1991,-4227
WSM,1990,-4533
WSM,1989,-4527
WSM,1988,-4366
WSM,1987,-4056
WSM,1986,-4637
WSM,1985,-4920
WSM,1984,-4944
WSM,1983,-4789
WSM,1982,-4479
WSM,1981,-3440
WSM,1980,-3240
WSM,1979,-3177
WSM,1978,-3022
WSM,1977,-2866
WSM,1976,-929
WSM,1975,-522
WSM,1974,-526
WSM,1973,-2501
WSM,1972,-2483
WSM,1971,-2463
WSM,1970,-2429
WSM,1969,-2399
WSM,1968,-2370
WSM,1967,-2333
WSM,1966,-1503
WSM,1965,-1512
WSM,1964,-1252
WSM,1963,-1365
WSM,1962,-1341
WSM,1961,-1349
WSM,1960,-1333
SMR,2025,122
SMR,2024,37
SMR,2023,-190
SMR,2022,-403
SMR,2021,-368
SMR,2020,247
SMR,2019,187
SMR,2018,172
SMR,2017,234
SMR,2016,291
SMR,2015,273
SMR,2014,74
SMR,2013,57
SMR,2012,143
SMR,2011,2325
SMR,2010,592
SMR,2009,311
SMR,2008,268
SMR,2007,314
SMR,2006,310
SMR,2005,314
SMR,2004,285
SMR,2003,277
SMR,2002,241
SMR,2001,215
SMR,2000,233
SMR,1999,256
SMR,1998,257
SMR,1997,255
SMR,1996,257
SMR,1995,262
SMR,1994,300
SMR,1993,325
SMR,1992,285
SMR,1991,278
SMR,1990,289
SMR,1989,285
SMR,1988,268
SMR,1987,-20
SMR,1986,44
SMR,1985,166
SMR,1984,32
SMR,1983,115
SMR,1982,117
SMR,1981,169
SMR,1980,169
SMR,1979,164
SMR,1978,199
SMR,1977,1577
SMR,1976,0
SMR,1975,-133
SMR,1974,-131
SMR,1973,-124
SMR,1972,191
SMR,1971,201
SMR,1970,-39
SMR,1969,-29
SMR,1968,8
SMR,1967,-3
SMR,1966,-9
SMR,1965,99
SMR,1964,233
SMR,1963,242
SMR,1962,238
SMR,1961,206
SMR,1960,229
STP,2025,-650
STP,2024,-604
STP,2023,-592
STP,2022,-592
STP,2021,-782
STP,2020,0
STP,2019,-1716
STP,2018,-1757
STP,2017,-1779
STP,2016,-1793
STP,2015,-1809
STP,2014,-1801
STP,2013,-1787
STP,2012,-1739
STP,2011,-1616
STP,2010,-1529
STP,2009,-1328
STP,2008,-1203
STP,2007,-1127
STP,2006,-1031
STP,2005,-941
STP,2004,-894
STP,2003,-816
STP,2002,-690
STP,2001,-1289
STP,2000,-2798
STP,1999,-2594
STP,1998,-2364
STP,1997,-2153
STP,1996,-1974
STP,1995,-1829
STP,1994,-1644
STP,1993,-1527
STP,1992,-1432
STP,1991,-1362
STP,1990,-727
STP,1989,-571
STP,1988,-465
STP,1987,-470
STP,1986,-614
STP,1985,-828
STP,1984,-1041
STP,1983,-1203
STP,1982,-1203
STP,1981,-1067
STP,1980,-770
STP,1979,-491
STP,1978,-279
STP,1977,-255
STP,1976,-302
STP,1975,-392
STP,1974,-474
STP,1973,-525
STP,1972,-517
STP,1971,-430
STP,1970,-279
STP,1969,-469
STP,1968,-520
STP,1967,-606
STP,1966,-688
STP,1965,-765
STP,1964,-819
STP,1963,-886
STP,1962,-927
STP,1961,-960
STP,1960,-860
SAU,2025,119738
SAU,2024,122170
SAU,2023,325691
SAU,2022,977072
SAU,2021,-106287
SAU,2020,-74725
SAU,2019,191582
SAU,2018,-988751
SAU,2017,-920812
SAU,2016,-26997
SAU,2015,465292
SAU,2014,469144
SAU,2013,485794
SAU,2012,479206
SAU,2011,491253
SAU,2010,504955
SAU,2009,496229
SAU,2008,491337
SAU,2007,489136
SAU,2006,504661
SAU,2005,518565
SAU,2004,523472
SAU,2003,514606
SAU,2002,500508
SAU,2001,484252
SAU,2000,468515
SAU,1999,160263
SAU,1998,159898
SAU,1997,160066
SAU,1996,160532
SAU,1995,160512
SAU,1994,160306
SAU,1993,158074
SAU,1992,160908
SAU,1991,162857
SAU,1990,160416
SAU,1989,159273
SAU,1988,146918
SAU,1987,175075
SAU,1986,172606
SAU,1985,148208
SAU,1984,153562
SAU,1983,157930
SAU,1982,153528
SAU,1981,140355
SAU,1980,121220
SAU,1979,112826
SAU,1978,105263
SAU,1977,96015
SAU,1976,85083
SAU,1975,73960
SAU,1974,69653
SAU,1973,63995
SAU,1972,55439
SAU,1971,43989
SAU,1970,31097
SAU,1969,25312
SAU,1968,21366
SAU,1967,17947
SAU,1966,15054
SAU,1965,15000
SAU,1964,15000
SAU,1963,15000
SAU,1962,15000
SAU,1961,15000
SAU,1960,15000
SEN,2025,-12636
SEN,2024,-10307
SEN,2023,-9999
SEN,2022,16425
SEN,2021,25519
SEN,2020,33848
SEN,2019,38386
SEN,2018,33567
SEN,2017,29605
SEN,2016,29498
SEN,2015,34387
SEN,2014,36030
SEN,2013,34878
SEN,2012,-42978
SEN,2011,-43350
SEN,2010,-69888
SEN,2009,-69239
SEN,2008,-67812
SEN,2007,-66580
SEN,2006,-64254
SEN,2005,-61781
SEN,2004,-59879
SEN,2003,-57213
SEN,2002,-40554
SEN,2001,-41422
SEN,2000,-42854
SEN,1999,-44284
SEN,1998,-45189
SEN,1997,-44506
SEN,1996,-39162
SEN,1995,-31001
SEN,1994,-22633
SEN,1993,-16649
SEN,1992,-14796
SEN,1991,-13783
SEN,1990,-12959
SEN,1989,-12362
SEN,1988,-12036
SEN,1987,-12086
SEN,1986,-12655
SEN,1985,-18644
SEN,1984,-24858
SEN,1983,-26222
SEN,1982,-27672
SEN,1981,-29959
SEN,1980,-32616
SEN,1979,-35022
SEN,1978,-36559
SEN,1977,-35731
SEN,1976,-18716
SEN,1975,-7870
SEN,1974,3347
SEN,1973,11382
SEN,1972,13852
SEN,1971,15131
SEN,1970,16168
SEN,1969,16887
SEN,1968,17264
SEN,1967,17107
SEN,1966,15849
SEN,1965,13913
SEN,1964,11892
SEN,1963,10371
SEN,1962,9809
SEN,1961,9549
SEN,1960,9337
SRB,2025,-13086
SRB,2024,-8132
SRB,2023,4348
SRB,2022,40118
SRB,2021,-8974
SRB,2020,-10220
SRB,2019,-18891
SRB,2018,-18883
SRB,2017,-18651
SRB,2016,-18322
SRB,2015,-18789
SRB,2014,-18846
SRB,2013,-17866
SRB,2012,-18513
SRB,2011,611
SRB,2010,3632
SRB,2009,6043
SRB,2008,7070
SRB,2007,7045
SRB,2006,8018
SRB,2005,7945
SRB,2004,7300
SRB,2003,6854
SRB,2002,1562
SRB,2001,-12007
SRB,2000,-14368
SRB,1999,-4073
SRB,1998,-5665
SRB,1997,-5817
SRB,1996,-5598
SRB,1995,-6019
SRB,1994,-5934
SRB,1993,-5972
SRB,1992,-4415
SRB,1991,-8483
SRB,1990,-16260
SRB,1989,-16360
SRB,1988,-15715
SRB,1987,-16686
SRB,1986,-17990
SRB,1985,-17646
SRB,1984,-15567
SRB,1983,-15301
SRB,1982,-13550
SRB,1981,-8531
SRB,1980,287
SRB,1979,-960
SRB,1978,-1481
SRB,1977,-1953
SRB,1976,-2744
SRB,1975,-3490
SRB,1974,-3525
SRB,1973,-2396
SRB,1972,-348
SRB,1971,1655
SRB,1970,1861
SRB,1969,4112
SRB,1968,5430
SRB,1967,6114
SRB,1966,7037
SRB,1965,7957
SRB,1964,8045
SRB,1963,8276
SRB,1962,6064
SRB,1961,6422
SRB,1960,4377
SYC,2025,1590
SYC,2024,1747
SYC,2023,1809
SYC,2022,1788
SYC,2021,2086
SYC,2020,1726
SYC,2019,1770
SYC,2018,1733
SYC,2017,1693
SYC,2016,1682
SYC,2015,1719
SYC,2014,1742
SYC,2013,1717
SYC,2012,1538
SYC,2011,1551
SYC,2010,740
SYC,2009,105
SYC,2008,105
SYC,2007,173
SYC,2006,264
SYC,2005,214
SYC,2004,317
SYC,2003,316
SYC,2002,425
SYC,2001,509
SYC,2000,461
SYC,1999,491
SYC,1998,512
SYC,1997,-11
SYC,1996,-266
SYC,1995,-171
SYC,1994,-231
SYC,1993,-316
SYC,1992,-289
SYC,1991,-342
SYC,1990,-228
SYC,1989,-206
SYC,1988,-196
SYC,1987,-363
SYC,1986,-487
SYC,1985,-458
SYC,1984,-493
SYC,1983,-439
SYC,1982,-357
SYC,1981,-565
SYC,1980,-587
SYC,1979,-509
SYC,1978,-587
SYC,1977,140
SYC,1976,472
SYC,1975,259
SYC,1974,174
SYC,1973,327
SYC,1972,266
SYC,1971,102
SYC,1970,69
SYC,1969,43
SYC,1968,54
SYC,1967,-15
SYC,1966,-94
SYC,1965,-20
SYC,1964,-74
SYC,1963,-107
SYC,1962,-128
SYC,1961,-153
SYC,1960,-180
SLE,2025,-11309
SLE,2024,-11000
SLE,2023,-4000
SLE,2022,-4000
SLE,2021,-1544
SLE,2020,1292
SLE,2019,-2238
SLE,2018,-2741
SLE,2017,1234
SLE,2016,4657
SLE,2015,-356
SLE,2014,485
SLE,2013,2773
SLE,2012,988
SLE,2011,6895
SLE,2010,7983
SLE,2009,18145
SLE,2008,1182
SLE,2007,-6042
SLE,2006,-34052
SLE,2005,-1805
SLE,2004,23897
SLE,2003,69185
SLE,2002,86578
SLE,2001,227791
SLE,2000,83013
SLE,1999,-84926
SLE,1998,-76766
SLE,1997,-48437
SLE,1996,-52110
SLE,1995,-112857
SLE,1994,-77371
SLE,1993,-95476
SLE,1992,-129565
SLE,1991,-238965
SLE,1990,131587
SLE,1989,-5079
SLE,1988,9470
SLE,1987,9558
SLE,1986,7992
SLE,1985,-7873
SLE,1984,-8708
SLE,1983,-8783
SLE,1982,-11379
SLE,1981,-12699
SLE,1980,-11641
SLE,1979,-13095
SLE,1978,-13073
SLE,1977,-12399
SLE,1976,-15686
SLE,1975,-13058
SLE,1974,-11473
SLE,1973,-9322
SLE,1972,-8267
SLE,1971,-8162
SLE,1970,-4957
SLE,1969,-4485
SLE,1968,-3743
SLE,1967,-2819
SLE,1966,-2911
SLE,1965,-1851
SLE,1964,-2308
SLE,1963,-2480
SLE,1962,-2658
SLE,1961,-2947
SLE,1960,-3528
SGP,2025,16892
SGP,2024,20011
SGP,2023,26996
SGP,2022,214842
SGP,2021,-44030
SGP,2020,-145556
SGP,2019,870
SGP,2018,21820
SGP,2017,-8880
SGP,2016,13737
SGP,2015,41852
SGP,2014,40154
SGP,2013,52176
SGP,2012,78501
SGP,2011,89856
SGP,2010,72571
SGP,2009,95841
SGP,2008,176182
SGP,2007,192292
SGP,2006,135625
SGP,2005,92023
SGP,2004,50487
SGP,2003,-30012
SGP,2002,-40023
SGP,2001,45027
SGP,2000,55218
SGP,1999,19681
SGP,1998,51905
SGP,1997,95241
SGP,1996,102018
SGP,1995,91947
SGP,1994,71170
SGP,1993,58820
SGP,1992,54359
SGP,1991,57821
SGP,1990,66950
SGP,1989,68031
SGP,1988,40976
SGP,1987,25411
SGP,1986,-7858
SGP,1985,-31036
SGP,1984,-4396
SGP,1983,11699
SGP,1982,41568
SGP,1981,85869
SGP,1980,42433
SGP,1979,-2384
SGP,1978,436
SGP,1977,2757
SGP,1976,949
SGP,1975,4104
SGP,1974,2748
SGP,1973,-495
SGP,1972,-1631
SGP,1971,573
SGP,1970,4024
SGP,1969,6763
SGP,1968,6792
SGP,1967,6006
SGP,1966,3507
SGP,1965,4199
SGP,1964,3043
SGP,1963,2668
SGP,1962,3714
SGP,1961,3490
SGP,1960,2008
SXM,2025,530
SXM,2024,558
SXM,2023,567
SXM,2022,564
SXM,2021,498
SXM,2020,519
SXM,2019,526
SXM,2018,535
SXM,2017,545
SXM,2016,545
SXM,2015,536
SXM,2014,530
SXM,2013,530
SXM,2012,528
SXM,2011,353
SXM,2010,-24
SXM,2009,64
SXM,2008,71
SXM,2007,103
SXM,2006,61
SXM,2005,69
SXM,2004,60
SXM,2003,41
SXM,2002,13
SXM,2001,-289
SXM,2000,-618
SXM,1999,-674
SXM,1998,-720
SXM,1997,-740
SXM,1996,-745
SXM,1995,-729
SXM,1994,-688
SXM,1993,-642
SXM,1992,474
SXM,1991,1528
SXM,1990,1453
SXM,1989,1375
SXM,1988,1313
SXM,1987,1268
SXM,1986,1240
SXM,1985,1222
SXM,1984,1207
SXM,1983,1195
SXM,1982,1192
SXM,1981,793
SXM,1980,409
SXM,1979,416
SXM,1978,418
SXM,1977,414
SXM,1976,409
SXM,1975,405
SXM,1974,395
SXM,1973,382
SXM,1972,347
SXM,1971,320
SXM,1970,321
SXM,1969,318
SXM,1968,314
SXM,1967,309
SXM,1966,301
SXM,1965,291
SXM,1964,278
SXM,1963,264
SXM,1962,251
SXM,1961,234
SXM,1960,180
SVK,2025,-31377
SVK,2024,-21027
SVK,2023,4933
SVK,2022,92314
SVK,2021,-8172
SVK,2020,4350
SVK,2019,3128
SVK,2018,3446
SVK,2017,3279
SVK,2016,3487
SVK,2015,2549
SVK,2014,-1158
SVK,2013,-1181
SVK,2012,871
SVK,2011,-2392
SVK,2010,-1814
SVK,2009,-542
SVK,2008,-495
SVK,2007,-571
SVK,2006,-549
SVK,2005,-561
SVK,2004,-522
SVK,2003,-646
SVK,2002,-580
SVK,2001,-860
SVK,2000,-831
SVK,1999,-119
SVK,1998,-12
SVK,1997,247
SVK,1996,246
SVK,1995,-30
SVK,1994,-109
SVK,1993,72
SVK,1992,-201
SVK,1991,174
SVK,1990,-9402
SVK,1989,-7254
SVK,1988,-6500
SVK,1987,-6401
SVK,1986,-6143
SVK,1985,-6068
SVK,1984,-6276
SVK,1983,-6361
SVK,1982,-6088
SVK,1981,-5821
SVK,1980,-5522
SVK,1979,-4712
SVK,1978,-4689
SVK,1977,-4621
SVK,1976,-4432
SVK,1975,-4652
SVK,1974,-4190
SVK,1973,-3854
SVK,1972,-3516
SVK,1971,-3495
SVK,1970,-4919
SVK,1969,-8998
SVK,1968,-8881
SVK,1967,-8876
SVK,1966,-8817
SVK,1965,-8707
SVK,1964,-8608
SVK,1963,-8548
SVK,1962,-9019
SVK,1961,4812
SVK,1960,4344
SVN,2025,2711
SVN,2024,3319
SVN,2023,5339
SVN,2022,9014
SVN,2021,2477
SVN,2020,28514
SVN,2019,16352
SVN,2018,14640
SVN,2017,1359
SVN,2016,1195
SVN,2015,712
SVN,2014,-70
SVN,2013,639
SVN,2012,1117
SVN,2011,2190
SVN,2010,-410
SVN,2009,11594
SVN,2008,2971
SVN,2007,14191
SVN,2006,6081
SVN,2005,6317
SVN,2004,1759
SVN,2003,3218
SVN,2002,1975
SVN,2001,4527
SVN,2000,3124
SVN,1999,10291
SVN,1998,-5280
SVN,1997,-1298
SVN,1996,-2456
SVN,1995,356
SVN,1994,-153
SVN,1993,-4641
SVN,1992,-5547
SVN,1991,-3325
SVN,1990,618
SVN,1989,-2718
SVN,1988,-3023
SVN,1987,2972
SVN,1986,32700
SVN,1985,3404
SVN,1984,3280
SVN,1983,3613
SVN,1982,-8695
SVN,1981,-5016
SVN,1980,3128
SVN,1979,2107
SVN,1978,2113
SVN,1977,2584
SVN,1976,2226
SVN,1975,2421
SVN,1974,3145
SVN,1973,2175
SVN,1972,2924
SVN,1971,2286
SVN,1970,260
SVN,1969,685
SVN,1968,438
SVN,1967,-192
SVN,1966,-1262
SVN,1965,-1421
SVN,1964,-349
SVN,1963,-180
SVN,1962,148
SVN,1961,-306
SVN,1960,-929
SLB,2025,1631
SLB,2024,1610
SLB,2023,1636
SLB,2022,1567
SLB,2021,1499
SLB,2020,1556
SLB,2019,-1990
SLB,2018,6653
SLB,2017,6513
SLB,2016,6146
SLB,2015,5853
SLB,2014,5598
SLB,2013,5631
SLB,2012,5420
SLB,2011,5219
SLB,2010,5040
SLB,2009,-4360
SLB,2008,-5538
SLB,2007,-5383
SLB,2006,-5262
SLB,2005,-5082
SLB,2004,-4985
SLB,2003,-4881
SLB,2002,-4691
SLB,2001,-4474
SLB,2000,-4219
SLB,1999,-1588
SLB,1998,-1019
SLB,1997,-931
SLB,1996,-947
SLB,1995,-952
SLB,1994,-828
SLB,1993,-665
SLB,1992,-482
SLB,1991,-410
SLB,1990,-335
SLB,1989,-270
SLB,1988,-197
SLB,1987,-179
SLB,1986,-269
SLB,1985,-150
SLB,1984,-102
SLB,1983,-30
SLB,1982,40
SLB,1981,99
SLB,1980,151
SLB,1979,188
SLB,1978,174
SLB,1977,159
SLB,1976,-48
SLB,1975,-760
SLB,1974,-1084
SLB,1973,-1329
SLB,1972,-1520
SLB,1971,-1646
SLB,1970,-1632
SLB,1969,-1187
SLB,1968,-1154
SLB,1967,-1213
SLB,1966,-1256
SLB,1965,-1237
SLB,1964,-1200
SLB,1963,-1129
SLB,1962,-1073
SLB,1961,-1016
SLB,1960,-917
SOM,2025,12077
SOM,2024,26859
SOM,2023,46217
SOM,2022,-92434
SOM,2021,35506
SOM,2020,77259
SOM,2019,53124
SOM,2018,40844
SOM,2017,38067
SOM,2016,124017
SOM,2015,-17178
SOM,2014,6065
SOM,2013,20723
SOM,2012,-51833
SOM,2011,-326192
SOM,2010,-88448
SOM,2009,-101795
SOM,2008,-102035
SOM,2007,8476
SOM,2006,-67200
SOM,2005,-5955
SOM,2004,17353
SOM,2003,33174
SOM,2002,12603
SOM,2001,40274
SOM,2000,53580
SOM,1999,37548
SOM,1998,55426
SOM,1997,49692
SOM,1996,-46291
SOM,1995,65888
SOM,1994,-50921
SOM,1993,261815
SOM,1992,-179675
SOM,1991,-568166
SOM,1990,-248155
SOM,1989,-266281
SOM,1988,-415660
SOM,1987,-17391
SOM,1986,74424
SOM,1985,62183
SOM,1984,60630
SOM,1983,9505
SOM,1982,6115
SOM,1981,-332129
SOM,1980,65519
SOM,1979,582746
SOM,1978,402005
SOM,1977,2170
SOM,1976,-3831
SOM,1975,-1934
SOM,1974,-495
SOM,1973,143
SOM,1972,-351
SOM,1971,-1850
SOM,1970,1104
SOM,1969,690
SOM,1968,906
SOM,1967,1498
SOM,1966,941
SOM,1965,2142
SOM,1964,1518
SOM,1963,1449
SOM,1962,1496
SOM,1961,1336
SOM,1960,750
ZAF,2025,146370
ZAF,2024,166972
ZAF,2023,228222
ZAF,2022,233284
ZAF,2021,458246
ZAF,2020,369901
ZAF,2019,331124
ZAF,2018,318260
ZAF,2017,343146
ZAF,2016,-879235
ZAF,2015,641150
ZAF,2014,272697
ZAF,2013,232230
ZAF,2012,264091
ZAF,2011,65166
ZAF,2010,68563
ZAF,2009,41528
ZAF,2008,36869
ZAF,2007,36339
ZAF,2006,33159
ZAF,2005,31286
ZAF,2004,58924
ZAF,2003,65604
ZAF,2002,50313
ZAF,2001,-60793
ZAF,2000,-136794
ZAF,1999,-126011
ZAF,1998,-82722
ZAF,1997,-98181
ZAF,1996,-193007
ZAF,1995,-98403
ZAF,1994,-268849
ZAF,1993,194977
ZAF,1992,-71342
ZAF,1991,-39131
ZAF,1990,259718
ZAF,1989,255605
ZAF,1988,246382
ZAF,1987,231009
ZAF,1986,234378
ZAF,1985,244940
ZAF,1984,290789
ZAF,1983,310172
ZAF,1982,293195
ZAF,1981,279985
ZAF,1980,258127
ZAF,1979,56323
ZAF,1978,62121
ZAF,1977,63739
ZAF,1976,27333
ZAF,1975,38809
ZAF,1974,38518
ZAF,1973,41125
ZAF,1972,38163
ZAF,1971,32961
ZAF,1970,61514
ZAF,1969,73225
ZAF,1968,78932
ZAF,1967,81932
ZAF,1966,77417
ZAF,1965,82514
ZAF,1964,76298
ZAF,1963,72844
ZAF,1962,69771
ZAF,1961,57728
ZAF,1960,18891
SSD,2025,6145
SSD,2024,15374
SSD,2023,455000
SSD,2022,40259
SSD,2021,-154359
SSD,2020,62935
SSD,2019,65198
SSD,2018,157408
SSD,2017,-670477
SSD,2016,-654225
SSD,2015,-159822
SSD,2014,-471523
SSD,2013,65337
SSD,2012,125771
SSD,2011,194325
SSD,2010,299402
SSD,2009,139129
SSD,2008,165557
SSD,2007,167350
SSD,2006,153926
SSD,2005,132869
SSD,2004,110182
SSD,2003,91951
SSD,2002,82847
SSD,2001,77856
SSD,2000,74227
SSD,1999,70271
SSD,1998,64285
SSD,1997,48280
SSD,1996,17953
SSD,1995,17077
SSD,1994,16407
SSD,1993,15772
SSD,1992,15077
SSD,1991,14327
SSD,1990,12988
SSD,1989,-130821
SSD,1988,-97065
SSD,1987,-11976
SSD,1986,-10973
SSD,1985,-9986
SSD,1984,-8984
SSD,1983,-7986
SSD,1982,-6983
SSD,1981,-5994
SSD,1980,-4997
SSD,1979,-3997
SSD,1978,-2998
SSD,1977,-1997
SSD,1976,-995
SSD,1975,-395
SSD,1974,-192
SSD,1973,0
SSD,1972,193
SSD,1971,394
SSD,1970,587
SSD,1969,786
SSD,1968,995
SSD,1967,1194
SSD,1966,1386
SSD,1965,1591
SSD,1964,1785
SSD,1963,1591
SSD,1962,1386
SSD,1961,1194
SSD,1960,995
ESP,2025,96630
ESP,2024,111674
ESP,2023,119099
ESP,2022,299779
ESP,2021,144385
ESP,2020,236854
ESP,2019,464783
ESP,2018,337467
ESP,2017,201135
ESP,2016,106474
ESP,2015,-1979
ESP,2014,-97870
ESP,2013,-250741
ESP,2012,-153486
ESP,2011,60761
ESP,2010,69406
ESP,2009,129557
ESP,2008,434135
ESP,2007,772317
ESP,2006,659720
ESP,2005,629803
ESP,2004,661158
ESP,2003,658428
ESP,2002,737880
ESP,2001,181307
ESP,2000,176269
ESP,1999,178559
ESP,1998,182926
ESP,1997,165345
ESP,1996,162704
ESP,1995,162434
ESP,1994,160407
ESP,1993,160907
ESP,1992,177544
ESP,1991,122841
ESP,1990,-30684
ESP,1989,-25892
ESP,1988,-17663
ESP,1987,-12681
ESP,1986,-13540
ESP,1985,-589
ESP,1984,2754
ESP,1983,1241
ESP,1982,-7384
ESP,1981,2563
ESP,1980,20166
ESP,1979,-5929
ESP,1978,-2504
ESP,1977,-1332
ESP,1976,2804
ESP,1975,-218
ESP,1974,105838
ESP,1973,8624
ESP,1972,7935
ESP,1971,7363
ESP,1970,-60580
ESP,1969,-49956
ESP,1968,-46088
ESP,1967,-42344
ESP,1966,-41467
ESP,1965,-42476
ESP,1964,-41461
ESP,1963,-44446
ESP,1962,-45211
ESP,1961,-46517
ESP,1960,-154869
LKA,2025,-30724
LKA,2024,-27245
LKA,2023,-28011
LKA,2022,-27435
LKA,2021,-29586
LKA,2020,-29875
LKA,2019,-28426
LKA,2018,-28607
LKA,2017,-22324
LKA,2016,-18388
LKA,2015,-29797
LKA,2014,-33672
LKA,2013,-37754
LKA,2012,-41955
LKA,2011,-90839
LKA,2010,-98060
LKA,2009,-81130
LKA,2008,-97144
LKA,2007,-109695
LKA,2006,-107045
LKA,2005,-118594
LKA,2004,-84795
LKA,2003,-107573
LKA,2002,-105718
LKA,2001,19273
LKA,2000,123894
LKA,1999,138799
LKA,1998,150724
LKA,1997,135636
LKA,1996,127236
LKA,1995,117416
LKA,1994,8323
LKA,1993,36232
LKA,1992,88542
LKA,1991,-1047
LKA,1990,-195736
LKA,1989,-33305
LKA,1988,-58415
LKA,1987,-63105
LKA,1986,-26460
LKA,1985,-80950
LKA,1984,-225450
LKA,1983,-209362
LKA,1982,-163987
LKA,1981,-89824
LKA,1980,-63541
LKA,1979,-57683
LKA,1978,-50189
LKA,1977,-45383
LKA,1976,-41258
LKA,1975,-37475
LKA,1974,-33979
LKA,1973,-30582
LKA,1972,-27071
LKA,1971,-22021
LKA,1970,-16299
LKA,1969,-10152
LKA,1968,-7163
LKA,1967,-6696
LKA,1966,-6794
LKA,1965,-7249
LKA,1964,-7614
LKA,1963,-8118
LKA,1962,-8909
LKA,1961,-10144
LKA,1960,-12610
KNA,2025,18
KNA,2024,-7
KNA,2023,0
KNA,2022,0
KNA,2021,-92
KNA,2020,-202
KNA,2019,-202
KNA,2018,-202
KNA,2017,-202
KNA,2016,-202
KNA,2015,-202
KNA,2014,-202
KNA,2013,-202
KNA,2012,-202
KNA,2011,0
KNA,2010,-449
KNA,2009,-263
KNA,2008,-197
KNA,2007,-200
KNA,2006,-221
KNA,2005,-234
KNA,2004,-237
KNA,2003,-224
KNA,2002,-210
KNA,2001,-7
KNA,2000,291
KNA,1999,213
KNA,1998,170
KNA,1997,157
KNA,1996,168
KNA,1995,162
KNA,1994,170
KNA,1993,160
KNA,1992,158
KNA,1991,-217
KNA,1990,-812
KNA,1989,-788
KNA,1988,-766
KNA,1987,-767
KNA,1986,-783
KNA,1985,-821
KNA,1984,-828
KNA,1983,-880
KNA,1982,-858
KNA,1981,-832
KNA,1980,-798
KNA,1979,-856
KNA,1978,-817
KNA,1977,-820
KNA,1976,-823
KNA,1975,-813
KNA,1974,-810
KNA,1973,-794
KNA,1972,-782
KNA,1971,-797
KNA,1970,-1227
KNA,1969,-2340
KNA,1968,-2208
KNA,1967,-2270
KNA,1966,-2366
KNA,1965,-2447
KNA,1964,-2465
KNA,1963,-2435
KNA,1962,-2331
KNA,1961,-2256
KNA,1960,-1725
LCA,2025,-23
LCA,2024,-7
LCA,2023,0
LCA,2022,0
LCA,2021,0
LCA,2020,0
LCA,2019,0
LCA,2018,-18
LCA,2017,-38
LCA,2016,-57
LCA,2015,-69
LCA,2014,-90
LCA,2013,-114
LCA,2012,-135
LCA,2011,-150
LCA,2010,-170
LCA,2009,-276
LCA,2008,-331
LCA,2007,-352
LCA,2006,-339
LCA,2005,-358
LCA,2004,-378
LCA,2003,-397
LCA,2002,-409
LCA,2001,-416
LCA,2000,-176
LCA,1999,-361
LCA,1998,-268
LCA,1997,-519
LCA,1996,-571
LCA,1995,-638
LCA,1994,-721
LCA,1993,-824
LCA,1992,-834
LCA,1991,-963
LCA,1990,-1790
LCA,1989,-1734
LCA,1988,-1606
LCA,1987,-1423
LCA,1986,-1453
LCA,1985,-1465
LCA,1984,-1468
LCA,1983,-1462
LCA,1982,-1423
LCA,1981,-1403
LCA,1980,-1422
LCA,1979,-1625
LCA,1978,-1635
LCA,1977,-1543
LCA,1976,-1444
LCA,1975,-1454
LCA,1974,-1472
LCA,1973,-1513
LCA,1972,-1566
LCA,1971,-1625
LCA,1970,-1709
LCA,1969,-1954
LCA,1968,-1937
LCA,1967,-1997
LCA,1966,-2065
LCA,1965,-2067
LCA,1964,-2079
LCA,1963,-2060
LCA,1962,-2082
LCA,1961,-2189
LCA,1960,-2366
MAF,2025,-1170
MAF,2024,-1424
MAF,2023,-1697
MAF,2022,-1475
MAF,2021,-1209
MAF,2020,-2853
MAF,2019,-2682
MAF,2018,-1764
MAF,2017,-951
MAF,2016,-825
MAF,2015,-731
MAF,2014,-661
MAF,2013,-545
MAF,2012,-470
MAF,2011,-359
MAF,2010,-357
MAF,2009,-82
MAF,2008,-17
MAF,2007,25
MAF,2006,58
MAF,2005,79
MAF,2004,91
MAF,2003,101
MAF,2002,113
MAF,2001,125
MAF,2000,143
MAF,1999,-52
MAF,1998,-934
MAF,1997,-834
MAF,1996,-754
MAF,1995,-684
MAF,1994,-619
MAF,1993,-568
MAF,1992,-526
MAF,1991,-485
MAF,1990,-8
MAF,1989,1954
MAF,1988,1980
MAF,1987,1990
MAF,1986,1988
MAF,1985,1974
MAF,1984,1950
MAF,1983,1923
MAF,1982,1562
MAF,1981,-27
MAF,1980,-17
MAF,1979,-4
MAF,1978,11
MAF,1977,26
MAF,1976,44
MAF,1975,60
MAF,1974,0
MAF,1973,-21
MAF,1972,-21
MAF,1971,-24
MAF,1970,-25
MAF,1969,-28
MAF,1968,-28
MAF,1967,98
MAF,1966,73
MAF,1965,28
MAF,1964,0
MAF,1963,0
MAF,1962,0
MAF,1961,0
MAF,1960,0
VCT,2025,-714
VCT,2024,-737
VCT,2023,-784
VCT,2022,-826
VCT,2021,-851
VCT,2020,-493
VCT,2019,-982
VCT,2018,-1026
VCT,2017,-1057
VCT,2016,-1089
VCT,2015,-1124
VCT,2014,-1161
VCT,2013,-1190
VCT,2012,-1221
VCT,2011,-1319
VCT,2010,-1371
VCT,2009,-1407
VCT,2008,-1414
VCT,2007,-1363
VCT,2006,-1346
VCT,2005,-1365
VCT,2004,-1349
VCT,2003,-1315
VCT,2002,-1333
VCT,2001,-1375
VCT,2000,-1213
VCT,1999,-1019
VCT,1998,-1308
VCT,1997,-1487
VCT,1996,-1575
VCT,1995,-1608
VCT,1994,-1631
VCT,1993,-1629
VCT,1992,-1602
VCT,1991,-1482
VCT,1990,-1350
VCT,1989,-1244
VCT,1988,-1243
VCT,1987,-1251
VCT,1986,-1279
VCT,1985,-1324
VCT,1984,-1405
VCT,1983,-1549
VCT,1982,-1597
VCT,1981,-1526
VCT,1980,-1545
VCT,1979,-1925
VCT,1978,-1832
VCT,1977,-1821
VCT,1976,-1891
VCT,1975,-1958
VCT,1974,-2013
VCT,1973,-2068
VCT,1972,-2116
VCT,1971,-2183
VCT,1970,-2260
VCT,1969,-2292
VCT,1968,-2258
VCT,1967,-2178
VCT,1966,-2090
VCT,1965,-2009
VCT,1964,-1931
VCT,1963,-1833
VCT,1962,-1749
VCT,1961,-1647
VCT,1960,-1476
SDN,2025,291469
SDN,2024,-544257
SDN,2023,-1349998
SDN,2022,-26668
SDN,2021,31664
SDN,2020,-65933
SDN,2019,-39491
SDN,2018,125499
SDN,2017,441623
SDN,2016,84728
SDN,2015,66476
SDN,2014,92504
SDN,2013,-194001
SDN,2012,-232196
SDN,2011,-347024
SDN,2010,-339466
SDN,2009,-80159
SDN,2008,-73188
SDN,2007,-201769
SDN,2006,-211387
SDN,2005,-199378
SDN,2004,-185392
SDN,2003,-281001
SDN,2002,-180603
SDN,2001,-173745
SDN,2000,-165030
SDN,1999,-157090
SDN,1998,-150271
SDN,1997,-148368
SDN,1996,-310221
SDN,1995,-144670
SDN,1994,-144324
SDN,1993,-166861
SDN,1992,-271093
SDN,1991,-261341
SDN,1990,-254825
SDN,1989,-241979
SDN,1988,-235213
SDN,1987,-228756
SDN,1986,-245968
SDN,1985,-222315
SDN,1984,-219755
SDN,1983,-54325
SDN,1982,124007
SDN,1981,96697
SDN,1980,208602
SDN,1979,120613
SDN,1978,177153
SDN,1977,58540
SDN,1976,22147
SDN,1975,62843
SDN,1974,6023
SDN,1973,173143
SDN,1972,2238
SDN,1971,-3577
SDN,1970,4479
SDN,1969,2476
SDN,1968,2776
SDN,1967,4508
SDN,1966,2813
SDN,1965,6367
SDN,1964,4505
SDN,1963,4263
SDN,1962,4387
SDN,1961,3904
SDN,1960,2194
SUR,2025,-967
SUR,2024,-1166
SUR,2023,-988
SUR,2022,-988
SUR,2021,-486
SUR,2020,-296
SUR,2019,191
SUR,2018,-851
SUR,2017,-935
SUR,2016,-906
SUR,2015,-967
SUR,2014,-959
SUR,2013,-968
SUR,2012,-1011
SUR,2011,-1060
SUR,2010,-1138
SUR,2009,-1204
SUR,2008,-1255
SUR,2007,-1312
SUR,2006,-1403
SUR,2005,-1534
SUR,2004,-1676
SUR,2003,2345
SUR,2002,2076
SUR,2001,1641
SUR,2000,1516
SUR,1999,1380
SUR,1998,1241
SUR,1997,1164
SUR,1996,1165
SUR,1995,1275
SUR,1994,-2713
SUR,1993,-7291
SUR,1992,-5662
SUR,1991,-6174
SUR,1990,-6471
SUR,1989,-3846
SUR,1988,-2573
SUR,1987,-5467
SUR,1986,-3920
SUR,1985,-3763
SUR,1984,-4894
SUR,1983,-6036
SUR,1982,-6566
SUR,1981,-6991
SUR,1980,-7390
SUR,1979,-11375
SUR,1978,-11389
SUR,1977,-11390
SUR,1976,-11381
SUR,1975,-11287
SUR,1974,-11061
SUR,1973,-10765
SUR,1972,-10285
SUR,1971,3552
SUR,1970,3791
SUR,1969,3575
SUR,1968,3147
SUR,1967,2637
SUR,1966,2103
SUR,1965,1657
SUR,1964,1820
SUR,1963,4181
SUR,1962,4703
SUR,1961,660
SUR,1960,544
SWE,2025,47079
SWE,2024,50115
SWE,2023,55209
SWE,2022,58955
SWE,2021,51947
SWE,2020,37302
SWE,2019,72619
SWE,2018,87517
SWE,2017,102671
SWE,2016,119234
SWE,2015,80534
SWE,2014,77654
SWE,2013,66760
SWE,2012,52879
SWE,2011,46049
SWE,2010,51175
SWE,2009,63638
SWE,2008,56452
SWE,2007,54907
SWE,2006,51675
SWE,2005,27030
SWE,2004,25842
SWE,2003,29161
SWE,2002,31364
SWE,2001,28856
SWE,2000,24900
SWE,1999,13940
SWE,1998,11325
SWE,1997,6047
SWE,1996,5773
SWE,1995,11621
SWE,1994,51545
SWE,1993,32725
SWE,1992,20507
SWE,1991,25314
SWE,1990,35668
SWE,1989,44565
SWE,1988,30064
SWE,1987,21335
SWE,1986,15211
SWE,1985,11464
SWE,1984,8668
SWE,1983,2105
SWE,1982,2524
SWE,1981,3209
SWE,1980,10040
SWE,1979,13895
SWE,1978,13807
SWE,1977,23528
SWE,1976,20324
SWE,1975,16564
SWE,1974,9217
SWE,1973,-9551
SWE,1972,-13519
SWE,1971,2334
SWE,1970,47242
SWE,1969,48824
SWE,1968,8545
SWE,1967,11075
SWE,1966,24920
SWE,1965,32444
SWE,1964,23581
SWE,1963,11009
SWE,1962,9627
SWE,1961,14401
SWE,1960,1080
CHE,2025,37253
CHE,2024,40099
CHE,2023,45098
CHE,2022,96424
CHE,2021,50665
CHE,2020,55523
CHE,2019,44517
CHE,2018,41253
CHE,2017,45658
CHE,2016,71009
CHE,2015,71876
CHE,2014,78122
CHE,2013,83823
CHE,2012,67840
CHE,2011,67194
CHE,2010,76388
CHE,2009,69324
CHE,2008,94430
CHE,2007,72475
CHE,2006,37308
CHE,2005,33203
CHE,2004,39484
CHE,2003,42567
CHE,2002,49650
CHE,2001,35420
CHE,2000,24463
CHE,1999,25599
CHE,1998,11325
CHE,1997,-1939
CHE,1996,-131
CHE,1995,25343
CHE,1994,30274
CHE,1993,40267
CHE,1992,42014
CHE,1991,69738
CHE,1990,58428
CHE,1989,34432
CHE,1988,34602
CHE,1987,27081
CHE,1986,23242
CHE,1985,14402
CHE,1984,12532
CHE,1983,5663
CHE,1982,21929
CHE,1981,24229
CHE,1980,17841
CHE,1979,4262
CHE,1978,-6552
CHE,1977,-22516
CHE,1976,-54255
CHE,1975,-58187
CHE,1974,2008
CHE,1973,8158
CHE,1972,19991
CHE,1971,2636
CHE,1970,-18326
CHE,1969,20754
CHE,1968,25828
CHE,1967,27697
CHE,1966,14979
CHE,1965,-1351
CHE,1964,21455
CHE,1963,58415
CHE,1962,82798
CHE,1961,101278
CHE,1960,22313
SYR,2025,421693
SYR,2024,546494
SYR,2023,757309
SYR,2022,735142
SYR,2021,211220
SYR,2020,269050
SYR,2019,500985
SYR,2018,514102
SYR,2017,-287501
SYR,2016,-124063
SYR,2015,-827496
SYR,2014,-1457679
SYR,2013,-2081303
SYR,2012,-999267
SYR,2011,-256888
SYR,2010,-54359
SYR,2009,-52703
SYR,2008,-402393
SYR,2007,801514
SYR,2006,682911
SYR,2005,13382
SYR,2004,10881
SYR,2003,-33920
SYR,2002,-35096
SYR,2001,-36383
SYR,2000,-34425
SYR,1999,-31394
SYR,1998,-26025
SYR,1997,-31571
SYR,1996,-30197
SYR,1995,-28122
SYR,1994,-12630
SYR,1993,-8828
SYR,1992,-4063
SYR,1991,-10154
SYR,1990,-6620
SYR,1989,-8379
SYR,1988,-8426
SYR,1987,-8335
SYR,1986,-9485
SYR,1985,-6221
SYR,1984,-5245
SYR,1983,-9729
SYR,1982,-721
SYR,1981,-24536
SYR,1980,-33114
SYR,1979,-32793
SYR,1978,-30567
SYR,1977,-28275
SYR,1976,-26268
SYR,1975,-24389
SYR,1974,-24242
SYR,1973,-17502
SYR,1972,-17610
SYR,1971,-15167
SYR,1970,-19594
SYR,1969,-18749
SYR,1968,-16968
SYR,1967,-14618
SYR,1966,-13434
SYR,1965,-12704
SYR,1964,-12044
SYR,1963,-11817
SYR,1962,-11641
SYR,1961,-11237
SYR,1960,0
TJK,2025,-21606
TJK,2024,-21236
TJK,2023,-19999
TJK,2022,-17001
TJK,2021,-3564
TJK,2020,-3564
TJK,2019,-9041
TJK,2018,-6111
TJK,2017,-4093
TJK,2016,-8210
TJK,2015,-7660
TJK,2014,-13962
TJK,2013,-16362
TJK,2012,-12132
TJK,2011,-30783
TJK,2010,-33733
TJK,2009,-36677
TJK,2008,-34855
TJK,2007,-32831
TJK,2006,-30591
TJK,2005,-27954
TJK,2004,-25082
TJK,2003,-22562
TJK,2002,-20526
TJK,2001,-19657
TJK,2000,-13871
TJK,1999,-117571
TJK,1998,-119621
TJK,1997,-110572
TJK,1996,-30922
TJK,1995,-40418
TJK,1994,-49668
TJK,1993,-75147
TJK,1992,-95280
TJK,1991,-29553
TJK,1990,-41596
TJK,1989,-53020
TJK,1988,5523
TJK,1987,9923
TJK,1986,4321
TJK,1985,247
TJK,1984,-7152
TJK,1983,-6972
TJK,1982,-6730
TJK,1981,-6221
TJK,1980,-5557
TJK,1979,-1703
TJK,1978,5006
TJK,1977,7999
TJK,1976,7679
TJK,1975,7237
TJK,1974,6531
TJK,1973,5876
TJK,1972,5123
TJK,1971,4293
TJK,1970,5559
TJK,1969,8886
TJK,1968,10323
TJK,1967,9670
TJK,1966,8796
TJK,1965,7744
TJK,1964,6568
TJK,1963,5379
TJK,1962,4270
TJK,1961,3291
TJK,1960,2457
TZA,2025,-12730
TZA,2024,-29865
TZA,2023,-39388
TZA,2022,-37557
TZA,2021,-7704
TZA,2020,-18587
TZA,2019,-63602
TZA,2018,-55444
TZA,2017,119142
TZA,2016,152194
TZA,2015,201495
TZA,2014,-21083
TZA,2013,1241
TZA,2012,-49875
TZA,2011,-84546
TZA,2010,-122020
TZA,2009,-324478
TZA,2008,-184816
TZA,2007,-126793
TZA,2006,-128231
TZA,2005,-128251
TZA,2004,-126490
TZA,2003,-127101
TZA,2002,-118047
TZA,2001,-125375
TZA,2000,-9701
TZA,1999,-4489
TZA,1998,-105184
TZA,1997,-13400
TZA,1996,-473007
TZA,1995,-109971
TZA,1994,349348
TZA,1993,288004
TZA,1992,-83825
TZA,1991,-91851
TZA,1990,-80529
TZA,1989,-71268
TZA,1988,-71012
TZA,1987,94498
TZA,1986,24101
TZA,1985,86864
TZA,1984,-26938
TZA,1983,58161
TZA,1982,-37883
TZA,1981,-42485
TZA,1980,-42588
TZA,1979,-4792
TZA,1978,27307
TZA,1977,49997
TZA,1976,54875
TZA,1975,53290
TZA,1974,51127
TZA,1973,48363
TZA,1972,57489
TZA,1971,41900
TZA,1970,38635
TZA,1969,37006
TZA,1968,34455
TZA,1967,5265
TZA,1966,5049
TZA,1965,4742
TZA,1964,9090
TZA,1963,4333
TZA,1962,3916
TZA,1961,8338
TZA,1960,1946
THA,2025,27509
THA,2024,23321
THA,2023,19648
THA,2022,21683
THA,2021,-2093
THA,2020,32277
THA,2019,5221
THA,2018,10984
THA,2017,66805
THA,2016,112978
THA,2015,32500
THA,2014,55358
THA,2013,67452
THA,2012,74033
THA,2011,66607
THA,2010,52791
THA,2009,110883
THA,2008,107333
THA,2007,100486
THA,2006,102362
THA,2005,100542
THA,2004,107199
THA,2003,105917
THA,2002,105215
THA,2001,96817
THA,2000,121640
THA,1999,173924
THA,1998,183471
THA,1997,150411
THA,1996,152397
THA,1995,147226
THA,1994,132271
THA,1993,122746
THA,1992,143318
THA,1991,124034
THA,1990,152916
THA,1989,90497
THA,1988,128469
THA,1987,122791
THA,1986,111820
THA,1985,141963
THA,1984,139345
THA,1983,143393
THA,1982,101885
THA,1981,78337
THA,1980,88478
THA,1979,85693
THA,1978,82011
THA,1977,88937
THA,1976,40656
THA,1975,66306
THA,1974,72801
THA,1973,80704
THA,1972,73082
THA,1971,43400
THA,1970,49221
THA,1969,26551
THA,1968,13718
THA,1967,17005
THA,1966,12016
THA,1965,22995
THA,1964,17249
THA,1963,16494
THA,1962,16605
THA,1961,14968
THA,1960,6886
TLS,2025,-2550
TLS,2024,-2552
TLS,2023,-5620
TLS,2022,-5519
TLS,2021,3111
TLS,2020,3793
TLS,2019,3942
TLS,2018,3062
TLS,2017,1666
TLS,2016,208
TLS,2015,-20
TLS,2014,-958
TLS,2013,-1206
TLS,2012,-609
TLS,2011,-159
TLS,2010,470
TLS,2009,117
TLS,2008,1009
TLS,2007,2103
TLS,2006,2184
TLS,2005,1759
TLS,2004,-16447
TLS,2003,-12810
TLS,2002,35935
TLS,2001,49159
TLS,2000,40272
TLS,1999,-262940
TLS,1998,1806
TLS,1997,1804
TLS,1996,1796
TLS,1995,1806
TLS,1994,1794
TLS,1993,1795
TLS,1992,1794
TLS,1991,1803
TLS,1990,-2881
TLS,1989,-2246
TLS,1988,587
TLS,1987,-106
TLS,1986,-316
TLS,1985,-495
TLS,1984,-1436
TLS,1983,-1032
TLS,1982,-1125
TLS,1981,-482
TLS,1980,5457
TLS,1979,8924
TLS,1978,10967
TLS,1977,10657
TLS,1976,9662
TLS,1975,9542
TLS,1974,-2222
TLS,1973,-278
TLS,1972,0
TLS,1971,0
TLS,1970,0
TLS,1969,0
TLS,1968,0
TLS,1967,0
TLS,1966,0
TLS,1965,0
TLS,1964,0
TLS,1963,0
TLS,1962,0
TLS,1961,0
TLS,1960,0
TGO,2025,-15010
TGO,2024,-14014
TGO,2023,-15406
TGO,2022,-65826
TGO,2021,-56991
TGO,2020,-31892
TGO,2019,-17312
TGO,2018,-43718
TGO,2017,-69512
TGO,2016,-59885
TGO,2015,-51459
TGO,2014,-43591
TGO,2013,-35346
TGO,2012,-27315
TGO,2011,-18960
TGO,2010,16265
TGO,2009,26886
TGO,2008,27362
TGO,2007,25082
TGO,2006,23346
TGO,2005,-4415
TGO,2004,-11998
TGO,2003,-4237
TGO,2002,-5939
TGO,2001,-4802
TGO,2000,-3485
TGO,1999,-2618
TGO,1998,-5394
TGO,1997,-2397
TGO,1996,69276
TGO,1995,73224
TGO,1994,132276
TGO,1993,-311917
TGO,1992,-132
TGO,1991,-72
TGO,1990,59
TGO,1989,0
TGO,1988,-29
TGO,1987,848
TGO,1986,-436
TGO,1985,7971
TGO,1984,-21949
TGO,1983,-21948
TGO,1982,-21958
TGO,1981,3519
TGO,1980,-4993
TGO,1979,-13519
TGO,1978,-19163
TGO,1977,-19856
TGO,1976,-18832
TGO,1975,-16973
TGO,1974,-14483
TGO,1973,-11555
TGO,1972,-7661
TGO,1971,482
TGO,1970,10865
TGO,1969,80000
TGO,1968,-14504
TGO,1967,-14424
TGO,1966,-14216
TGO,1965,-13915
TGO,1964,-14266
TGO,1963,-14361
TGO,1962,-15486
TGO,1961,-14858
TGO,1960,-13868
TON,2025,-2150
TON,2024,-2149
TON,2023,-2173
TON,2022,-2218
TON,2021,-2220
TON,2020,-1807
TON,2019,-1778
TON,2018,-1723
TON,2017,-1642
TON,2016,-2591
TON,2015,-2610
TON,2014,-2622
TON,2013,-2637
TON,2012,-2578
TON,2011,-2198
TON,2010,-2097
TON,2009,-2204
TON,2008,-2177
TON,2007,-2057
TON,2006,-1875
TON,2005,-1906
TON,2004,-1876
TON,2003,-1844
TON,2002,-1815
TON,2001,-1766
TON,2000,-1721
TON,1999,-1710
TON,1998,-1665
TON,1997,-1589
TON,1996,-2338
TON,1995,-2422
TON,1994,-2484
TON,1993,-2532
TON,1992,-2524
TON,1991,-2484
TON,1990,-2409
TON,1989,-2280
TON,1988,-2138
TON,1987,-1970
TON,1986,-2650
TON,1985,-2775
TON,1984,-2823
TON,1983,-2840
TON,1982,-2814
TON,1981,-2778
TON,1980,-2708
TON,1979,-2604
TON,1978,-2457
TON,1977,-2273
TON,1976,-523
TON,1975,-346
TON,1974,-344
TON,1973,-1168
TON,1972,-1153
TON,1971,-1138
TON,1970,-1122
TON,1969,-1101
TON,1968,-1078
TON,1967,-1060
TON,1966,-465
TON,1965,-426
TON,1964,-428
TON,1963,-426
TON,1962,-420
TON,1961,-401
TON,1960,-384
TTO,2025,691
TTO,2024,1334
TTO,2023,2126
TTO,2022,4247
TTO,2021,5749
TTO,2020,427
TTO,2019,-19251
TTO,2018,35502
TTO,2017,1445
TTO,2016,-86
TTO,2015,-575
TTO,2014,-799
TTO,2013,-796
TTO,2012,-880
TTO,2011,-1410
TTO,2010,-2230
TTO,2009,-3056
TTO,2008,-3624
TTO,2007,-3731
TTO,2006,-3684
TTO,2005,-3595
TTO,2004,-3504
TTO,2003,-3472
TTO,2002,-3613
TTO,2001,-4252
TTO,2000,-5185
TTO,1999,-6103
TTO,1998,-6730
TTO,1997,-6865
TTO,1996,-6827
TTO,1995,-6723
TTO,1994,-6615
TTO,1993,-6554
TTO,1992,-6650
TTO,1991,-7149
TTO,1990,-7878
TTO,1989,-8588
TTO,1988,-9023
TTO,1987,-9002
TTO,1986,-8620
TTO,1985,-8051
TTO,1984,-12413
TTO,1983,-12544
TTO,1982,-12529
TTO,1981,-12086
TTO,1980,-10709
TTO,1979,-9106
TTO,1978,-8397
TTO,1977,-8154
TTO,1976,-7895
TTO,1975,-7768
TTO,1974,-7683
TTO,1973,-7524
TTO,1972,-7346
TTO,1971,-7499
TTO,1970,-8751
TTO,1969,-8449
TTO,1968,-8647
TTO,1967,-9008
TTO,1966,-9254
TTO,1965,-9301
TTO,1964,-9193
TTO,1963,-9067
TTO,1962,-8982
TTO,1961,-8200
TTO,1960,-5671
TUN,2025,-14523
TUN,2024,-15221
TUN,2023,-14001
TUN,2022,-14001
TUN,2021,-9190
TUN,2020,-19188
TUN,2019,-19612
TUN,2018,-21012
TUN,2017,-22365
TUN,2016,-23827
TUN,2015,-25229
TUN,2014,-26586
TUN,2013,-17020
TUN,2012,-26059
TUN,2011,-21935
TUN,2010,-14168
TUN,2009,-13512
TUN,2008,-17742
TUN,2007,-21190
TUN,2006,-24098
TUN,2005,-26361
TUN,2004,-23735
TUN,2003,-12459
TUN,2002,-8334
TUN,2001,-7235
TUN,2000,-5937
TUN,1999,-3452
TUN,1998,-4111
TUN,1997,-4756
TUN,1996,-5506
TUN,1995,-8095
TUN,1994,-4271
TUN,1993,10771
TUN,1992,15124
TUN,1991,16021
TUN,1990,4183
TUN,1989,4100
TUN,1988,3934
TUN,1987,3711
TUN,1986,3464
TUN,1985,2887
TUN,1984,8109
TUN,1983,-37895
TUN,1982,-29559
TUN,1981,-24242
TUN,1980,-19321
TUN,1979,-23688
TUN,1978,-26968
TUN,1977,-13910
TUN,1976,-15499
TUN,1975,-8765
TUN,1974,-9254
TUN,1973,-9606
TUN,1972,-9790
TUN,1971,-9949
TUN,1970,-10054
TUN,1969,-10049
TUN,1968,-9848
TUN,1967,-19155
TUN,1966,-27393
TUN,1965,-49751
TUN,1964,-59602
TUN,1963,-60505
TUN,1962,-61260
TUN,1961,-61369
TUN,1960,-61334
TUR,2025,-258205
TUR,2024,-275952
TUR,2023,-318070
TUR,2022,-301544
TUR,2021,20283
TUR,2020,37934
TUR,2019,-15690
TUR,2018,187570
TUR,2017,659846
TUR,2016,352063
TUR,2015,1063140
TUR,2014,1033384
TUR,2013,438618
TUR,2012,258623
TUR,2011,68849
TUR,2010,55532
TUR,2009,24276
TUR,2008,47915
TUR,2007,-186402
TUR,2006,-190194
TUR,2005,-174177
TUR,2004,-146574
TUR,2003,-121383
TUR,2002,-129444
TUR,2001,-166759
TUR,2000,-195996
TUR,1999,-219778
TUR,1998,-231744
TUR,1997,-208465
TUR,1996,-179423
TUR,1995,-149737
TUR,1994,-37762
TUR,1993,-35245
TUR,1992,-49923
TUR,1991,-69982
TUR,1990,-27193
TUR,1989,-33519
TUR,1988,-27659
TUR,1987,-40772
TUR,1986,-29134
TUR,1985,8960
TUR,1984,21787
TUR,1983,39871
TUR,1982,23728
TUR,1981,-213889
TUR,1980,-151969
TUR,1979,-218509
TUR,1978,-182818
TUR,1977,-151825
TUR,1976,-135377
TUR,1975,-193829
TUR,1974,-153311
TUR,1973,-130985
TUR,1972,-119850
TUR,1971,-94891
TUR,1970,-150924
TUR,1969,-110578
TUR,1968,-78973
TUR,1967,-65993
TUR,1966,-50999
TUR,1965,-113911
TUR,1964,-69978
TUR,1963,-44317
TUR,1962,-34353
TUR,1961,-26187
TUR,1960,14948
TKM,2025,13268
TKM,2024,14646
TKM,2023,15005
TKM,2022,14141
TKM,2021,17617
TKM,2020,19913
TKM,2019,19735
TKM,2018,19293
TKM,2017,16678
TKM,2016,13365
TKM,2015,9936
TKM,2014,8696
TKM,2013,7287
TKM,2012,7125
TKM,2011,6992
TKM,2010,6621
TKM,2009,6656
TKM,2008,6734
TKM,2007,6388
TKM,2006,7613
TKM,2005,10263
TKM,2004,14242
TKM,2003,17625
TKM,2002,18803
TKM,2001,16982
TKM,2000,14925
TKM,1999,12859
TKM,1998,-3239
TKM,1997,-5600
TKM,1996,-8627
TKM,1995,-13423
TKM,1994,-13094
TKM,1993,-312
TKM,1992,-13517
TKM,1991,-4864
TKM,1990,-4864
TKM,1989,-3576
TKM,1988,1408
TKM,1987,3161
TKM,1986,1878
TKM,1985,1861
TKM,1984,-1427
TKM,1983,-1264
TKM,1982,-961
TKM,1981,-1102
TKM,1980,-1152
TKM,1979,-677
TKM,1978,-350
TKM,1977,-132
TKM,1976,160
TKM,1975,550
TKM,1974,924
TKM,1973,1194
TKM,1972,1293
TKM,1971,1348
TKM,1970,1376
TKM,1969,1397
TKM,1968,1401
TKM,1967,1397
TKM,1966,1377
TKM,1965,1366
TKM,1964,1340
TKM,1963,1332
TKM,1962,1337
TKM,1961,1372
TKM,1960,1421
TCA,2025,177
TCA,2024,176
TCA,2023,193
TCA,2022,193
TCA,2021,682
TCA,2020,682
TCA,2019,1359
TCA,2018,1400
TCA,2017,1421
TCA,2016,1309
TCA,2015,1658
TCA,2014,1001
TCA,2013,1333
TCA,2012,1256
TCA,2011,798
TCA,2010,863
TCA,2009,855
TCA,2008,848
TCA,2007,816
TCA,2006,797
TCA,2005,793
TCA,2004,792
TCA,2003,797
TCA,2002,792
TCA,2001,567
TCA,2000,442
TCA,1999,414
TCA,1998,409
TCA,1997,407
TCA,1996,409
TCA,1995,412
TCA,1994,417
TCA,1993,415
TCA,1992,413
TCA,1991,412
TCA,1990,309
TCA,1989,174
TCA,1988,173
TCA,1987,172
TCA,1986,180
TCA,1985,187
TCA,1984,195
TCA,1983,200
TCA,1982,210
TCA,1981,220
TCA,1980,151
TCA,1979,64
TCA,1978,74
TCA,1977,68
TCA,1976,66
TCA,1975,66
TCA,1974,65
TCA,1973,61
TCA,1972,54
TCA,1971,42
TCA,1970,-89
TCA,1969,-120
TCA,1968,-124
TCA,1967,-128
TCA,1966,-132
TCA,1965,-134
TCA,1964,-140
TCA,1963,-140
TCA,1962,-136
TCA,1961,-133
TCA,1960,-121
TUV,2025,-255
TUV,2024,-280
TUV,2023,-323
TUV,2022,-320
TUV,2021,-366
TUV,2020,-355
TUV,2019,-343
TUV,2018,-329
TUV,2017,-246
TUV,2016,-200
TUV,2015,-179
TUV,2014,-166
TUV,2013,-160
TUV,2012,1
TUV,2011,28
TUV,2010,22
TUV,2009,15
TUV,2008,10
TUV,2007,1
TUV,2006,-5
TUV,2005,-8
TUV,2004,-10
TUV,2003,-16
TUV,2002,-104
TUV,2001,-117
TUV,2000,-118
TUV,1999,-120
TUV,1998,-122
TUV,1997,-120
TUV,1996,-121
TUV,1995,-125
TUV,1994,-120
TUV,1993,-119
TUV,1992,-104
TUV,1991,-72
TUV,1990,-69
TUV,1989,-71
TUV,1988,-72
TUV,1987,-68
TUV,1986,-56
TUV,1985,-36
TUV,1984,-103
TUV,1983,-87
TUV,1982,-66
TUV,1981,-46
TUV,1980,0
TUV,1979,37
TUV,1978,119
TUV,1977,149
TUV,1976,171
TUV,1975,186
TUV,1974,197
TUV,1973,-121
TUV,1972,-102
TUV,1971,-85
TUV,1970,-71
TUV,1969,-65
TUV,1968,-127
TUV,1967,-123
TUV,1966,-121
TUV,1965,-128
TUV,1964,-135
TUV,1963,-52
TUV,1962,-61
TUV,1961,-77
TUV,1960,-79
UGA,2025,-119059
UGA,2024,-117924
UGA,2023,-126181
UGA,2022,-118843
UGA,2021,43464
UGA,2020,43464
UGA,2019,107210
UGA,2018,60724
UGA,2017,92879
UGA,2016,123379
UGA,2015,-62366
UGA,2014,-92273
UGA,2013,-176579
UGA,2012,-175936
UGA,2011,-173005
UGA,2010,-168322
UGA,2009,-164553
UGA,2008,-158790
UGA,2007,-154773
UGA,2006,-156232
UGA,2005,-151386
UGA,2004,-138770
UGA,2003,-96429
UGA,2002,-35149
UGA,2001,-95956
UGA,2000,-52824
UGA,1999,-39695
UGA,1998,6277
UGA,1997,-155461
UGA,1996,-22795
UGA,1995,-242378
UGA,1994,-16198
UGA,1993,18349
UGA,1992,24723
UGA,1991,3643
UGA,1990,-21688
UGA,1989,-12576
UGA,1988,-20113
UGA,1987,-22415
UGA,1986,-19485
UGA,1985,-42942
UGA,1984,-8818
UGA,1983,-45776
UGA,1982,-53497
UGA,1981,-83010
UGA,1980,-105900
UGA,1979,-98863
UGA,1978,-34606
UGA,1977,-37671
UGA,1976,-42259
UGA,1975,-47359
UGA,1974,-51910
UGA,1973,-73439
UGA,1972,-86409
UGA,1971,-42642
UGA,1970,-25646
UGA,1969,-14548
UGA,1968,-3214
UGA,1967,-3773
UGA,1966,-3021
UGA,1965,-3716
UGA,1964,-3169
UGA,1963,-3058
UGA,1962,-6470
UGA,1961,-7893
UGA,1960,-7586
UKR,2025,1702358
UKR,2024,1146012
UKR,2023,-299961
UKR,2022,-5699445
UKR,2021,-1129
UKR,2020,-4167
UKR,2019,-6908
UKR,2018,-32220
UKR,2017,-36155
UKR,2016,-31340
UKR,2015,-21992
UKR,2014,-65678
UKR,2013,26781
UKR,2012,66768
UKR,2011,26457
UKR,2010,16030
UKR,2009,26796
UKR,2008,9312
UKR,2007,15237
UKR,2006,136442
UKR,2005,-111493
UKR,2004,5644
UKR,2003,18540
UKR,2002,-26991
UKR,2001,-92847
UKR,2000,-67865
UKR,1999,-59247
UKR,1998,-80684
UKR,1997,-108735
UKR,1996,-158008
UKR,1995,-134053
UKR,1994,-166380
UKR,1993,26357
UKR,1992,291788
UKR,1991,125962
UKR,1990,75760
UKR,1989,36978
UKR,1988,75637
UKR,1987,-18275
UKR,1986,-12369
UKR,1985,5546
UKR,1984,13340
UKR,1983,23608
UKR,1982,9096
UKR,1981,40807
UKR,1980,47406
UKR,1979,25635
UKR,1978,-29180
UKR,1977,-24745
UKR,1976,-8219
UKR,1975,15336
UKR,1974,31725
UKR,1973,18777
UKR,1972,56928
UKR,1971,74604
UKR,1970,-48335
UKR,1969,51763
UKR,1968,102096
UKR,1967,85527
UKR,1966,89737
UKR,1965,69354
UKR,1964,76650
UKR,1963,60178
UKR,1962,45712
UKR,1961,51625
UKR,1960,52281
ARE,2025,158634
ARE,2024,278439
ARE,2023,300004
ARE,2022,322773
ARE,2021,421663
ARE,2020,92541
ARE,2019,-125186
ARE,2018,14611
ARE,2017,34155
ARE,2016,195317
ARE,2015,342468
ARE,2014,360174
ARE,2013,279269
ARE,2012,225921
ARE,2011,215183
ARE,2010,161842
ARE,2009,163643
ARE,2008,523207
ARE,2007,722380
ARE,2006,399306
ARE,2005,174926
ARE,2004,176319
ARE,2003,177237
ARE,2002,178988
ARE,2001,178779
ARE,2000,178469
ARE,1999,180469
ARE,1998,183329
ARE,1997,183310
ARE,1996,180296
ARE,1995,68938
ARE,1994,62352
ARE,1993,65545
ARE,1992,65739
ARE,1991,66943
ARE,1990,67118
ARE,1989,68132
ARE,1988,68991
ARE,1987,69493
ARE,1986,69655
ARE,1985,37605
ARE,1984,38124
ARE,1983,38536
ARE,1982,38276
ARE,1981,37600
ARE,1980,78148
ARE,1979,82238
ARE,1978,82359
ARE,1977,81111
ARE,1976,78903
ARE,1975,42380
ARE,1974,42474
ARE,1973,42243
ARE,1972,41888
ARE,1971,41425
ARE,1970,40792
ARE,1969,39902
ARE,1968,28866
ARE,1967,-283
ARE,1966,1516
ARE,1965,2598
ARE,1964,3126
ARE,1963,3264
ARE,1962,3212
ARE,1961,3141
ARE,1960,3102
GBR,2025,389911
GBR,2024,417114
GBR,2023,445523
GBR,2022,487029
GBR,2021,462967
GBR,2020,144221
GBR,2019,232727
GBR,2018,259744
GBR,2017,272311
GBR,2016,324649
GBR,2015,347839
GBR,2014,306091
GBR,2013,237272
GBR,2012,172088
GBR,2011,228773
GBR,2010,274811
GBR,2009,249639
GBR,2008,263390
GBR,2007,309385
GBR,2006,288923
GBR,2005,308279
GBR,2004,276077
GBR,2003,211846
GBR,2002,203577
GBR,2001,175133
GBR,2000,153917
GBR,1999,152653
GBR,1998,125541
GBR,1997,59723
GBR,1996,54964
GBR,1995,61385
GBR,1994,45339
GBR,1993,27403
GBR,1992,17846
GBR,1991,27601
GBR,1990,57132
GBR,1989,49586
GBR,1988,13952
GBR,1987,8266
GBR,1986,41836
GBR,1985,83164
GBR,1984,71107
GBR,1983,27063
GBR,1982,-61152
GBR,1981,-83876
GBR,1980,-25187
GBR,1979,11255
GBR,1978,3783
GBR,1977,-21636
GBR,1976,-19135
GBR,1975,-40241
GBR,1974,-65710
GBR,1973,-33840
GBR,1972,-1406
GBR,1971,1175
GBR,1970,-15254
GBR,1969,-60655
GBR,1968,-38852
GBR,1967,-39659
GBR,1966,-27935
GBR,1965,-24955
GBR,1964,-23885
GBR,1963,8271
GBR,1962,76443
GBR,1961,52295
GBR,1960,19953
USA,2025,1230663
USA,2024,1286132
USA,2023,1322668
USA,2022,1319009
USA,2021,674787
USA,2020,329769
USA,2019,1774500
USA,2018,1764961
USA,2017,1864738
USA,2016,1889129
USA,2015,1722127
USA,2014,1672598
USA,2013,1663885
USA,2012,1632007
USA,2011,1624033
USA,2010,1594453
USA,2009,1387306
USA,2008,1416841
USA,2007,1371353
USA,2006,1347750
USA,2005,1369224
USA,2004,1313467
USA,2003,1331376
USA,2002,1336518
USA,2001,1312455
USA,2000,1248392
USA,1999,1156311
USA,1998,1225134
USA,1997,1116922
USA,1996,1141648
USA,1995,1173016
USA,1994,1179309
USA,1993,1228478
USA,1992,1304880
USA,1991,1202426
USA,1990,1084720
USA,1989,400998
USA,1988,460778
USA,1987,480815
USA,1986,493082
USA,1985,598777
USA,1984,622793
USA,1983,662840
USA,1982,600149
USA,1981,583070
USA,1980,595916
USA,1979,503559
USA,1978,556521
USA,1977,577060
USA,1976,635590
USA,1975,655078
USA,1974,706978
USA,1973,783163
USA,1972,833543
USA,1971,833549
USA,1970,744902
USA,1969,523740
USA,1968,594514
USA,1967,585410
USA,1966,637692
USA,1965,644902
USA,1964,618635
USA,1963,639495
USA,1962,625617
USA,1961,580333
USA,1960,422708
URY,2025,-1338
URY,2024,-1348
URY,2023,-1501
URY,2022,-1501
URY,2021,-1482
URY,2020,-1482
URY,2019,-2899
URY,2018,-2963
URY,2017,-3091
URY,2016,-3506
URY,2015,-4157
URY,2014,-4919
URY,2013,-5647
URY,2012,-6317
URY,2011,-6982
URY,2010,-7696
URY,2009,-8510
URY,2008,-9458
URY,2007,-10750
URY,2006,-13161
URY,2005,-16086
URY,2004,-15668
URY,2003,-17105
URY,2002,-16957
URY,2001,-14620
URY,2000,-11076
URY,1999,-7441
URY,1998,-7048
URY,1997,-6938
URY,1996,-7397
URY,1995,-8339
URY,1994,-7955
URY,1993,-7922
URY,1992,-7850
URY,1991,-7714
URY,1990,-7499
URY,1989,-7229
URY,1988,-6582
URY,1987,-6833
URY,1986,-8046
URY,1985,-8832
URY,1984,-9730
URY,1983,-10671
URY,1982,-12131
URY,1981,-13577
URY,1980,-14252
URY,1979,-14552
URY,1978,-14611
URY,1977,-14280
URY,1976,-14096
URY,1975,-14350
URY,1974,-14512
URY,1973,-14312
URY,1972,-13817
URY,1971,-13288
URY,1970,-12727
URY,1969,-11149
URY,1968,-8028
URY,1967,-5938
URY,1966,-4599
URY,1965,-3542
URY,1964,-2623
URY,1963,-1707
URY,1962,-623
URY,1961,703
URY,1960,2057
UZB,2025,-6987
UZB,2024,-7066
UZB,2023,-6004
UZB,2022,-5007
UZB,2021,-9205
UZB,2020,-9208
UZB,2019,-9341
UZB,2018,-11516
UZB,2017,-13352
UZB,2016,-14839
UZB,2015,-16545
UZB,2014,-20381
UZB,2013,-20380
UZB,2012,-20381
UZB,2011,-20380
UZB,2010,-20380
UZB,2009,-20378
UZB,2008,-24028
UZB,2007,-27013
UZB,2006,-29197
UZB,2005,-33386
UZB,2004,-38834
UZB,2003,-44092
UZB,2002,-47679
UZB,2001,-48642
UZB,2000,-66547
UZB,1999,-61955
UZB,1998,-49862
UZB,1997,-48360
UZB,1996,-50314
UZB,1995,-45876
UZB,1994,-41788
UZB,1993,-37377
UZB,1992,-33259
UZB,1991,-29064
UZB,1990,-73478
UZB,1989,-13888
UZB,1988,-473
UZB,1987,-824
UZB,1986,-802
UZB,1985,-773
UZB,1984,-752
UZB,1983,1568
UZB,1982,3897
UZB,1981,6223
UZB,1980,8540
UZB,1979,10864
UZB,1978,27783
UZB,1977,45622
UZB,1976,42094
UZB,1975,37611
UZB,1974,33600
UZB,1973,30094
UZB,1972,26748
UZB,1971,24030
UZB,1970,37324
UZB,1969,65596
UZB,1968,77914
UZB,1967,74030
UZB,1966,69537
UZB,1965,65579
UZB,1964,61512
UZB,1963,57002
UZB,1962,52532
UZB,1961,48168
UZB,1960,22039
VUT,2025,-52
VUT,2024,-43
VUT,2023,0
VUT,2022,0
VUT,2021,-201
VUT,2020,-201
VUT,2019,-652
VUT,2018,-638
VUT,2017,-610
VUT,2016,-1235
VUT,2015,-1324
VUT,2014,-1320
VUT,2013,-1343
VUT,2012,-1369
VUT,2011,-1395
VUT,2010,-1413
VUT,2009,-467
VUT,2008,-372
VUT,2007,-374
VUT,2006,-364
VUT,2005,-364
VUT,2004,-349
VUT,2003,-342
VUT,2002,-329
VUT,2001,-328
VUT,2000,-339
VUT,1999,-1090
VUT,1998,-1178
VUT,1997,-1166
VUT,1996,-1154
VUT,1995,-1140
VUT,1994,-1132
VUT,1993,-1115
VUT,1992,-1095
VUT,1991,-1078
VUT,1990,-1072
VUT,1989,-1006
VUT,1988,-959
VUT,1987,-907
VUT,1986,-938
VUT,1985,-916
VUT,1984,-907
VUT,1983,-899
VUT,1982,-897
VUT,1981,-896
VUT,1980,-896
VUT,1979,-845
VUT,1978,-15
VUT,1977,-3
VUT,1976,3
VUT,1975,-15
VUT,1974,-17
VUT,1973,-22
VUT,1972,-28
VUT,1971,-40
VUT,1970,-46
VUT,1969,-53
VUT,1968,-68
VUT,1967,0
VUT,1966,0
VUT,1965,0
VUT,1964,0
VUT,1963,0
VUT,1962,0
VUT,1961,0
VUT,1960,0
VEN,2025,-100467
VEN,2024,-105297
VEN,2023,-112899
VEN,2022,-141107
VEN,2021,-332936
VEN,2020,-524649
VEN,2019,-975534
VEN,2018,-1355602
VEN,2017,-817376
VEN,2016,-283270
VEN,2015,-77417
VEN,2014,-62437
VEN,2013,-57818
VEN,2012,-55131
VEN,2011,-54384
VEN,2010,-52781
VEN,2009,-50286
VEN,2008,-43636
VEN,2007,-36060
VEN,2006,-27240
VEN,2005,-18407
VEN,2004,-10798
VEN,2003,-5729
VEN,2002,-3944
VEN,2001,-2856
VEN,2000,-1999
VEN,1999,-1376
VEN,1998,-1010
VEN,1997,-816
VEN,1996,-708
VEN,1995,-622
VEN,1994,-559
VEN,1993,-477
VEN,1992,-381
VEN,1991,-236
VEN,1990,-69
VEN,1989,32
VEN,1988,137
VEN,1987,182
VEN,1986,201
VEN,1985,237
VEN,1984,247
VEN,1983,260
VEN,1982,260
VEN,1981,251
VEN,1980,237
VEN,1979,228
VEN,1978,205
VEN,1977,196
VEN,1976,190
VEN,1975,186
VEN,1974,173
VEN,1973,171
VEN,1972,173
VEN,1971,215
VEN,1970,305
VEN,1969,403
VEN,1968,532
VEN,1967,717
VEN,1966,1087
VEN,1965,1656
VEN,1964,2410
VEN,1963,3296
VEN,1962,4386
VEN,1961,6069
VEN,1960,8369
VNM,2025,-48171
VNM,2024,-59645
VNM,2023,-81789
VNM,2022,-78977
VNM,2021,-5418
VNM,2020,-6457
VNM,2019,-2051
VNM,2018,96650
VNM,2017,139245
VNM,2016,167652
VNM,2015,-4888
VNM,2014,-4894
VNM,2013,-4979
VNM,2012,-4851
VNM,2011,-4602
VNM,2010,-4443
VNM,2009,-18560
VNM,2008,571113
VNM,2007,523784
VNM,2006,482399
VNM,2005,-208337
VNM,2004,-220458
VNM,2003,-216062
VNM,2002,-193766
VNM,2001,-177586
VNM,2000,-144298
VNM,1999,-15010
VNM,1998,106091
VNM,1997,52382
VNM,1996,-48235
VNM,1995,-51147
VNM,1994,-53012
VNM,1993,-72931
VNM,1992,-65285
VNM,1991,-76829
VNM,1990,-57221
VNM,1989,-101113
VNM,1988,-84361
VNM,1987,-128095
VNM,1986,-164183
VNM,1985,-124910
VNM,1984,-97339
VNM,1983,-97706
VNM,1982,-110901
VNM,1981,-109259
VNM,1980,-74791
VNM,1979,-337597
VNM,1978,-6592
VNM,1977,49655
VNM,1976,-1733
VNM,1975,-2010
VNM,1974,-34940
VNM,1973,-19937
VNM,1972,-1920
VNM,1971,76961
VNM,1970,1997
VNM,1969,0
VNM,1968,1489
VNM,1967,394
VNM,1966,1769
VNM,1965,-1438
VNM,1964,-6328
VNM,1963,0
VNM,1962,0
VNM,1961,0
VNM,1960,0
VIR,2025,-357
VIR,2024,-420
VIR,2023,-444
VIR,2022,-444
VIR,2021,-214
VIR,2020,0
VIR,2019,-2743
VIR,2018,-2743
VIR,2017,-2691
VIR,2016,-2591
VIR,2015,-2432
VIR,2014,-1303
VIR,2013,-1332
VIR,2012,-1346
VIR,2011,-1358
VIR,2010,-1251
VIR,2009,-664
VIR,2008,-957
VIR,2007,-888
VIR,2006,-840
VIR,2005,-657
VIR,2004,-921
VIR,2003,-889
VIR,2002,-869
VIR,2001,-840
VIR,2000,-791
VIR,1999,-797
VIR,1998,-864
VIR,1997,-1023
VIR,1996,-941
VIR,1995,-1118
VIR,1994,-1421
VIR,1993,-1316
VIR,1992,-1209
VIR,1991,-861
VIR,1990,-891
VIR,1989,-1942
VIR,1988,-1570
VIR,1987,-1405
VIR,1986,-1196
VIR,1985,-1165
VIR,1984,-1136
VIR,1983,-1200
VIR,1982,-1065
VIR,1981,-885
VIR,1980,-388
VIR,1979,1076
VIR,1978,940
VIR,1977,1187
VIR,1976,1229
VIR,1975,1233
VIR,1974,1506
VIR,1973,1533
VIR,1972,1611
VIR,1971,1609
VIR,1970,1616
VIR,1969,502
VIR,1968,745
VIR,1967,973
VIR,1966,1449
VIR,1965,1536
VIR,1964,1932
VIR,1963,1967
VIR,1962,1922
VIR,1961,1872
VIR,1960,1348
PSE,2025,-23156
PSE,2024,-23145
PSE,2023,-24996
PSE,2022,-5006
PSE,2021,-12369
PSE,2020,-12369
PSE,2019,-24733
PSE,2018,-25141
PSE,2017,-25452
PSE,2016,-22774
PSE,2015,-22903
PSE,2014,-27077
PSE,2013,-26979
PSE,2012,-26916
PSE,2011,-26662
PSE,2010,-26351
PSE,2009,-25906
PSE,2008,-23985
PSE,2007,-20337
PSE,2006,-23445
PSE,2005,-28161
PSE,2004,-32853
PSE,2003,-35968
PSE,2002,-35038
PSE,2001,-25652
PSE,2000,-11496
PSE,1999,-13860
PSE,1998,-13146
PSE,1997,10417
PSE,1996,9810
PSE,1995,8763
PSE,1994,7434
PSE,1993,5975
PSE,1992,4411
PSE,1991,2116
PSE,1990,-476
PSE,1989,-3026
PSE,1988,-3008
PSE,1987,50702
PSE,1986,-21071
PSE,1985,-31640
PSE,1984,9108
PSE,1983,684
PSE,1982,-9799
PSE,1981,-13892
PSE,1980,-15067
PSE,1979,-16058
PSE,1978,-16654
PSE,1977,-16444
PSE,1976,-14515
PSE,1975,-11596
PSE,1974,-8670
PSE,1973,-6736
PSE,1972,-7848
PSE,1971,-17235
PSE,1970,-31405
PSE,1969,-45586
PSE,1968,-54963
PSE,1967,-55265
PSE,1966,-47780
PSE,1965,-36419
PSE,1964,-31125
PSE,1963,-21220
PSE,1962,-18971
PSE,1961,-18224
PSE,1960,-17662
YEM,2025,-16291
YEM,2024,-10482
YEM,2023,-5233
YEM,2022,-10448
YEM,2021,-81248
YEM,2020,-97982
YEM,2019,2129
YEM,2018,-26335
YEM,2017,-12086
YEM,2016,-6492
YEM,2015,-9883
YEM,2014,15764
YEM,2013,5697
YEM,2012,22349
YEM,2011,27184
YEM,2010,20269
YEM,2009,30919
YEM,2008,22621
YEM,2007,21210
YEM,2006,13940
YEM,2005,15283
YEM,2004,-62641
YEM,2003,-64737
YEM,2002,-59648
YEM,2001,-53698
YEM,2000,-47713
YEM,1999,-42731
YEM,1998,-39096
YEM,1997,-36694
YEM,1996,-35043
YEM,1995,-15485
YEM,1994,-13040
YEM,1993,-14332
YEM,1992,-14372
YEM,1991,-14964
YEM,1990,-15847
YEM,1989,-16876
YEM,1988,-17952
YEM,1987,-9097
YEM,1986,-11151
YEM,1985,-14660
YEM,1984,-19143
YEM,1983,-22152
YEM,1982,-23981
YEM,1981,-25499
YEM,1980,-26740
YEM,1979,-27090
YEM,1978,-26524
YEM,1977,-25305
YEM,1976,-23669
YEM,1975,-23192
YEM,1974,-22726
YEM,1973,-22282
YEM,1972,-21826
YEM,1971,-21386
YEM,1970,-20966
YEM,1969,-4121
YEM,1968,-4031
YEM,1967,-3959
YEM,1966,-3874
YEM,1965,-3797
YEM,1964,-3712
YEM,1963,-3640
YEM,1962,-3572
YEM,1961,-3503
YEM,1960,-3431
ZMB,2025,6562
ZMB,2024,7381
ZMB,2023,9521
ZMB,2022,-8566
ZMB,2021,8143
ZMB,2020,8156
ZMB,2019,18385
ZMB,2018,18431
ZMB,2017,25789
ZMB,2016,25860
ZMB,2015,16261
ZMB,2014,16574
ZMB,2013,15542
ZMB,2012,8958
ZMB,2011,13569
ZMB,2010,22761
ZMB,2009,44867
ZMB,2008,39249
ZMB,2007,49945
ZMB,2006,29517
ZMB,2005,35316
ZMB,2004,7819
ZMB,2003,20845
ZMB,2002,3206
ZMB,2001,23582
ZMB,2000,-4338
ZMB,1999,-16888
ZMB,1998,-26796
ZMB,1997,-26276
ZMB,1996,-38358
ZMB,1995,-45423
ZMB,1994,-45504
ZMB,1993,-47739
ZMB,1992,-43656
ZMB,1991,-44203
ZMB,1990,-38619
ZMB,1989,-36736
ZMB,1988,-31270
ZMB,1987,-26338
ZMB,1986,-16610
ZMB,1985,-18474
ZMB,1984,-18652
ZMB,1983,-11849
ZMB,1982,-3676
ZMB,1981,-16072
ZMB,1980,-24664
ZMB,1979,-29515
ZMB,1978,-30284
ZMB,1977,-30423
ZMB,1976,-30612
ZMB,1975,-30886
ZMB,1974,-31178
ZMB,1973,-31472
ZMB,1972,-31672
ZMB,1971,-31651
ZMB,1970,-31370
ZMB,1969,-11469
ZMB,1968,-5447
ZMB,1967,-5298
ZMB,1966,-5129
ZMB,1965,-5023
ZMB,1964,-4851
ZMB,1963,-4676
ZMB,1962,-4428
ZMB,1961,-4043
ZMB,1960,-3898
ZWE,2025,-54555
ZWE,2024,-60528
ZWE,2023,-97380
ZWE,2022,-102828
ZWE,2021,-74623
ZWE,2020,-89440
ZWE,2019,-103107
ZWE,2018,-117758
ZWE,2017,-128241
ZWE,2016,-140181
ZWE,2015,-162220
ZWE,2014,-177029
ZWE,2013,-176972
ZWE,2012,-177061
ZWE,2011,-108714
ZWE,2010,-108671
ZWE,2009,-108689
ZWE,2008,-113858
ZWE,2007,-118299
ZWE,2006,-57257
ZWE,2005,-134212
ZWE,2004,-127550
ZWE,2003,-96667
ZWE,2002,-101212
ZWE,2001,-139361
ZWE,2000,-165181
ZWE,1999,-86343
ZWE,1998,6645
ZWE,1997,395
ZWE,1996,978
ZWE,1995,-45428
ZWE,1994,-174723
ZWE,1993,-243947
ZWE,1992,75788
ZWE,1991,3749
ZWE,1990,4948
ZWE,1989,3736
ZWE,1988,11327
ZWE,1987,21308
ZWE,1986,6154
ZWE,1985,4718
ZWE,1984,5124
ZWE,1983,4456
ZWE,1982,32899
ZWE,1981,11523
ZWE,1980,390593
ZWE,1979,-67937
ZWE,1978,-170727
ZWE,1977,-89270
ZWE,1976,-32495
ZWE,1975,-28988
ZWE,1974,-16105
ZWE,1973,-18733
ZWE,1972,-20959
ZWE,1971,-22719
ZWE,1970,-24102
ZWE,1969,-12028
ZWE,1968,-11997
ZWE,1967,-11814
ZWE,1966,-11211
ZWE,1965,-10465
ZWE,1964,-9631
ZWE,1963,-8936
ZWE,1962,-8529
ZWE,1961,-8204
ZWE,1960,-8260
